sample_index,host_elapsed_s,pulse_fpga_time_s,group_id,pulse_id,valid,invalid_reason,baseline_pre_v,baseline_post_v,baseline_for_area_v,threshold_v,pulse_duration_s,pulse_height_v,peak_height_v,pulse_area_v_us,correction_active_v,effective_high_v,live_target_area_v_us,live_area_error_v_us,live_p_term_v_us,live_i_term_v_us,live_d_term_v_us,live_pid_latency_cycles
0,0.0042096030001630425,7264.825108376,285,0,1,none,-0.1038818359375,-0.1099853515625,-0.10693359375,-0.01904296875,4.56e-07,0.4404982182017544,0.500732421875,0.20086718750000002,-0.001953125,0.498046875,0.2,0.002728515625,0.0009990234375000001,8.789062500000001e-06,0.0,16
1,0.10148432300047716,7264.922488728,97666,0,1,none,-0.104248046875,-0.111083984375,-0.107666015625,-0.01904296875,4.56e-07,0.44365491365131576,0.49951171875,0.202306640625,-0.0064697265625,0.4935302734375,0.2,0.0018701171875,0.0012158203125,0.0005966796875,0.0,16
2,0.2014589979999073,7265.022488064,197666,0,1,none,-0.104736328125,-0.1121826171875,-0.10845947265625,-0.0203857421875,4.56e-07,0.44164824904057015,0.4991455078125,0.2013916015625,-0.005615234375,0.494384765625,0.2,0.002287109375,0.0008076171875000001,0.0011171875000000001,0.0,16
3,0.3014617349999753,7265.1224854,297664,0,1,none,-0.1082763671875,-0.111083984375,-0.10968017578125,-0.019287109375,4.64e-07,0.43867229593211204,0.505859375,0.2035439453125,-0.0103759765625,0.4896240234375,0.2,0.002017578125,0.0007490234375,0.001552734375,0.0,3
4,0.4014499969998724,7265.222485736,397665,0,1,none,-0.109130859375,-0.109619140625,-0.109375,-0.0203857421875,4.64e-07,0.43644977438038784,0.497802734375,0.2025126953125,-0.0103759765625,0.4896240234375,0.2,0.0015898437500000001,0.0004169921875,0.001921875,0.0,16
5,0.5014516450000883,7265.322487072,497667,0,1,none,-0.1083984375,-0.1114501953125,-0.10992431640625,-0.020263671875,4.64e-07,0.4355910728717672,0.5025634765625,0.2021142578125,-0.009765625,0.490234375,0.2,0.0008291015625,0.0,0.0022275390625,0.0,16
6,0.6014435549996051,7265.422485408,597666,0,1,none,-0.108154296875,-0.110107421875,-0.109130859375,-0.0198974609375,4.64e-07,0.43307389884159475,0.496826171875,0.2009462890625,-0.010986328125,0.489013671875,0.2,-0.0002275390625,-0.0002998046875,0.00248046875,0.0,16
7,0.7014463069999692,7265.522486744,697668,0,1,none,-0.1082763671875,-0.111328125,-0.10980224609375,-0.020263671875,4.64e-07,0.43238567483836204,0.4954833984375,0.200626953125,-0.0113525390625,0.4886474609375,0.2,0.001134765625,0.00053515625,0.0026904296875,0.0,16
8,0.8014530070004184,7265.62249008,797672,0,1,none,-0.1063232421875,-0.1087646484375,-0.1075439453125,-0.0185546875,4.64e-07,0.4337621228448275,0.502685546875,0.201265625,-0.0123291015625,0.4876708984375,0.2,0.0013681640625,0.000650390625,0.00286328125,0.0,16
9,0.9014589779999369,7265.722494416,897677,0,1,none,-0.106689453125,-0.1102294921875,-0.10845947265625,-0.01904296875,4.64e-07,0.4330844221443965,0.492919921875,0.200951171875,-0.0126953125,0.4873046875,0.2,0.001181640625,0.0006728515625000001,0.0030087890625,0.0,16
10,1.001457661999666,7265.822493752,997677,0,1,none,-0.1080322265625,-0.110107421875,-0.10906982421875,-0.0205078125,4.64e-07,0.4336821457435344,0.5028076171875,0.201228515625,-0.0120849609375,0.4879150390625,0.2,8.789062500000001e-06,0.00030078125,0.0031240234375000003,0.0,16
11,1.1014573000002201,7265.922493088,1097677,0,1,none,-0.1072998046875,-0.1087646484375,-0.1080322265625,-0.0198974609375,4.64e-07,0.43109551791487066,0.499267578125,0.2000283203125,-0.0120849609375,0.4879150390625,0.2,0.0007919921875,0.0,0.003212890625,0.0,16
12,1.2014495909998004,7266.022496424,1197681,0,1,none,-0.1055908203125,-0.1099853515625,-0.1077880859375,-0.0186767578125,4.64e-07,0.43169324151400856,0.493408203125,0.2003056640625,-0.0123291015625,0.4876708984375,0.2,0.0011083984375,0.0006787109375000001,0.0032939453125,0.0,16
13,1.3014552590002495,7266.122498752,1297684,0,1,none,-0.1068115234375,-0.110595703125,-0.10870361328125,-0.0201416015625,4.56e-07,0.43800969709429827,0.4970703125,0.199732421875,-0.012939453125,0.487060546875,0.2,0.000568359375,0.0,0.0033837890625,0.0,3
14,1.4014665249997051,7266.222508096,1397694,0,1,none,-0.1055908203125,-0.1102294921875,-0.10791015625,-0.0194091796875,4.64e-07,0.43358743601831895,0.49755859375,0.2011845703125,-0.0130615234375,0.4869384765625,0.2,0.0012822265625,0.0004287109375,0.0034921875,0.0,16
15,1.5014515439997922,7266.322496424,1497683,0,1,none,-0.105712890625,-0.1119384765625,-0.10882568359375,-0.0196533203125,4.56e-07,0.43867144668311403,0.49658203125,0.2000341796875,-0.0142822265625,0.4857177734375,0.2,0.0005888671875,0.0,0.0036123046875000003,0.0,16
16,1.60144740800024,7266.42249676,1597684,0,1,none,-0.105712890625,-0.1099853515625,-0.10784912109375,-0.0196533203125,4.56e-07,0.43990499931469296,0.4996337890625,0.2005966796875,-0.0120849609375,0.4879150390625,0.2,0.000416015625,0.0002685546875,0.003716796875,0.0,16
17,1.7014534959998855,7266.522505096,1697693,0,1,none,-0.10400390625,-0.1114501953125,-0.10772705078125,-0.018310546875,4.56e-07,0.4377612733004385,0.49853515625,0.199619140625,-0.01220703125,0.48779296875,0.2,4.39453125e-05,0.0,0.0038037109375,0.0,16
18,1.8014474970004812,7266.622498432,1797687,0,1,none,-0.10595703125,-0.111572265625,-0.1087646484375,-0.0205078125,4.56e-07,0.4401512815241228,0.4951171875,0.200708984375,-0.0126953125,0.4873046875,0.2,4.4921875e-05,0.0,0.00389453125,0.0,3
19,1.901455242999873,7266.722502768,1897692,0,1,none,-0.10546875,-0.1116943359375,-0.10858154296875,-0.020263671875,4.56e-07,0.4372580009594298,0.4981689453125,0.1993896484375,-0.0147705078125,0.4852294921875,0.2,0.0014921875,0.0,0.0039892578125,0.0,16
20,2.0014371269999174,7266.822499104,1997689,0,1,none,-0.1026611328125,-0.1094970703125,-0.1060791015625,-0.0179443359375,4.56e-07,0.43943599232456143,0.4971923828125,0.2003828125,-0.015869140625,0.484130859375,0.2,-0.0003466796875,0.0,0.0040908203125,0.0,16
21,2.1014421890004087,7266.92250244,2097693,0,1,none,-0.109130859375,-0.110107421875,-0.109619140625,-0.02099609375,4.64e-07,0.4333790746228448,0.495849609375,0.20108789062500002,-0.0159912109375,0.4840087890625,0.2,0.0004384765625,0.0,0.0041953125,0.0,3
22,2.2014481090000118,7267.022503776,2197695,0,1,none,-0.1099853515625,-0.110595703125,-0.11029052734375,-0.021728515625,4.64e-07,0.4317900558997844,0.4959716796875,0.2003505859375,-0.0167236328125,0.4832763671875,0.2,-0.000509765625,0.0,0.0042900390625,0.0,3
23,2.301458408999679,7267.122507112,2297699,0,1,none,-0.1064453125,-0.1104736328125,-0.10845947265625,-0.017822265625,4.64e-07,0.43308652680495685,0.5003662109375,0.2009521484375,-0.016845703125,0.483154296875,0.2,-0.000236328125,0.00026171875,0.0043818359375,0.0,16
24,2.401450985000338,7267.222508448,2397701,0,1,none,-0.107666015625,-0.109619140625,-0.108642578125,-0.01953125,4.64e-07,0.4338652512122845,0.501708984375,0.2013134765625,-0.0186767578125,0.4813232421875,0.2,-0.0001845703125,0.0,0.0044687500000000005,0.0,16
25,2.5014437469999393,7267.322506784,2497700,0,1,none,-0.106689453125,-0.1083984375,-0.1075439453125,-0.01806640625,4.64e-07,0.43196053340517243,0.4971923828125,0.2004296875,-0.0172119140625,0.4827880859375,0.2,0.0001552734375,-0.0002626953125,0.00455078125,0.0,16
26,2.6014505490002193,7267.42251412,2597708,0,1,none,-0.10791015625,-0.1102294921875,-0.10906982421875,-0.020263671875,4.64e-07,0.43298760775862066,0.4991455078125,0.20090625,-0.017822265625,0.482177734375,0.2,0.0007802734375,0.0005849609375,0.0046259765625,0.0,16
27,2.701457051000034,7267.522512456,2697707,0,1,none,-0.1083984375,-0.1107177734375,-0.10955810546875,-0.0208740234375,4.64e-07,0.4326592807112069,0.49755859375,0.20075390625,-0.017333984375,0.482666015625,0.2,0.0011230468750000001,0.0,0.0046953125,0.0,3
28,2.8014531039998474,7267.622509792,2797705,0,1,none,-0.10693359375,-0.1103515625,-0.108642578125,-0.01904296875,4.64e-07,0.4335516567887931,0.502685546875,0.20116796875,-0.01806640625,0.48193359375,0.2,0.00099609375,0.0,0.00475390625,0.0,16
29,2.9014508760001263,7267.722514128,2897710,0,1,none,-0.10595703125,-0.108642578125,-0.1072998046875,-0.018798828125,4.64e-07,0.4318637190193966,0.49658203125,0.20038476562500002,-0.0184326171875,0.4815673828125,0.2,0.0005341796875,0.0,0.0048095703125,0.0,16
30,3.001452698000321,7267.822516464,2997713,0,1,none,-0.1075439453125,-0.1107177734375,-0.109130859375,-0.0198974609375,4.64e-07,0.4302473397090517,0.4927978515625,0.19963476562500002,-0.0185546875,0.4814453125,0.2,0.0009931640625000001,0.00033203125,0.004861328125,0.0,3
31,3.1014482350001344,7267.9225138,3097711,0,1,none,-0.1070556640625,-0.109619140625,-0.10833740234375,-0.0201416015625,4.64e-07,0.43061986462823276,0.4940185546875,0.1998076171875,-0.0181884765625,0.4818115234375,0.2,0.000701171875,0.0,0.0049091796875,0.0,3
32,3.201442745999884,7268.022515136,3197713,0,1,none,-0.106201171875,-0.1099853515625,-0.10809326171875,-0.01904296875,4.64e-07,0.43159221780711204,0.4971923828125,0.2002587890625,-0.0184326171875,0.4815673828125,0.2,0.000603515625,0.0,0.0049541015625,0.0,16
33,3.3014551850001226,7268.122521472,3297720,0,1,none,-0.1060791015625,-0.1094970703125,-0.1077880859375,-0.01904296875,4.64e-07,0.4322488719019396,0.4920654296875,0.2005634765625,-0.018310546875,0.481689453125,0.2,0.000599609375,0.0005712890625,0.0049990234375,0.0,3
34,3.401452201000211,7268.2225168,3397716,0,1,none,-0.1068115234375,-0.111572265625,-0.10919189453125,-0.0205078125,4.56e-07,0.43822171395285087,0.4998779296875,0.1998291015625,-0.0185546875,0.4814453125,0.2,0.0006201171875,0.0002666015625,0.0050361328125,0.0,3
35,3.501450945000215,7268.322520136,3497720,0,1,none,-0.1065673828125,-0.111328125,-0.10894775390625,-0.02001953125,4.56e-07,0.43851511101973684,0.50048828125,0.199962890625,-0.01904296875,0.48095703125,0.2,2.9296875e-06,0.0,0.00507421875,0.0,3
36,3.6014431370003877,7268.422518472,3597719,0,1,none,-0.10693359375,-0.1107177734375,-0.10882568359375,-0.0208740234375,4.56e-07,0.43741005345394735,0.498291015625,0.199458984375,-0.0169677734375,0.4830322265625,0.2,-0.0003662109375,0.0,0.0051044921875,0.0,3
37,3.7014516549998007,7268.522526808,3697728,0,1,none,-0.1058349609375,-0.11083984375,-0.10833740234375,-0.0201416015625,4.56e-07,0.4397400973135965,0.4942626953125,0.200521484375,-0.0164794921875,0.4835205078125,0.2,0.0004482421875,0.0,0.0051328125,0.0,3
38,3.8014567319996786,7268.622523144,3797725,0,1,none,-0.1029052734375,-0.111572265625,-0.10723876953125,-0.0174560546875,4.56e-07,0.4375171326754385,0.4910888671875,0.1995078125,-0.0167236328125,0.4832763671875,0.2,-0.0006064453125,0.0,0.0051542968750000005,0.0,3
39,3.9014697290003824,7268.72253448,3897737,0,1,none,-0.104736328125,-0.1119384765625,-0.10833740234375,-0.0196533203125,4.56e-07,0.4376027960526316,0.498291015625,0.199546875,-0.01953125,0.48046875,0.2,0.000291015625,0.0,0.00516796875,0.0,3
40,4.001460250000491,7268.822528816,3997732,0,1,none,-0.1033935546875,-0.109619140625,-0.10650634765625,-0.018310546875,4.56e-07,0.43681255139802627,0.4930419921875,0.1991865234375,-0.01708984375,0.48291015625,0.2,-0.0010986328125,0.0,0.0051728515625,0.0,16
41,4.101456528000199,7268.922526152,4097730,0,1,none,-0.1026611328125,-0.111328125,-0.10699462890625,-0.0174560546875,4.56e-07,0.43800541392543857,0.4937744140625,0.19973046875,-0.0169677734375,0.4830322265625,0.2,-0.0002041015625,0.0,0.0051728515625,0.0,16
42,4.201443572000244,7269.022526488,4197731,0,1,none,-0.1085205078125,-0.10888671875,-0.10870361328125,-0.0196533203125,4.64e-07,0.43126178609913796,0.504638671875,0.20010546875000002,-0.0205078125,0.4794921875,0.2,-0.000853515625,0.0,0.005166015625,0.0,16
43,4.301446800999656,7269.122525824,4297731,0,1,none,-0.1082763671875,-0.1092529296875,-0.1087646484375,-0.0201416015625,4.64e-07,0.43105132004310337,0.4964599609375,0.2000078125,-0.0194091796875,0.4805908203125,0.2,-0.000619140625,-0.00034277343750000003,0.0051474609375,0.0,3
44,4.401456210000106,7269.22252916,4397735,0,1,none,-0.1080322265625,-0.1094970703125,-0.1087646484375,-0.0196533203125,4.64e-07,0.4317900558997844,0.4996337890625,0.2003505859375,-0.019287109375,0.480712890625,0.2,-0.00046582031250000003,-0.00033593750000000003,0.00512109375,0.0,3
45,4.501455343999623,7269.322531496,4497738,0,1,none,-0.109619140625,-0.1109619140625,-0.11029052734375,-0.021240234375,4.64e-07,0.43267822265625,0.499267578125,0.20076269531250002,-0.0189208984375,0.4810791015625,0.2,-0.001173828125,-0.0002734375,0.0050869140625000005,0.0,3
46,4.601451751000241,7269.422532832,4597740,0,1,none,-0.1087646484375,-0.10791015625,-0.10833740234375,-0.0208740234375,4.64e-07,0.43031679350754304,0.4990234375,0.1996669921875,-0.0185546875,0.4814453125,0.2,-0.001578125,0.0,0.0050498046875,0.0,3
47,4.701449535000393,7269.522531168,4697739,0,1,none,-0.1083984375,-0.1094970703125,-0.10894775390625,-0.0203857421875,4.64e-07,0.43159011314655166,0.4949951171875,0.2002578125,-0.01611328125,0.48388671875,0.2,-4.00390625e-05,0.0,0.005009765625,0.0,3
48,4.801462153999637,7269.622535504,4797744,0,1,none,-0.107666015625,-0.111083984375,-0.109375,-0.019287109375,4.64e-07,0.4292560445851293,0.4945068359375,0.1991748046875,-0.0159912109375,0.4840087890625,0.2,-9.1796875e-05,0.0,0.004966796875,0.0,3
49,4.901461866999853,7269.72254084,4897750,0,1,none,-0.1075439453125,-0.1099853515625,-0.1087646484375,-0.02001953125,4.64e-07,0.4318931842672413,0.49853515625,0.2003984375,-0.01806640625,0.48193359375,0.2,0.0004384765625,0.0,0.0049179687500000005,0.0,3
50,5.001449678999961,7269.822533176,4997743,0,1,none,-0.1063232421875,-0.1104736328125,-0.1083984375,-0.01904296875,4.64e-07,0.4312702047413793,0.4970703125,0.200109375,-0.01806640625,0.48193359375,0.2,-0.0004697265625,0.0004541015625,0.00487109375,0.0,3
51,5.10162073399988,7269.922597512,5097808,0,1,none,-0.10693359375,-0.1107177734375,-0.10882568359375,-0.019775390625,4.64e-07,0.4310765759698275,0.4940185546875,0.20001953125,-0.015869140625,0.484130859375,0.2,-2.24609375e-05,0.0,0.0048271484375000005,0.0,3
52,5.201526933999958,7270.022560848,5197772,0,1,none,-0.1072998046875,-0.1109619140625,-0.109130859375,-0.0208740234375,4.64e-07,0.4324298727101293,0.5001220703125,0.2006474609375,-0.0152587890625,0.4847412109375,0.2,0.0001123046875,0.0,0.004787109375,0.0,3
53,5.301475809000294,7270.122549176,5297761,0,1,none,-0.1063232421875,-0.111328125,-0.10882568359375,-0.02001953125,4.56e-07,0.4373543722587719,0.4976806640625,0.19943359375,-0.0155029296875,0.4844970703125,0.2,7.91015625e-05,0.0,0.00475390625,0.0,3
54,5.401466516000255,7270.222542512,5397755,0,1,none,-0.1051025390625,-0.112060546875,-0.10858154296875,-0.0189208984375,4.56e-07,0.43826240405701755,0.4952392578125,0.19984765625,-0.0150146484375,0.4849853515625,0.2,-0.000240234375,0.0002744140625,0.00472265625,0.0,3
55,5.5014526599998135,7270.322543848,5497757,0,1,none,-0.105224609375,-0.1099853515625,-0.10760498046875,-0.019775390625,4.56e-07,0.43838661595394735,0.4951171875,0.199904296875,-0.0155029296875,0.4844970703125,0.2,-3.61328125e-05,0.0,0.0046923828125,0.0,16
56,5.601449927999965,7270.422541184,5597755,0,1,none,-0.1036376953125,-0.1094970703125,-0.1065673828125,-0.0179443359375,4.56e-07,0.43701386033442985,0.4903564453125,0.1992783203125,-0.0152587890625,0.4847412109375,0.2,6.25e-05,0.0,0.0046669921875,0.0,3
57,5.7014620789996115,7270.52254952,5697764,0,1,none,-0.10400390625,-0.1102294921875,-0.10711669921875,-0.0185546875,4.56e-07,0.4366412246436403,0.491943359375,0.1991083984375,-0.0150146484375,0.4849853515625,0.2,-0.0007353515625,0.0,0.004646484375,0.0,16
58,5.801452329999847,7270.622544856,5797760,0,1,none,-0.10498046875,-0.1099853515625,-0.10748291015625,-0.0201416015625,4.56e-07,0.436962462308114,0.4957275390625,0.1992548828125,-0.0147705078125,0.4852294921875,0.2,-0.000740234375,0.0,0.0046328125,0.0,3
59,5.901447420000295,7270.722545192,5897761,0,1,none,-0.1041259765625,-0.1099853515625,-0.1070556640625,-0.0196533203125,4.56e-07,0.4348165947094298,0.4942626953125,0.1982763671875,-0.018310546875,0.481689453125,0.2,-0.0005703125,0.0,0.00462890625,0.0,16
60,6.001449694999792,7270.822545528,5997762,0,1,none,-0.1082763671875,-0.1114501953125,-0.10986328125,-0.0196533203125,4.64e-07,0.4323099070581896,0.4998779296875,0.200591796875,-0.01708984375,0.48291015625,0.2,-0.00044921875,-0.00028125000000000003,0.0046357421875,0.0,3
61,6.10146188500039,7270.922562864,6097780,0,1,none,-0.1077880859375,-0.109130859375,-0.10845947265625,-0.01904296875,4.64e-07,0.43151855468749994,0.49560546875,0.200224609375,-0.01708984375,0.48291015625,0.2,-0.000265625,-0.00034375,0.0046552734375,0.0,16
62,6.2014588530000765,7271.0225542,6197772,0,1,none,-0.10888671875,-0.109375,-0.109130859375,-0.020263671875,4.64e-07,0.43309494544719823,0.49853515625,0.2009560546875,-0.0177001953125,0.4822998046875,0.2,-0.0005556640625000001,0.000896484375,0.0046787109375,0.0,3
63,6.301451219000228,7271.122552536,6297771,0,1,none,-0.108642578125,-0.1092529296875,-0.10894775390625,-0.020263671875,4.64e-07,0.4318553003771551,0.4993896484375,0.200380859375,-0.0177001953125,0.4822998046875,0.2,-0.0013916015625,0.0,0.004701171875,0.0,16
64,6.401451282999915,7271.222549872,6397769,0,1,none,-0.1083984375,-0.10986328125,-0.109130859375,-0.0206298828125,4.64e-07,0.43192685883620685,0.5013427734375,0.20041406250000002,-0.017333984375,0.482666015625,0.2,0.0008212890625,0.0,0.00471875,0.0,3
65,6.501454148999983,7271.322555208,6497775,0,1,none,-0.1082763671875,-0.1099853515625,-0.109130859375,-0.0203857421875,4.64e-07,0.4315543339170258,0.4964599609375,0.2002412109375,-0.0174560546875,0.4825439453125,0.2,0.0003115234375,0.0,0.0047294921875,0.0,3
66,6.60144383900024,7271.422553544,6597774,0,1,none,-0.108154296875,-0.109375,-0.1087646484375,-0.0211181640625,4.64e-07,0.4320152545797413,0.49560546875,0.200455078125,-0.015625,0.484375,0.2,0.0003935546875,0.0,0.0047353515625,0.0,3
67,6.701444481999715,7271.52255288,6697774,0,1,none,-0.1077880859375,-0.1083984375,-0.10809326171875,-0.020751953125,4.64e-07,0.4302936422413793,0.4991455078125,0.19965625,-0.015625,0.484375,0.2,0.00065234375,0.00044921875,0.0047373046875,0.0,3
68,6.801456357000461,7271.622556208,6797778,0,1,none,-0.1053466796875,-0.110107421875,-0.10772705078125,-0.0186767578125,4.56e-07,0.4371723375822368,0.4957275390625,0.1993505859375,-0.0147705078125,0.4852294921875,0.2,0.0005322265625,0.0,0.0047353515625,0.0,3
69,6.9014575520004655,7271.722558544,6897781,0,1,none,-0.1058349609375,-0.1103515625,-0.10809326171875,-0.019775390625,4.56e-07,0.43671832168311403,0.4991455078125,0.1991435546875,-0.015625,0.484375,0.2,-0.0003046875,-0.00027734375000000003,0.0047353515625,0.0,3
70,7.0014506919997075,7271.82255688,6997780,0,1,none,-0.1068115234375,-0.110107421875,-0.10845947265625,-0.0208740234375,4.56e-07,0.4386414645010965,0.495849609375,0.2000205078125,-0.0155029296875,0.4844970703125,0.2,-0.00040625000000000004,0.0,0.0047333984375,0.0,16
71,7.101445962000071,7271.922559216,7097783,0,1,none,-0.1031494140625,-0.1099853515625,-0.1065673828125,-0.018310546875,4.56e-07,0.4366861979166667,0.4945068359375,0.19912890625000002,-0.015380859375,0.484619140625,0.2,-0.0006718750000000001,0.0,0.004724609375,0.0,3
72,7.2014494189998,7272.022558552,7197783,0,1,none,-0.104248046875,-0.111572265625,-0.10791015625,-0.019775390625,4.56e-07,0.4369646038925439,0.4920654296875,0.199255859375,-0.0152587890625,0.4847412109375,0.2,-2.44140625e-05,0.0,0.0047138671875,0.0,16
73,7.301453203000165,7272.122558888,7297784,0,1,none,-0.109375,-0.111083984375,-0.1102294921875,-0.0206298828125,4.64e-07,0.432568780307112,0.49853515625,0.2007119140625,-0.01513671875,0.48486328125,0.2,-0.000537109375,0.0,0.0047021484375,0.0,3
74,7.401456693,7272.222563224,7397789,0,1,none,-0.1092529296875,-0.111328125,-0.11029052734375,-0.0206298828125,4.64e-07,0.43073772561961204,0.4930419921875,0.1998623046875,-0.0189208984375,0.4810791015625,0.2,-0.00034277343750000003,0.0,0.0046875,0.0,3
75,7.501445939000405,7272.32256556,7497792,0,1,none,-0.1085205078125,-0.1085205078125,-0.1085205078125,-0.019775390625,4.64e-07,0.4307082603717672,0.502685546875,0.1998486328125,-0.0181884765625,0.4818115234375,0.2,-0.0010546875,-0.0005507812500000001,0.004671875,0.0,3
76,7.601448735999838,7272.422563896,7597791,0,1,none,-0.107177734375,-0.1112060546875,-0.10919189453125,-0.01953125,4.64e-07,0.4316658809267241,0.5028076171875,0.20029296875,-0.017333984375,0.482666015625,0.2,0.0001669921875,0.0,0.004662109375,0.0,3
77,7.7014605630001824,7272.522572232,7697800,0,1,none,-0.107177734375,-0.1099853515625,-0.10858154296875,-0.0194091796875,4.64e-07,0.4314932987607758,0.4964599609375,0.200212890625,-0.0172119140625,0.4827880859375,0.2,6.54296875e-05,0.0,0.0046533203125,0.0,3
78,7.801459526000144,7272.622572568,7797801,0,1,none,-0.1072998046875,-0.1107177734375,-0.1090087890625,-0.0201416015625,4.64e-07,0.4329560378502154,0.5023193359375,0.2008916015625,-0.017333984375,0.482666015625,0.2,0.0003857421875,0.0,0.0046416015625,0.0,3
79,7.9014496540003165,7272.722567904,7897797,0,1,none,-0.1082763671875,-0.1097412109375,-0.1090087890625,-0.02099609375,4.64e-07,0.43128704202586204,0.49609375,0.20011718750000002,-0.0172119140625,0.4827880859375,0.2,0.0001103515625,0.0,0.0046279296875,0.0,3
80,8.001448343999982,7272.822566232,7997796,0,1,none,-0.1044921875,-0.111328125,-0.10791015625,-0.01806640625,4.56e-07,0.4383052357456141,0.490966796875,0.19986718750000002,-0.0150146484375,0.4849853515625,0.2,0.0001240234375,0.0,0.0046123046875,0.0,3
81,8.10145639700022,7272.922571568,8097802,0,1,none,-0.10498046875,-0.109619140625,-0.1072998046875,-0.0186767578125,4.56e-07,0.43693033854166663,0.4945068359375,0.199240234375,-0.014892578125,0.485107421875,0.2,0.00038671875,-0.0003125,0.00459765625,0.0,16
82,8.201456026000415,7273.022570904,8197802,0,1,none,-0.1044921875,-0.111572265625,-0.1080322265625,-0.0191650390625,4.56e-07,0.4370588336074561,0.4879150390625,0.199298828125,-0.0150146484375,0.4849853515625,0.2,-0.0007333984375,0.0,0.004583984375,0.0,16
83,8.301447210000333,7273.12257224,8297804,0,1,none,-0.103271484375,-0.109619140625,-0.1064453125,-0.0184326171875,4.56e-07,0.4367076137609649,0.4959716796875,0.199138671875,-0.014892578125,0.485107421875,0.2,-0.000494140625,-0.0003515625,0.0045693359375,0.0,3
84,8.401448458999766,7273.222572576,8397805,0,1,none,-0.1053466796875,-0.1109619140625,-0.108154296875,-0.0203857421875,4.56e-07,0.4352491947642544,0.496826171875,0.1984736328125,-0.013916015625,0.486083984375,0.2,-0.0002197265625,-0.00046875,0.0045576171875,0.0,16
85,8.501453101000152,7273.322579912,8497813,0,1,none,-0.1097412109375,-0.1112060546875,-0.1104736328125,-0.0208740234375,4.64e-07,0.4314827754579741,0.4932861328125,0.2002080078125,-0.017333984375,0.482666015625,0.2,-0.0007744140625,0.0,0.0045517578125000005,0.0,16
86,8.601444549000007,7273.422574248,8597808,0,1,none,-0.1090087890625,-0.1104736328125,-0.1097412109375,-0.020751953125,4.64e-07,0.4316090550915948,0.50048828125,0.2002666015625,-0.016845703125,0.483154296875,0.2,-0.0004091796875,0.0004326171875,0.004546875,0.0,16
87,8.70145746199978,7273.522579584,8697814,0,1,none,-0.108154296875,-0.1102294921875,-0.10919189453125,-0.0206298828125,4.64e-07,0.4318637190193966,0.496337890625,0.20038476562500002,-0.0146484375,0.4853515625,0.2,0.000525390625,0.0,0.00454296875,0.0,3
88,8.80146480700023,7273.62258092,8797816,0,1,none,-0.107421875,-0.10986328125,-0.108642578125,-0.020263671875,4.64e-07,0.4312765187230603,0.49609375,0.2001123046875,-0.0169677734375,0.4830322265625,0.2,-9.765625e-07,0.0,0.0045419921875,0.0,3
89,8.901464630999726,7273.722586256,8897822,0,1,none,-0.1063232421875,-0.110595703125,-0.10845947265625,-0.018798828125,4.64e-07,0.43049779431573276,0.4989013671875,0.19975097656250002,-0.017333984375,0.482666015625,0.2,0.00022265625,0.000244140625,0.0045439453125000005,0.0,3
90,9.001459295000132,7273.822585584,8997822,0,1,none,-0.1060791015625,-0.110595703125,-0.10833740234375,-0.01953125,4.56e-07,0.4388898882949561,0.49609375,0.2001337890625,-0.0145263671875,0.4854736328125,0.2,3.61328125e-05,0.0,0.004546875,0.0,16
91,9.10144998099986,7273.92258192,9097819,0,1,none,-0.1060791015625,-0.1112060546875,-0.108642578125,-0.0198974609375,4.56e-07,0.4377784059758772,0.49169921875,0.199626953125,-0.0145263671875,0.4854736328125,0.2,0.0001748046875,0.0,0.0045517578125000005,0.0,3
92,9.201452528999653,7274.022582256,9197820,0,1,none,-0.106201171875,-0.111328125,-0.1087646484375,-0.020263671875,4.56e-07,0.43716377124451755,0.490234375,0.1993466796875,-0.0146484375,0.4853515625,0.2,0.0003154296875,-0.0003193359375,0.004560546875,0.0,3
93,9.301456604000123,7274.122584592,9297823,0,1,none,-0.103759765625,-0.1094970703125,-0.10662841796875,-0.01904296875,4.56e-07,0.43616150973135964,0.4927978515625,0.1988896484375,-0.014892578125,0.485107421875,0.2,-0.0004697265625,0.0,0.0045732421875,0.0,3
94,9.40144704100021,7274.222583928,9397823,0,1,none,-0.109375,-0.111083984375,-0.1102294921875,-0.0208740234375,4.64e-07,0.4318068931842672,0.4951171875,0.2003583984375,-0.0181884765625,0.4818115234375,0.2,-0.0007949218750000001,0.0,0.004591796875,0.0,16
95,9.501443635999749,7274.322585264,9497825,0,1,none,-0.107666015625,-0.110595703125,-0.109130859375,-0.019287109375,4.64e-07,0.43315177128232757,0.49365234375,0.200982421875,-0.0169677734375,0.4830322265625,0.2,0.00025,0.000484375,0.00461328125,0.0,16
96,9.60145146099967,7274.4225886,9597829,0,1,none,-0.1080322265625,-0.1109619140625,-0.1094970703125,-0.02001953125,4.64e-07,0.43212048760775856,0.5008544921875,0.20050390625,-0.0169677734375,0.4830322265625,0.2,0.001462890625,0.0,0.0046357421875,0.0,3
97,9.701452692000203,7274.522591936,9697833,0,1,none,-0.1080322265625,-0.1099853515625,-0.1090087890625,-0.0203857421875,4.64e-07,0.43083454000538796,0.4951171875,0.1999072265625,-0.0172119140625,0.4827880859375,0.2,0.000748046875,0.00025390625,0.0046640625,0.0,3
98,9.801452347999657,7274.622591272,9797833,0,1,none,-0.109375,-0.109619140625,-0.1094970703125,-0.022216796875,4.64e-07,0.430975552262931,0.4970703125,0.19997265625,-0.0177001953125,0.4822998046875,0.2,0.0006953125,0.0,0.0046943359375,0.0,3
99,9.90144815199983,7274.7225926,9897835,0,1,none,-0.1064453125,-0.1112060546875,-0.10882568359375,-0.02001953125,4.56e-07,0.4383759080317982,0.495361328125,0.1998994140625,-0.017333984375,0.482666015625,0.2,7.51953125e-05,0.0,0.0047265625,0.0,3
100,10.001448621000236,7274.822589936,9997833,0,1,none,-0.1053466796875,-0.111572265625,-0.10845947265625,-0.0194091796875,4.56e-07,0.4385022615131579,0.4945068359375,0.19995703125,-0.015625,0.484375,0.2,0.0002939453125,0.0,0.004755859375,0.0,3
101,10.101452918000177,7274.922594272,10097838,0,1,none,-0.1065673828125,-0.1124267578125,-0.1094970703125,-0.0206298828125,4.56e-07,0.43885990611293857,0.4947509765625,0.2001201171875,-0.0157470703125,0.4842529296875,0.2,0.0003779296875,0.0,0.0047763671875,0.0,3
102,10.201502701000209,7275.022611608,10197856,0,1,none,-0.103515625,-0.1119384765625,-0.10772705078125,-0.0191650390625,4.56e-07,0.43662195038377194,0.4896240234375,0.19909960937500001,-0.015869140625,0.484130859375,0.2,-0.00013867187500000001,0.0002412109375,0.0047861328125,0.0,3
103,10.301470790999701,7275.122602944,10297848,0,1,none,-0.1031494140625,-0.109619140625,-0.10638427734375,-0.0186767578125,4.56e-07,0.43701171875,0.4957275390625,0.19927734375,-0.0157470703125,0.4842529296875,0.2,-0.00028027343750000003,0.0,0.00479296875,0.0,16
104,10.401453596000465,7275.22260028,10397846,0,1,none,-0.1090087890625,-0.1109619140625,-0.1099853515625,-0.0206298828125,4.64e-07,0.4319352774784483,0.506103515625,0.20041796875,-0.0177001953125,0.4822998046875,0.2,-0.000515625,-0.00033984375000000003,0.0047978515625,0.0,3
105,10.501449970000067,7275.322596616,10497843,0,1,none,-0.1082763671875,-0.1103515625,-0.10931396484375,-0.02001953125,4.64e-07,0.43248880320581895,0.4981689453125,0.2006748046875,-0.017822265625,0.482177734375,0.2,0.000572265625,0.0,0.004802734375,0.0,16
106,10.601450121000198,7275.422599952,10597847,0,1,none,-0.1077880859375,-0.1099853515625,-0.10888671875,-0.02001953125,4.64e-07,0.4311775996767241,0.498291015625,0.20006640625,-0.017822265625,0.482177734375,0.2,0.0013134765625,0.0002548828125,0.004806640625,0.0,16
107,10.701455368999632,7275.522599288,10697847,0,1,none,-0.1068115234375,-0.1092529296875,-0.1080322265625,-0.01953125,4.64e-07,0.4310386920797413,0.501708984375,0.200001953125,-0.0179443359375,0.4820556640625,0.2,0.0006259765625,0.0,0.0048076171875,0.0,3
108,10.80145483599972,7275.622601624,10797850,0,1,none,-0.1065673828125,-0.10791015625,-0.10723876953125,-0.0194091796875,4.64e-07,0.43061565530711204,0.4931640625,0.1998056640625,-0.017822265625,0.482177734375,0.2,0.0006162109375,0.0,0.00480859375,0.0,3
109,10.90146376499979,7275.722604952,10897854,0,1,none,-0.1058349609375,-0.111328125,-0.10858154296875,-0.0196533203125,4.56e-07,0.4383951822916667,0.4945068359375,0.19990820312500002,-0.015625,0.484375,0.2,0.00014453125,0.0,0.0048046875,0.0,16
110,11.001446729000236,7275.822602288,10997852,0,1,none,-0.104248046875,-0.1103515625,-0.1072998046875,-0.0189208984375,4.56e-07,0.43752141584429827,0.4957275390625,0.199509765625,-0.0147705078125,0.4852294921875,0.2,-0.0002470703125,0.0,0.004791015625,0.0,3
111,11.101448614000219,7275.922604624,11097855,0,1,none,-0.1031494140625,-0.110107421875,-0.10662841796875,-0.018310546875,4.56e-07,0.4345703125,0.4932861328125,0.19816406250000002,-0.0181884765625,0.4818115234375,0.2,-0.000421875,0.0,0.0047685546875,0.0,16
112,11.201457326999844,7276.02261196,11197863,0,1,none,-0.1090087890625,-0.110595703125,-0.10980224609375,-0.0211181640625,4.64e-07,0.4326866412984913,0.4962158203125,0.2007666015625,-0.0155029296875,0.4844970703125,0.2,-0.0004072265625,-0.0003251953125,0.0047509765625,0.0,3
113,11.301457210999615,7276.122609296,11297861,0,1,none,-0.108642578125,-0.1094970703125,-0.10906982421875,-0.0198974609375,4.64e-07,0.4312954606681034,0.494873046875,0.20012109375,-0.01806640625,0.48193359375,0.2,-0.00096484375,-0.0008564453125,0.0047314453125,0.0,3
114,11.401451728000211,7276.222605632,11397858,0,1,none,-0.1087646484375,-0.11083984375,-0.10980224609375,-0.020263671875,4.64e-07,0.43018630455280166,0.494384765625,0.1996064453125,-0.017333984375,0.482666015625,0.2,-0.00039746093750000003,0.0,0.0047128906250000005,0.0,16
115,11.501444405999791,7276.322607968,11497861,0,1,none,-0.10888671875,-0.1104736328125,-0.10968017578125,-0.0213623046875,4.64e-07,0.43278556034482757,0.5015869140625,0.2008125,-0.017333984375,0.482666015625,0.2,0.0007968750000000001,0.0,0.0046972656250000005,0.0,3
116,11.601447824000388,7276.422607304,11597861,0,1,none,-0.106201171875,-0.1102294921875,-0.10821533203125,-0.019775390625,4.64e-07,0.4308724238954741,0.498291015625,0.1999248046875,-0.0152587890625,0.4847412109375,0.2,5.859375e-05,0.0,0.0046826171875,0.0,3
117,11.701458661000288,7276.522613632,11697868,0,1,none,-0.1058349609375,-0.1116943359375,-0.1087646484375,-0.0194091796875,4.56e-07,0.43998209635416663,0.5032958984375,0.2006318359375,-0.01513671875,0.48486328125,0.2,0.0001962890625,0.0,0.0046708984375,0.0,3
118,11.801451317999636,7276.622611968,11797867,0,1,none,-0.104736328125,-0.1104736328125,-0.10760498046875,-0.0191650390625,4.56e-07,0.43639065926535087,0.49365234375,0.198994140625,-0.015380859375,0.484619140625,0.2,0.0004892578125,0.0,0.0046572265625,0.0,3
119,11.90145807800036,7276.722614304,11897870,0,1,none,-0.1044921875,-0.1124267578125,-0.10845947265625,-0.0194091796875,4.56e-07,0.4388963130482456,0.4962158203125,0.20013671875,-0.01513671875,0.48486328125,0.2,-0.00044921875,0.0,0.0046435546875,0.0,3
120,12.00144879399977,7276.82261364,11997870,0,1,none,-0.10302734375,-0.112060546875,-0.1075439453125,-0.0186767578125,4.56e-07,0.43738863760964913,0.50146484375,0.19944921875000002,-0.01416015625,0.48583984375,0.2,-0.000349609375,0.0,0.004626953125,0.0,3
121,12.101448129000346,7276.922614976,12097872,0,1,none,-0.107666015625,-0.1112060546875,-0.10943603515625,-0.0198974609375,4.64e-07,0.43163852033943967,0.498046875,0.20028027343750002,-0.0172119140625,0.4827880859375,0.2,0.0008916015625,0.0,0.0046103515625,0.0,3
122,12.201442669999778,7277.022616312,12197874,0,1,none,-0.1077880859375,-0.109375,-0.10858154296875,-0.020263671875,4.64e-07,0.43325700431034475,0.4951171875,0.20103125,-0.0169677734375,0.4830322265625,0.2,0.00054296875,0.0,0.00458984375,0.0,3
123,12.301452747999974,7277.122616648,12297875,0,1,none,-0.1077880859375,-0.1099853515625,-0.10888671875,-0.0203857421875,4.64e-07,0.4304136078933189,0.497314453125,0.1997119140625,-0.0169677734375,0.4830322265625,0.2,0.0008212890625,0.0004912109375,0.0045634765625,0.0,3
124,12.401452295999661,7277.222618984,12397878,0,1,none,-0.1082763671875,-0.110107421875,-0.10919189453125,-0.021240234375,4.64e-07,0.43037361934267243,0.4935302734375,0.19969335937500002,-0.0140380859375,0.4859619140625,0.2,4.8828125e-05,0.000255859375,0.0045380859375,0.0,3
125,12.501462743000047,7277.322624312,12497884,0,1,none,-0.10498046875,-0.1112060546875,-0.10809326171875,-0.0184326171875,4.56e-07,0.438390899122807,0.49853515625,0.19990625,-0.0145263671875,0.4854736328125,0.2,-0.000107421875,0.0,0.0045146484375,0.0,3
126,12.601452103000156,7277.422621648,12597882,0,1,none,-0.1043701171875,-0.1109619140625,-0.107666015625,-0.01904296875,4.56e-07,0.4368296840734649,0.4970703125,0.1991943359375,-0.0145263671875,0.4854736328125,0.2,-0.00023242187500000002,0.0,0.0044912109375,0.0,16
127,12.701458212000034,7277.522624984,12697886,0,1,none,-0.1092529296875,-0.1112060546875,-0.1102294921875,-0.020263671875,4.64e-07,0.4336632037984914,0.4981689453125,0.2012197265625,-0.0142822265625,0.4857177734375,0.2,-0.0007587890625,-0.000625,0.0044658203125,0.0,3
128,12.80146429100023,7277.62262732,12797889,0,1,none,-0.1085205078125,-0.1114501953125,-0.1099853515625,-0.019775390625,4.64e-07,0.43306127087823276,0.497314453125,0.2009404296875,-0.0166015625,0.4833984375,0.2,-0.0011572265625,-0.0003212890625,0.0044404296875,0.0,16
129,12.901463062000403,7277.722628656,12897891,0,1,none,-0.107421875,-0.109375,-0.1083984375,-0.0194091796875,4.64e-07,0.4313922750538792,0.5,0.200166015625,-0.01708984375,0.48291015625,0.2,-0.001279296875,0.0,0.0044189453125,0.0,3
130,13.00145103900013,7277.822625992,12997889,0,1,none,-0.107666015625,-0.10888671875,-0.1082763671875,-0.0194091796875,4.64e-07,0.43066827182112066,0.499755859375,0.199830078125,-0.016357421875,0.483642578125,0.2,0.000474609375,0.0,0.00440234375,0.0,3
131,13.101450103999923,7277.922625328,13097889,0,1,none,-0.107666015625,-0.111328125,-0.1094970703125,-0.0205078125,4.64e-07,0.4311481344288793,0.4981689453125,0.200052734375,-0.0162353515625,0.4837646484375,0.2,-0.0003330078125,0.0,0.004390625,0.0,3
132,13.201452274000076,7278.022626656,13197891,0,1,none,-0.1058349609375,-0.1114501953125,-0.108642578125,-0.0191650390625,4.56e-07,0.43851296943530693,0.496826171875,0.1999619140625,-0.01416015625,0.48583984375,0.2,-0.00137890625,0.0,0.004384765625,0.0,3
133,13.301448195000376,7278.122622992,13297888,0,1,none,-0.1043701171875,-0.111328125,-0.10784912109375,-0.018798828125,4.56e-07,0.4361101117050439,0.4964599609375,0.1988662109375,-0.012939453125,0.487060546875,0.2,-8.789062500000001e-06,0.0,0.0043857421875,0.0,3
134,13.401449089999915,7278.222628328,13397894,0,1,none,-0.1033935546875,-0.1097412109375,-0.1065673828125,-0.017822265625,4.56e-07,0.4374828673245614,0.4912109375,0.1994921875,-0.0142822265625,0.4857177734375,0.2,2.83203125e-05,-0.0005009765625,0.004388671875,0.0,3
135,13.501451430999623,7278.322631664,13497898,0,1,none,-0.1031494140625,-0.1103515625,-0.10675048828125,-0.0181884765625,4.56e-07,0.4376670435855263,0.4967041015625,0.199576171875,-0.0140380859375,0.4859619140625,0.2,-0.000220703125,0.0,0.004388671875,0.0,3
136,13.601449980000325,7278.422627,13597894,0,1,none,-0.1077880859375,-0.1102294921875,-0.1090087890625,-0.0194091796875,4.64e-07,0.4319942079741379,0.50048828125,0.2004453125,-0.0166015625,0.4833984375,0.2,-0.000111328125,0.0,0.004392578125,0.0,3
137,13.701466430000437,7278.522644336,13697912,0,1,none,-0.1075439453125,-0.1099853515625,-0.1087646484375,-0.019287109375,4.64e-07,0.43053146888469823,0.4990234375,0.1997666015625,-0.0162353515625,0.4837646484375,0.2,0.000224609375,0.0,0.0043984375000000004,0.0,16
138,13.801454950000334,7278.622636672,13797905,0,1,none,-0.1070556640625,-0.1104736328125,-0.1087646484375,-0.0198974609375,4.64e-07,0.4310786806303879,0.497802734375,0.2000205078125,-0.01708984375,0.48291015625,0.2,0.000228515625,0.0,0.00441015625,0.0,16
139,13.901449652999872,7278.722633008,13897902,0,1,none,-0.1060791015625,-0.109619140625,-0.10784912109375,-0.01904296875,4.64e-07,0.431524868669181,0.49609375,0.20022753906250002,-0.0164794921875,0.4835205078125,0.2,0.00021484375,0.0,0.0044228515625,0.0,16
140,14.001446893999855,7278.822635336,13997905,0,1,none,-0.10546875,-0.1109619140625,-0.10821533203125,-0.019775390625,4.56e-07,0.4376027960526316,0.4898681640625,0.199546875,-0.016357421875,0.483642578125,0.2,0.00046386718750000003,0.0,0.0044375000000000005,0.0,16
141,14.101460521000263,7278.922642672,14097913,0,1,none,-0.104736328125,-0.1109619140625,-0.10784912109375,-0.0191650390625,4.56e-07,0.43743361088267546,0.498046875,0.1994697265625,-0.01416015625,0.48583984375,0.2,-0.0005556640625000001,0.0,0.0044580078125,0.0,3
142,14.201455053000245,7279.022639008,14197910,0,1,none,-0.103271484375,-0.1116943359375,-0.10748291015625,-0.0184326171875,4.56e-07,0.43740362870065785,0.4921875,0.1994560546875,-0.0142822265625,0.4857177734375,0.2,6.640625e-05,0.0,0.004478515625,0.0,3
143,14.301446452999699,7279.122640344,14297912,0,1,none,-0.107666015625,-0.1082763671875,-0.10797119140625,-0.019287109375,4.64e-07,0.4318889749461207,0.50244140625,0.20039648437500002,-0.0167236328125,0.4832763671875,0.2,-0.00040039062500000003,0.0,0.0045029296875,0.0,16
144,14.401447719999851,7279.22263968,14397912,0,1,none,-0.1063232421875,-0.10986328125,-0.10809326171875,-0.018310546875,4.64e-07,0.42926446322737066,0.49755859375,0.1991787109375,-0.016845703125,0.483154296875,0.2,0.0003505859375,0.0,0.0045263671875,0.0,16
145,14.501445564000278,7279.322641016,14497914,0,1,none,-0.1085205078125,-0.1114501953125,-0.1099853515625,-0.021484375,4.64e-07,0.43337276064116376,0.491455078125,0.2010849609375,-0.016845703125,0.483154296875,0.2,0.00021484375,0.0,0.004548828125,0.0,3
146,14.601451102999818,7279.422641352,14597915,0,1,none,-0.1063232421875,-0.10791015625,-0.10711669921875,-0.01904296875,4.64e-07,0.43207208041487066,0.4932861328125,0.2004814453125,-0.016845703125,0.483154296875,0.2,0.0009970703125000001,0.0,0.0045693359375,0.0,3
147,14.701447632999589,7279.52264268,14697917,0,1,none,-0.1060791015625,-0.1124267578125,-0.1092529296875,-0.01953125,4.56e-07,0.43705240885416663,0.4923095703125,0.1992958984375,-0.0150146484375,0.4849853515625,0.2,0.0007724609375,0.0,0.004587890625,0.0,3
148,14.801459721000356,7279.622647016,14797922,0,1,none,-0.1055908203125,-0.1107177734375,-0.108154296875,-0.0198974609375,4.56e-07,0.43917043585526316,0.494140625,0.20026171875,-0.0147705078125,0.4852294921875,0.2,0.00025390625,0.00034375,0.0046044921875,0.0,3
149,14.901460727000085,7279.722648352,14897924,0,1,none,-0.10400390625,-0.1092529296875,-0.10662841796875,-0.019287109375,4.56e-07,0.43747001781798245,0.4935302734375,0.199486328125,-0.0142822265625,0.4857177734375,0.2,-0.00065625,-0.00039453125,0.00462109375,0.0,3
150,15.001452237999729,7279.822648688,14997925,0,1,none,-0.1082763671875,-0.110595703125,-0.10943603515625,-0.0194091796875,4.64e-07,0.4322067786907327,0.498779296875,0.2005439453125,-0.0179443359375,0.4820556640625,0.2,-0.0001953125,-0.000787109375,0.0046396484375,0.0,16
151,15.101446859999669,7279.922646024,15097923,0,1,none,-0.108154296875,-0.110107421875,-0.109130859375,-0.019775390625,4.64e-07,0.43181741648706895,0.4984130859375,0.20036328125,-0.017333984375,0.482666015625,0.2,-0.0003876953125,0.0005126953125,0.00465234375,0.0,3
152,15.201453620000393,7280.02265136,15197929,0,1,none,-0.107666015625,-0.110107421875,-0.10888671875,-0.019775390625,4.64e-07,0.43182583512931033,0.49755859375,0.20036718750000002,-0.0174560546875,0.4825439453125,0.2,8.496093750000001e-05,0.0,0.0046660156250000005,0.0,16
153,15.301510459000383,7280.122681688,15297960,0,1,none,-0.1063232421875,-0.111572265625,-0.10894775390625,-0.0194091796875,4.56e-07,0.44038685581140347,0.49658203125,0.20081640625,-0.017822265625,0.482177734375,0.2,0.00033984375000000003,0.0,0.0046767578125,0.0,3
154,15.40147957499994,7280.222659024,15397938,0,1,none,-0.104736328125,-0.1102294921875,-0.10748291015625,-0.0181884765625,4.56e-07,0.43821528919956143,0.4991455078125,0.199826171875,-0.015380859375,0.484619140625,0.2,0.0001611328125,0.0,0.0046894531250000005,0.0,3
155,15.501460757000132,7280.32265536,15497935,0,1,none,-0.104248046875,-0.1099853515625,-0.10711669921875,-0.019287109375,4.56e-07,0.4373029742324561,0.4964599609375,0.19941015625,-0.0155029296875,0.4844970703125,0.2,-2.734375e-05,0.0,0.0047021484375,0.0,3
156,15.601454599000135,7280.422654696,15597935,0,1,none,-0.10888671875,-0.1109619140625,-0.10992431640625,-0.020263671875,4.64e-07,0.4318889749461207,0.49267578125,0.20039648437500002,-0.0174560546875,0.4825439453125,0.2,-0.0007138671875,0.0,0.00471484375,0.0,16
157,15.701461292999738,7280.522660032,15697941,0,1,none,-0.1099853515625,-0.1099853515625,-0.1099853515625,-0.0213623046875,4.64e-07,0.43258982691271547,0.4981689453125,0.20072167968750002,-0.017578125,0.482421875,0.2,-0.0008193359375,0.0,0.0047265625,0.0,16
158,15.801462379999975,7280.622662368,15797944,0,1,none,-0.1068115234375,-0.1102294921875,-0.1085205078125,-0.0189208984375,4.64e-07,0.4324298727101293,0.506591796875,0.2006474609375,-0.017822265625,0.482177734375,0.2,0.00082421875,0.0,0.0047421875,0.0,16
159,15.901456329999746,7280.722658704,15897941,0,1,none,-0.10595703125,-0.1099853515625,-0.10797119140625,-0.018798828125,4.64e-07,0.43167640422952586,0.4927978515625,0.20029785156250002,-0.0177001953125,0.4822998046875,0.2,0.0001845703125,0.00040625000000000004,0.0047578125,0.0,16
160,16.00145553600032,7280.822657032,15997940,0,1,none,-0.10595703125,-0.1097412109375,-0.10784912109375,-0.0196533203125,4.56e-07,0.4370288514254386,0.4969482421875,0.19928515625,-0.0150146484375,0.4849853515625,0.2,0.000345703125,0.00027539062500000003,0.00476953125,0.0,3
161,16.101455828000326,7280.922659368,16097943,0,1,none,-0.105224609375,-0.1103515625,-0.1077880859375,-0.0196533203125,4.56e-07,0.43841873972039475,0.4932861328125,0.1999189453125,-0.0177001953125,0.4822998046875,0.2,-6.25e-05,0.0,0.0047802734375000005,0.0,16
162,16.201446117999694,7281.022656704,16197941,0,1,none,-0.107421875,-0.109619140625,-0.1085205078125,-0.0185546875,4.64e-07,0.43336644665948276,0.498779296875,0.20108203125000002,-0.014404296875,0.485595703125,0.2,-0.000248046875,0.0,0.0047890625,0.0,3
163,16.30145274900042,7281.12266104,16297946,0,1,none,-0.10888671875,-0.1109619140625,-0.10992431640625,-0.0205078125,4.64e-07,0.432318325700431,0.494384765625,0.200595703125,-0.0179443359375,0.4820556640625,0.2,-0.00042578125,-0.0002412109375,0.004796875,0.0,3
164,16.401451327999894,7281.222659376,16397945,0,1,none,-0.108642578125,-0.1107177734375,-0.10968017578125,-0.020751953125,4.64e-07,0.43338328394396547,0.5023193359375,0.20108984375,-0.0152587890625,0.4847412109375,0.2,-0.000119140625,0.0004453125,0.00480859375,0.0,3
165,16.501450390000173,7281.322661712,16497948,0,1,none,-0.107177734375,-0.1112060546875,-0.10919189453125,-0.019775390625,4.64e-07,0.4313101932920258,0.4964599609375,0.2001279296875,-0.017822265625,0.482177734375,0.2,0.0010439453125,0.0003466796875,0.004822265625,0.0,16
166,16.60145355900022,7281.42266404,16597951,0,1,none,-0.1060791015625,-0.1094970703125,-0.1077880859375,-0.0196533203125,4.56e-07,0.4394317091557017,0.496826171875,0.200380859375,-0.015869140625,0.484130859375,0.2,-9.66796875e-05,0.0,0.0048408203125,0.0,3
167,16.701444233000075,7281.522668376,16697956,0,1,none,-0.10498046875,-0.1109619140625,-0.10797119140625,-0.0196533203125,4.56e-07,0.4374421772203947,0.4925537109375,0.1994736328125,-0.0159912109375,0.4840087890625,0.2,7.91015625e-05,0.0,0.004857421875,0.0,3
168,16.801462831000208,7281.622669712,16797958,0,1,none,-0.1094970703125,-0.112548828125,-0.11102294921875,-0.0208740234375,4.64e-07,0.4355616076239223,0.4962158203125,0.2021005859375,-0.015869140625,0.484130859375,0.2,0.000193359375,0.0,0.0048720703125,0.0,3
169,16.901458710000043,7281.722672048,16897961,0,1,none,-0.108642578125,-0.111083984375,-0.10986328125,-0.0206298828125,4.64e-07,0.4337116109913793,0.5018310546875,0.2012421875,-0.01806640625,0.48193359375,0.2,-0.0028662109375,-0.000453125,0.004880859375,0.0,16
170,17.00144818100034,7281.822666384,16997956,0,1,none,-0.1080322265625,-0.1092529296875,-0.108642578125,-0.020263671875,4.64e-07,0.4322720231681034,0.5018310546875,0.20057421875,-0.01806640625,0.48193359375,0.2,-5.6640625e-05,0.0002607421875,0.004884765625,0.0,16
171,17.10144488700007,7281.92266872,17097959,0,1,none,-0.106201171875,-0.110107421875,-0.108154296875,-0.0191650390625,4.64e-07,0.4311860183189655,0.491943359375,0.2000703125,-0.015625,0.484375,0.2,-0.000171875,0.000345703125,0.00487890625,0.0,16
172,17.20145204900018,7282.022670048,17197961,0,1,none,-0.1055908203125,-0.1109619140625,-0.1082763671875,-0.01953125,4.56e-07,0.439208984375,0.496826171875,0.200279296875,-0.014892578125,0.485107421875,0.2,0.0002373046875,0.0005458984375,0.00486328125,0.0,3
173,17.30144742399989,7282.122670384,17297962,0,1,none,-0.104736328125,-0.1109619140625,-0.10784912109375,-0.019287109375,4.56e-07,0.43692177220394735,0.4898681640625,0.199236328125,-0.014892578125,0.485107421875,0.2,-0.0016044921875,0.0,0.0048447265625,0.0,3
174,17.401447107000422,7282.22267272,17397965,0,1,none,-0.1097412109375,-0.1099853515625,-0.10986328125,-0.0213623046875,4.64e-07,0.4305714574353448,0.491455078125,0.19978515625,-0.02001953125,0.47998046875,0.2,-0.0005107421875,0.0,0.004828125,0.0,3
175,17.501446180999665,7282.322672056,17497965,0,1,none,-0.109375,-0.109619140625,-0.1094970703125,-0.021240234375,4.64e-07,0.43169324151400856,0.49755859375,0.2003056640625,-0.018310546875,0.481689453125,0.2,0.0002939453125,-0.000833984375,0.00481640625,0.0,16
176,17.601448266999796,7282.422674392,17597968,0,1,none,-0.1083984375,-0.1090087890625,-0.10870361328125,-0.0208740234375,4.64e-07,0.43037361934267243,0.49658203125,0.19969335937500002,-0.01904296875,0.48095703125,0.2,0.0003154296875,0.0,0.0048115234375000005,0.0,3
177,17.70146897399991,7282.522692728,17697987,0,1,none,-0.1068115234375,-0.1087646484375,-0.1077880859375,-0.019775390625,4.64e-07,0.4319352774784483,0.499267578125,0.20041796875,-0.01513671875,0.48486328125,0.2,0.00121484375,0.00040136718750000003,0.0048017578125,0.0,3
178,17.801465636000103,7282.622681056,17797976,0,1,none,-0.10546875,-0.1107177734375,-0.10809326171875,-0.01953125,4.56e-07,0.4362321820175438,0.4908447265625,0.198921875,-0.015869140625,0.484130859375,0.2,-0.0006845703125000001,0.0,0.0047900390625,0.0,3
179,17.901456102999873,7282.722681392,17897977,0,1,none,-0.1046142578125,-0.1109619140625,-0.1077880859375,-0.019775390625,4.56e-07,0.4364292077850877,0.489013671875,0.19901171875,-0.015625,0.484375,0.2,-0.0005654296875,0.0,0.00478125,0.0,3
180,18.001455867000004,7282.822681728,17997978,0,1,none,-0.1094970703125,-0.1109619140625,-0.1102294921875,-0.02099609375,4.64e-07,0.43114392510775856,0.4959716796875,0.20005078125,-0.0184326171875,0.4815673828125,0.2,-0.0005673828125,0.0,0.0047685546875,0.0,16
181,18.101454818000093,7282.922680064,18097977,0,1,none,-0.108154296875,-0.111083984375,-0.109619140625,-0.0201416015625,4.64e-07,0.43193738213900856,0.50390625,0.2004189453125,-0.017822265625,0.482177734375,0.2,0.000873046875,0.0,0.0047529296875,0.0,16
182,18.20144862699999,7283.0226824,18197980,0,1,none,-0.1080322265625,-0.1109619140625,-0.1094970703125,-0.0208740234375,4.64e-07,0.43047043372844823,0.492431640625,0.19973828125,-0.017822265625,0.482177734375,0.2,-0.000197265625,0.0,0.0047363281250000005,0.0,3
183,18.30144770700008,7283.122681728,18297980,0,1,none,-0.107177734375,-0.11083984375,-0.1090087890625,-0.0201416015625,4.56e-07,0.4393803111293859,0.493896484375,0.200357421875,-0.01513671875,0.48486328125,0.2,0.0008017578125000001,0.0,0.0047177734375,0.0,3
184,18.401452240999788,7283.222684064,18397983,0,1,none,-0.1043701171875,-0.1102294921875,-0.1072998046875,-0.0189208984375,4.56e-07,0.43863932291666663,0.5001220703125,0.20001953125,-0.014892578125,0.485107421875,0.2,-0.00020703125,0.0,0.0047021484375,0.0,3
185,18.501446872000088,7283.3226834,18497983,0,1,none,-0.1097412109375,-0.111083984375,-0.11041259765625,-0.0208740234375,4.64e-07,0.43236462823275856,0.49951171875,0.20061718750000002,-0.0172119140625,0.4827880859375,0.2,-0.001025390625,-0.00034179687500000003,0.0046923828125,0.0,16
186,18.601452971999606,7283.422686736,18597987,0,1,none,-0.108642578125,-0.10986328125,-0.1092529296875,-0.0205078125,4.64e-07,0.43181741648706895,0.49560546875,0.20036328125,-0.017822265625,0.482177734375,0.2,-0.00015234375,0.0,0.0046894531250000005,0.0,3
187,18.701451980000456,7283.522690072,18697991,0,1,none,-0.1083984375,-0.1109619140625,-0.10968017578125,-0.0203857421875,4.64e-07,0.43125547211745685,0.4964599609375,0.2001025390625,-0.0174560546875,0.4825439453125,0.2,0.0007158203125,0.0004462890625,0.004701171875,0.0,3
188,18.80145830499987,7283.622693408,18797995,0,1,none,-0.107666015625,-0.1092529296875,-0.10845947265625,-0.0206298828125,4.64e-07,0.43093766837284475,0.4986572265625,0.199955078125,-0.017578125,0.482421875,0.2,0.000595703125,0.0,0.0047207031250000005,0.0,3
189,18.90146517300036,7283.722699736,18898002,0,1,none,-0.1051025390625,-0.110107421875,-0.10760498046875,-0.01953125,4.56e-07,0.4379111842105263,0.4930419921875,0.19968750000000002,-0.015380859375,0.484619140625,0.2,0.0003173828125,0.0,0.004748046875,0.0,3
190,19.001456953999877,7283.822692072,18997995,0,1,none,-0.1090087890625,-0.11083984375,-0.10992431640625,-0.020263671875,4.64e-07,0.43209944100215514,0.5047607421875,0.200494140625,-0.01904296875,0.48095703125,0.2,-0.000541015625,-0.000267578125,0.0047724609375000004,0.0,16
191,19.10144422600024,7283.922692408,19097996,0,1,none,-0.109619140625,-0.1107177734375,-0.11016845703125,-0.0218505859375,4.64e-07,0.43329909752155166,0.4976806640625,0.20105078125,-0.0186767578125,0.4813232421875,0.2,0.0007968750000000001,0.0007949218750000001,0.0047919921875,0.0,3
192,19.201439192999715,7284.022693744,19197998,0,1,none,-0.10791015625,-0.1099853515625,-0.10894775390625,-0.0205078125,4.64e-07,0.4319857893318965,0.503173828125,0.20044140625,-0.01806640625,0.48193359375,0.2,0.0001865234375,0.0,0.004802734375,0.0,3
193,19.30144613900029,7284.12269508,19298000,0,1,none,-0.1060791015625,-0.1094970703125,-0.1077880859375,-0.019287109375,4.64e-07,0.43371792497306033,0.495361328125,0.20124511718750002,-0.018310546875,0.481689453125,0.2,0.000583984375,0.0,0.0048046875,0.0,3
194,19.401449607999893,7284.222698408,19398004,0,1,none,-0.104248046875,-0.1104736328125,-0.10736083984375,-0.0181884765625,4.56e-07,0.4389327199835526,0.4954833984375,0.2001533203125,-0.0157470703125,0.4842529296875,0.2,8.203125e-05,0.0,0.0047998046875,0.0,3
195,19.50144609600011,7284.322695744,19498002,0,1,none,-0.1031494140625,-0.109375,-0.10626220703125,-0.0184326171875,4.56e-07,0.43451463130482454,0.4918212890625,0.198138671875,-0.019287109375,0.480712890625,0.2,-0.000248046875,0.0,0.004787109375,0.0,16
196,19.60144857799969,7284.42269508,19598002,0,1,none,-0.1085205078125,-0.10986328125,-0.10919189453125,-0.0205078125,4.64e-07,0.43124494881465514,0.493408203125,0.20009765625,-0.017578125,0.482421875,0.2,-0.00062109375,0.000853515625,0.0047744140625,0.0,16
197,19.701444225999694,7284.522700416,19698008,0,1,none,-0.1077880859375,-0.112060546875,-0.10992431640625,-0.020751953125,4.64e-07,0.4307461442618534,0.4970703125,0.1998662109375,-0.0184326171875,0.4815673828125,0.2,-4.8828125e-05,0.0,0.004765625,0.0,3
198,19.80144639900027,7284.622699752,19798008,0,1,none,-0.10595703125,-0.1099853515625,-0.10797119140625,-0.0191650390625,4.64e-07,0.43069352774784475,0.493896484375,0.199841796875,-0.0185546875,0.4814453125,0.2,0.0003515625,0.0,0.004755859375,0.0,3
199,19.901442151999618,7284.72270108,19898010,0,1,none,-0.1063232421875,-0.1123046875,-0.10931396484375,-0.020751953125,4.56e-07,0.43851296943530693,0.4913330078125,0.1999619140625,-0.015380859375,0.484619140625,0.2,-0.0002451171875,0.0,0.0047490234375,0.0,3
200,20.001453189999665,7284.822703416,19998013,0,1,none,-0.1033935546875,-0.109375,-0.10638427734375,-0.0186767578125,4.56e-07,0.4372237356085526,0.496337890625,0.1993740234375,-0.0185546875,0.4814453125,0.2,-0.000453125,0.0,0.004751953125,0.0,16
201,20.101452732000325,7284.922701752,20098012,0,1,none,-0.1083984375,-0.1121826171875,-0.11029052734375,-0.020263671875,4.64e-07,0.43309073612607757,0.4945068359375,0.20095410156250001,-0.017578125,0.482421875,0.2,0.0012060546875,0.0003876953125,0.00476171875,0.0,16
202,20.201461642999675,7285.022707088,20198018,0,1,none,-0.1063232421875,-0.1087646484375,-0.1075439453125,-0.019775390625,4.64e-07,0.43117549501616376,0.4957275390625,0.2000654296875,-0.017578125,0.482421875,0.2,0.0002958984375,0.0,0.00477734375,0.0,3
203,20.301456567999594,7285.122708416,20298020,0,1,none,-0.106201171875,-0.1116943359375,-0.10894775390625,-0.020263671875,4.56e-07,0.4387913754111842,0.503173828125,0.2000888671875,-0.015625,0.484375,0.2,-4.8828125e-06,0.0,0.004796875,0.0,3
204,20.401497195000047,7285.222720752,20398033,0,1,none,-0.103759765625,-0.1123046875,-0.1080322265625,-0.0186767578125,4.56e-07,0.4378126713267544,0.498046875,0.199642578125,-0.0157470703125,0.4842529296875,0.2,-0.00016992187500000002,0.0,0.00481640625,0.0,16
205,20.50147003100028,7285.322713088,20498026,0,1,none,-0.109130859375,-0.1103515625,-0.1097412109375,-0.020751953125,4.64e-07,0.43212469692887934,0.5052490234375,0.200505859375,-0.018310546875,0.481689453125,0.2,-0.0003642578125,0.0,0.004830078125,0.0,3
206,20.601458656000432,7285.422714424,20598028,0,1,none,-0.1075439453125,-0.1092529296875,-0.1083984375,-0.0196533203125,4.64e-07,0.4313564958243534,0.4962158203125,0.2001494140625,-0.018310546875,0.481689453125,0.2,0.000251953125,0.0,0.00484375,0.0,3
207,20.701451181000266,7285.52270976,20698024,0,1,none,-0.1065673828125,-0.109375,-0.10797119140625,-0.0194091796875,4.64e-07,0.42923078865840514,0.4959716796875,0.1991630859375,-0.01806640625,0.48193359375,0.2,0.0002080078125,0.0,0.0048515625,0.0,3
208,20.801450777000355,7285.622712088,20798027,0,1,none,-0.1043701171875,-0.1109619140625,-0.107666015625,-0.0189208984375,4.56e-07,0.4372729920504386,0.4921875,0.19939648437500002,-0.0152587890625,0.4847412109375,0.2,0.00046191406250000003,0.0,0.00484765625,0.0,16
209,20.901456567999958,7285.722713424,20898029,0,1,none,-0.1092529296875,-0.1090087890625,-0.109130859375,-0.020751953125,4.64e-07,0.43173323006465514,0.4981689453125,0.20032421875,-0.0177001953125,0.4822998046875,0.2,-0.00028515625,-0.0003125,0.004837890625,0.0,16
210,21.001454514000216,7285.82271476,20998031,0,1,none,-0.1085205078125,-0.1094970703125,-0.1090087890625,-0.0203857421875,4.64e-07,0.43147225215517243,0.49853515625,0.200203125,-0.0179443359375,0.4820556640625,0.2,-0.0018427734375,0.0004814453125,0.004818359375,0.0,3
211,21.101459456000157,7285.922713096,21098030,0,1,none,-0.108642578125,-0.110107421875,-0.109375,-0.0211181640625,4.64e-07,0.4330275963092672,0.4971923828125,0.2009248046875,-0.015625,0.484375,0.2,-0.0003271484375,0.0,0.0047958984375000005,0.0,3
212,21.201449991999652,7286.022715424,21198033,0,1,none,-0.1060791015625,-0.111083984375,-0.10858154296875,-0.019287109375,4.56e-07,0.43800969709429827,0.4990234375,0.199732421875,-0.0145263671875,0.4854736328125,0.2,-0.0003251953125,0.0,0.004767578125,0.0,3
213,21.301446819000375,7286.12271976,21298038,0,1,none,-0.1041259765625,-0.1116943359375,-0.10791015625,-0.0185546875,4.56e-07,0.43649345531798245,0.493896484375,0.199041015625,-0.015380859375,0.484619140625,0.2,0.0001064453125,0.0,0.004734375,0.0,3
214,21.40144825399966,7286.222717096,21398036,0,1,none,-0.1082763671875,-0.1092529296875,-0.1087646484375,-0.01953125,4.64e-07,0.43161747373383613,0.4951171875,0.2002705078125,-0.0155029296875,0.4844970703125,0.2,-0.001048828125,-0.0002978515625,0.0046972656250000005,0.0,16
215,21.501454348000152,7286.322720432,21498040,0,1,none,-0.1075439453125,-0.1112060546875,-0.109375,-0.020263671875,4.64e-07,0.43068300444504304,0.492919921875,0.1998369140625,-0.01708984375,0.48291015625,0.2,-0.0001328125,0.0,0.0046494140625,0.0,16
216,21.601451286000156,7286.422720768,21598041,0,1,none,-0.10693359375,-0.1099853515625,-0.10845947265625,-0.02001953125,4.64e-07,0.4314406822467672,0.4945068359375,0.2001884765625,-0.0150146484375,0.4849853515625,0.2,0.0003203125,0.0,0.00458984375,0.0,3
217,21.701457434000076,7286.522723096,21698044,0,1,none,-0.1058349609375,-0.1114501953125,-0.108642578125,-0.02001953125,4.56e-07,0.43669048108552627,0.50048828125,0.199130859375,-0.0147705078125,0.4852294921875,0.2,0.0001435546875,-0.00026953125,0.0045283203125000004,0.0,3
218,21.80145860199991,7286.622725432,21798047,0,1,none,-0.1033935546875,-0.11083984375,-0.10711669921875,-0.0185546875,4.56e-07,0.4361315275493421,0.4874267578125,0.1988759765625,-0.0137939453125,0.4862060546875,0.2,-0.0006748046875000001,-0.00043359375,0.0044716796875,0.0,16
219,21.901458324000487,7286.722725768,21898048,0,1,none,-0.1083984375,-0.10986328125,-0.109130859375,-0.02001953125,4.64e-07,0.43204261516702586,0.49853515625,0.2004677734375,-0.0164794921875,0.4835205078125,0.2,-0.0005654296875,-0.00046777343750000004,0.004423828125,0.0,3
220,22.001453513000342,7286.822723104,21998046,0,1,none,-0.1072998046875,-0.1087646484375,-0.1080322265625,-0.01953125,4.64e-07,0.4297232792295258,0.49658203125,0.1993916015625,-0.0162353515625,0.4837646484375,0.2,0.0001513671875,-0.0002607421875,0.00438671875,0.0,16
221,22.101456915999734,7286.922726432,22098050,0,1,none,-0.1068115234375,-0.1116943359375,-0.1092529296875,-0.0205078125,4.56e-07,0.43777626439144735,0.49560546875,0.1996259765625,-0.0142822265625,0.4857177734375,0.2,-0.00059375,-0.0003515625,0.00436328125,0.0,3
222,22.201450335000118,7287.022724768,22198049,0,1,none,-0.1053466796875,-0.111572265625,-0.10845947265625,-0.0203857421875,4.56e-07,0.43814247532894735,0.4931640625,0.19979296875,-0.01416015625,0.48583984375,0.2,-0.0005869140625,0.0,0.00434765625,0.0,3
223,22.301448199999868,7287.122728104,22298053,0,1,none,-0.1082763671875,-0.10986328125,-0.10906982421875,-0.0196533203125,4.64e-07,0.43147225215517243,0.4981689453125,0.200203125,-0.017822265625,0.482177734375,0.2,0.0001279296875,0.0,0.0043359375,0.0,3
224,22.401444940000147,7287.22272544,22398051,0,1,none,-0.1090087890625,-0.110595703125,-0.10980224609375,-0.021240234375,4.64e-07,0.4318805563038792,0.4971923828125,0.200392578125,-0.015869140625,0.484130859375,0.2,-0.0001416015625,0.0,0.004328125,0.0,3
225,22.501444802999686,7287.322728776,22498055,0,1,none,-0.1065673828125,-0.1107177734375,-0.108642578125,-0.01953125,4.64e-07,0.43108499461206895,0.4930419921875,0.2000234375,-0.0164794921875,0.4835205078125,0.2,0.0003828125,0.0,0.0043193359375,0.0,16
226,22.601448737000283,7287.422731104,22598058,0,1,none,-0.105224609375,-0.1099853515625,-0.10760498046875,-0.018798828125,4.56e-07,0.4378854851973685,0.495849609375,0.19967578125000002,-0.0135498046875,0.4864501953125,0.2,-0.0009736328125,0.0,0.0043046875,0.0,3
227,22.70145927700014,7287.52273444,22698062,0,1,none,-0.109130859375,-0.1099853515625,-0.10955810546875,-0.0206298828125,4.64e-07,0.43282975821659475,0.50146484375,0.2008330078125,-0.0166015625,0.4833984375,0.2,-0.0013476562500000001,-0.0002646484375,0.0042890625,0.0,16
228,22.80145720499968,7287.622733776,22798062,0,1,none,-0.109375,-0.1102294921875,-0.10980224609375,-0.02099609375,4.64e-07,0.43199841729525856,0.498291015625,0.200447265625,-0.0162353515625,0.4837646484375,0.2,0.0010830078125,0.0,0.0042666015625,0.0,3
229,22.90145563399983,7287.722738112,22898067,0,1,none,-0.1082763671875,-0.111328125,-0.10980224609375,-0.0203857421875,4.64e-07,0.4306914230872845,0.49560546875,0.1998408203125,-0.0162353515625,0.4837646484375,0.2,0.000177734375,0.0,0.0042421875,0.0,3
230,23.001453015999687,7287.82273844,22998068,0,1,none,-0.1048583984375,-0.1092529296875,-0.1070556640625,-0.0184326171875,4.56e-07,0.43738863760964913,0.498046875,0.19944921875000002,-0.01318359375,0.48681640625,0.2,9.86328125e-05,0.0,0.004220703125,0.0,3
231,23.101454585999818,7287.922737776,23098068,0,1,none,-0.10546875,-0.1107177734375,-0.10809326171875,-0.01953125,4.56e-07,0.43775056537828944,0.4970703125,0.1996142578125,-0.01318359375,0.48681640625,0.2,-5.46875e-05,0.0,0.0042001953125,0.0,3
232,23.201453110999864,7288.022738112,23198069,0,1,none,-0.1082763671875,-0.1102294921875,-0.1092529296875,-0.01953125,4.64e-07,0.4297737910829741,0.49755859375,0.1994150390625,-0.0169677734375,0.4830322265625,0.2,-0.0005283203125,-0.0002529296875,0.0041845703125,0.0,16
233,23.301457368999763,7288.122738448,23298070,0,1,none,-0.1075439453125,-0.1085205078125,-0.1080322265625,-0.019775390625,4.64e-07,0.4298116749730603,0.5006103515625,0.1994326171875,-0.01611328125,0.48388671875,0.2,-8.88671875e-05,0.0,0.0041689453125,0.0,3
234,23.40145623599983,7288.222741784,23398074,0,1,none,-0.1063232421875,-0.1103515625,-0.10833740234375,-0.0196533203125,4.64e-07,0.4320215685614224,0.4923095703125,0.2004580078125,-0.0130615234375,0.4869384765625,0.2,-0.0002685546875,0.0,0.0041611328125,0.0,3
235,23.50145465300011,7288.322742112,23498075,0,1,none,-0.104736328125,-0.1104736328125,-0.10760498046875,-0.0194091796875,4.56e-07,0.43890273780153505,0.4915771484375,0.2001396484375,-0.012939453125,0.487060546875,0.2,-0.00039843750000000003,0.0,0.0041621093750000004,0.0,3
236,23.601448170999902,7288.422741448,23598075,0,1,none,-0.109375,-0.1109619140625,-0.11016845703125,-0.02001953125,4.64e-07,0.4348354997306034,0.4996337890625,0.201763671875,-0.0133056640625,0.4866943359375,0.2,-0.00040429687500000003,0.0,0.0041777343750000005,0.0,16
237,23.701456194000457,7288.522749784,23698084,0,1,none,-0.1083984375,-0.109619140625,-0.1090087890625,-0.02001953125,4.64e-07,0.4317774279364224,0.490966796875,0.2003447265625,-0.0155029296875,0.4844970703125,0.2,0.002259765625,0.0006142578125,0.004203125,0.0,16
238,23.801446235000185,7288.62274412,23798079,0,1,none,-0.1072998046875,-0.1102294921875,-0.1087646484375,-0.02001953125,4.64e-07,0.4306240739493534,0.4962158203125,0.19980957031250002,-0.015625,0.484375,0.2,-0.000525390625,0.0,0.0042294921875,0.0,3
239,23.901449967999724,7288.722747448,23898083,0,1,none,-0.105224609375,-0.1119384765625,-0.10858154296875,-0.0194091796875,4.56e-07,0.43849797834429816,0.494140625,0.199955078125,-0.013671875,0.486328125,0.2,-0.0007021484375,0.0,0.0042646484375,0.0,3
240,24.001446956999644,7288.822748784,23998085,0,1,none,-0.10302734375,-0.113037109375,-0.1080322265625,-0.0186767578125,4.56e-07,0.43649988007127194,0.4935302734375,0.1990439453125,-0.017578125,0.482421875,0.2,-0.0005146484375,0.0,0.004306640625,0.0,16
241,24.101454167000156,7288.92275512,24098092,0,1,none,-0.1099853515625,-0.109375,-0.10968017578125,-0.021728515625,4.64e-07,0.4327266298491379,0.4976806640625,0.20078515625,-0.0167236328125,0.4832763671875,0.2,0.0006494140625,0.000439453125,0.004359375,0.0,16
242,24.201450169000054,7289.022750456,24198088,0,1,none,-0.1063232421875,-0.109619140625,-0.10797119140625,-0.0185546875,4.64e-07,0.433111782731681,0.4971923828125,0.2009638671875,-0.016357421875,0.483642578125,0.2,0.000712890625,0.00032421875,0.0044169921875,0.0,3
243,24.30144888599989,7289.122750792,24298089,0,1,none,-0.10791015625,-0.1107177734375,-0.10931396484375,-0.021240234375,4.64e-07,0.4313733331088362,0.4925537109375,0.2001572265625,-0.0164794921875,0.4835205078125,0.2,0.001130859375,0.0,0.004478515625,0.0,3
244,24.401450975000444,7289.22275212,24398091,0,1,none,-0.1053466796875,-0.1099853515625,-0.107666015625,-0.0198974609375,4.56e-07,0.4378383703399123,0.494873046875,0.199654296875,-0.0145263671875,0.4854736328125,0.2,0.00091015625,0.0,0.0045341796875,0.0,3
245,24.50144813800034,7289.322750456,24498090,0,1,none,-0.10791015625,-0.1112060546875,-0.10955810546875,-0.01953125,4.64e-07,0.4321394295528017,0.4979248046875,0.20051269531250002,-0.0169677734375,0.4830322265625,0.2,-0.0001953125,0.0,0.0045810546875,0.0,3
246,24.601447646999986,7289.422750792,24598091,0,1,none,-0.10791015625,-0.109619140625,-0.1087646484375,-0.020263671875,4.64e-07,0.4339262863685345,0.4979248046875,0.201341796875,-0.0172119140625,0.4827880859375,0.2,0.0007880859375,0.0004541015625,0.004626953125,0.0,16
247,24.70144317700033,7289.522753128,24698094,0,1,none,-0.106689453125,-0.110107421875,-0.1083984375,-0.0196533203125,4.64e-07,0.43227623248922414,0.4947509765625,0.20057617187500001,-0.0174560546875,0.4825439453125,0.2,0.0011171875000000001,0.0,0.00466796875,0.0,3
248,24.80145223799991,7289.622757456,24798099,0,1,none,-0.104736328125,-0.110107421875,-0.107421875,-0.0191650390625,4.56e-07,0.4366005345394736,0.49462890625,0.19908984375,-0.0155029296875,0.4844970703125,0.2,0.0013388671875,0.0,0.0046982421875,0.0,3
249,24.90145523299998,7289.722758792,24898101,0,1,none,-0.108642578125,-0.1112060546875,-0.10992431640625,-0.02001953125,4.64e-07,0.43507753569504304,0.5059814453125,0.2018759765625,-0.0152587890625,0.4847412109375,0.2,-0.000771484375,-0.00028515625,0.004716796875,0.0,3
250,25.00145198500013,7289.822758128,24998101,0,1,none,-0.1092529296875,-0.1107177734375,-0.1099853515625,-0.0208740234375,4.64e-07,0.4324698612607758,0.5030517578125,0.200666015625,-0.017333984375,0.482666015625,0.2,4.8828125e-05,0.0,0.0047294921875,0.0,3
251,25.101455936999628,7289.922760464,25098104,0,1,none,-0.1075439453125,-0.1099853515625,-0.1087646484375,-0.0206298828125,4.64e-07,0.4302915375808189,0.49951171875,0.1996552734375,-0.0177001953125,0.4822998046875,0.2,0.00013964843750000002,0.0,0.004732421875,0.0,3
252,25.201461077000204,7290.022762792,25198107,0,1,none,-0.1058349609375,-0.111572265625,-0.10870361328125,-0.01953125,4.56e-07,0.43912760416666663,0.489990234375,0.2002421875,-0.015625,0.484375,0.2,0.000951171875,0.0,0.00473046875,0.0,3
253,25.30145914900004,7290.122766128,25298111,0,1,none,-0.1021728515625,-0.1102294921875,-0.106201171875,-0.017822265625,4.56e-07,0.43691320586622806,0.4954833984375,0.199232421875,-0.015625,0.484375,0.2,-0.0005185546875,0.0,0.0047236328125,0.0,3
254,25.40146349099996,7290.222766464,25398112,0,1,none,-0.108154296875,-0.109619140625,-0.10888671875,-0.0198974609375,4.64e-07,0.4316700902478448,0.49853515625,0.200294921875,-0.0174560546875,0.4825439453125,0.2,-0.0011748046875,0.0,0.0047109375,0.0,3
255,25.50148316600007,7290.3227708,25498117,0,1,none,-0.10791015625,-0.1097412109375,-0.10882568359375,-0.0206298828125,4.64e-07,0.43059671336206895,0.493408203125,0.199796875,-0.0172119140625,0.4827880859375,0.2,-0.0001318359375,0.0,0.0047001953125,0.0,3
256,25.60146498100039,7290.422768128,25598115,0,1,none,-0.10546875,-0.10986328125,-0.107666015625,-0.0191650390625,4.56e-07,0.43728798314144735,0.4915771484375,0.1994033203125,-0.015380859375,0.484619140625,0.2,-4.9804687500000004e-05,0.0,0.0046894531250000005,0.0,3
257,25.701461829000436,7290.522772464,25698120,0,1,none,-0.10400390625,-0.111083984375,-0.1075439453125,-0.019287109375,4.56e-07,0.43817459909539475,0.4971923828125,0.1998076171875,-0.014892578125,0.485107421875,0.2,0.0001044921875,0.0,0.004677734375,0.0,3
258,25.80144570199991,7290.6227678,25798116,0,1,none,-0.1085205078125,-0.10986328125,-0.10919189453125,-0.0201416015625,4.64e-07,0.4315059267241379,0.5001220703125,0.20021875,-0.0177001953125,0.4822998046875,0.2,-0.0018339843750000001,0.0005166015625,0.004669921875,0.0,3
259,25.901458111000466,7290.722767136,25898116,0,1,none,-0.10693359375,-0.1119384765625,-0.10943603515625,-0.0194091796875,4.64e-07,0.4322194066540948,0.4931640625,0.2005498046875,-0.0179443359375,0.4820556640625,0.2,0.00129296875,0.00030859375,0.0046669921875,0.0,16
260,26.00145530700047,7290.822769464,25998119,0,1,none,-0.1065673828125,-0.1099853515625,-0.1082763671875,-0.02001953125,4.56e-07,0.4386136239035087,0.4937744140625,0.2000078125,-0.015380859375,0.484619140625,0.2,0.000498046875,0.0,0.0046689453125,0.0,3
261,26.101455791000262,7290.9227708,26098121,0,1,none,-0.1051025390625,-0.1092529296875,-0.107177734375,-0.019775390625,4.56e-07,0.43795401589912275,0.5003662109375,0.19970703125,-0.0150146484375,0.4849853515625,0.2,0.00046875,0.0,0.0046728515625,0.0,3
262,26.20146012100031,7291.022775136,26198126,0,1,none,-0.109375,-0.1092529296875,-0.10931396484375,-0.0205078125,4.64e-07,0.432745571794181,0.4959716796875,0.2007939453125,-0.0172119140625,0.4827880859375,0.2,-0.0005693359375,-0.0003076171875,0.0046748046875,0.0,16
263,26.301449223000418,7291.122772472,26298124,0,1,none,-0.107421875,-0.110107421875,-0.1087646484375,-0.01953125,4.64e-07,0.4316132644127155,0.4974365234375,0.20026855468750002,-0.0179443359375,0.4820556640625,0.2,0.000333984375,0.000255859375,0.0046738281250000005,0.0,3
264,26.401449001999936,7291.222774808,26398127,0,1,none,-0.1064453125,-0.109619140625,-0.1080322265625,-0.019775390625,4.64e-07,0.4310597386853448,0.49365234375,0.20001171875,-0.017578125,0.482421875,0.2,0.00046679687500000004,0.0,0.0046748046875,0.0,3
265,26.501455722999708,7291.322774136,26498127,0,1,none,-0.10595703125,-0.11083984375,-0.1083984375,-0.0208740234375,4.56e-07,0.4381317674067982,0.4976806640625,0.1997880859375,-0.015380859375,0.484619140625,0.2,-0.0010478515625,-0.00036328125,0.004669921875,0.0,16
266,26.601456209999924,7291.422776472,26598130,0,1,none,-0.1102294921875,-0.1112060546875,-0.1107177734375,-0.021484375,4.64e-07,0.4317647999730603,0.498046875,0.2003388671875,-0.0181884765625,0.4818115234375,0.2,-0.000267578125,0.0,0.004669921875,0.0,3
267,26.701459586000055,7291.522776808,26698131,0,1,none,-0.1087646484375,-0.1097412109375,-0.1092529296875,-0.0208740234375,4.64e-07,0.43184267241379304,0.5032958984375,0.200375,-0.017578125,0.482421875,0.2,0.0007041015625,0.0,0.0046669921875,0.0,3
268,26.80145099499987,7291.622778136,26798133,0,1,none,-0.1068115234375,-0.109375,-0.10809326171875,-0.0201416015625,4.56e-07,0.4368146929824562,0.494140625,0.19918750000000002,-0.0172119140625,0.4827880859375,0.2,0.0003935546875,0.0,0.0046669921875,0.0,16
269,26.901458757,7291.722779472,26898135,0,1,none,-0.1060791015625,-0.110595703125,-0.10833740234375,-0.0201416015625,4.56e-07,0.43691748903508765,0.490966796875,0.199234375,-0.0172119140625,0.4827880859375,0.2,-0.0003701171875,0.0,0.004669921875,0.0,3
270,27.001452634999623,7291.822784808,26998141,0,1,none,-0.111083984375,-0.1097412109375,-0.11041259765625,-0.0225830078125,4.64e-07,0.4340483566810344,0.49853515625,0.2013984375,-0.01513671875,0.48486328125,0.2,-0.00076171875,0.0,0.004671875,0.0,16
271,27.101460507999946,7291.922784144,27098141,0,1,none,-0.1070556640625,-0.109375,-0.10821533203125,-0.0186767578125,4.64e-07,0.43103658741918105,0.4996337890625,0.20000097656250002,-0.0174560546875,0.4825439453125,0.2,1.5625e-05,0.0005527343750000001,0.004677734375,0.0,3
272,27.201455352000266,7292.02278148,27198139,0,1,none,-0.107666015625,-0.1099853515625,-0.10882568359375,-0.0203857421875,4.64e-07,0.43209944100215514,0.4971923828125,0.200494140625,-0.0177001953125,0.4822998046875,0.2,-0.0001591796875,0.00028515625,0.0046904296875,0.0,3
273,27.301449214999593,7292.122782808,27298141,0,1,none,-0.1048583984375,-0.110107421875,-0.10748291015625,-0.0185546875,4.56e-07,0.43820029810855265,0.495361328125,0.1998193359375,-0.0147705078125,0.4852294921875,0.2,0.000634765625,0.0,0.0047060546875,0.0,16
274,27.40145072500036,7292.222783144,27398142,0,1,none,-0.1099853515625,-0.111083984375,-0.11053466796875,-0.02099609375,4.64e-07,0.43370950633081895,0.5013427734375,0.2012412109375,-0.0142822265625,0.4857177734375,0.2,-0.00023144531250000002,0.0,0.0047216796875,0.0,3
275,27.501448574999813,7292.32278448,27498144,0,1,none,-0.1070556640625,-0.109375,-0.10821533203125,-0.01904296875,4.64e-07,0.43133965853987066,0.4908447265625,0.2001416015625,-0.01806640625,0.48193359375,0.2,-8.984375e-05,0.0003212890625,0.0047412109375,0.0,16
276,27.601446407000367,7292.422784816,27598145,0,1,none,-0.1080322265625,-0.111083984375,-0.10955810546875,-0.020751953125,4.64e-07,0.4317900558997844,0.49462890625,0.2003505859375,-0.0179443359375,0.4820556640625,0.2,0.0004296875,0.000529296875,0.004767578125,0.0,16
277,27.701465895999718,7292.522791144,27698152,0,1,none,-0.106201171875,-0.1094970703125,-0.10784912109375,-0.0198974609375,4.56e-07,0.438232421875,0.49658203125,0.199833984375,-0.015625,0.484375,0.2,0.000515625,0.0,0.004802734375,0.0,3
278,27.801456582000355,7292.62279048,27798152,0,1,none,-0.10400390625,-0.1102294921875,-0.10711669921875,-0.0184326171875,4.56e-07,0.4396630002741228,0.4954833984375,0.200486328125,-0.015625,0.484375,0.2,-0.0009335937500000001,0.0,0.0048525390625,0.0,3
279,27.901454177000232,7292.722792816,27898155,0,1,none,-0.10888671875,-0.111328125,-0.110107421875,-0.0205078125,4.64e-07,0.43370950633081895,0.4976806640625,0.2012412109375,-0.0181884765625,0.4818115234375,0.2,-0.0006962890625,0.0009853515625000001,0.0049208984375,0.0,16
280,28.001465383000323,7292.822799152,27998162,0,1,none,-0.1075439453125,-0.109375,-0.10845947265625,-0.0203857421875,4.64e-07,0.43191002155172414,0.497314453125,0.20040625,-0.0184326171875,0.4815673828125,0.2,0.00019921875000000001,0.0003642578125,0.005,0.0,3
281,28.10146303500005,7292.92279948,28098163,0,1,none,-0.106201171875,-0.1121826171875,-0.10919189453125,-0.01953125,4.56e-07,0.43757281387061403,0.495849609375,0.199533203125,-0.019775390625,0.480224609375,0.2,0.00037890625,0.0,0.0050791015625000005,0.0,3
282,28.20145364899963,7293.022794816,28198159,0,1,none,-0.104736328125,-0.1112060546875,-0.10797119140625,-0.0196533203125,4.56e-07,0.44003991913377194,0.5009765625,0.20065820312500002,-0.016845703125,0.483154296875,0.2,0.000349609375,0.0,0.0051572265625,0.0,3
283,28.301457544000186,7293.122796152,28298161,0,1,none,-0.107666015625,-0.11083984375,-0.1092529296875,-0.019287109375,4.64e-07,0.4326003502155172,0.5030517578125,0.2007265625,-0.0194091796875,0.4805908203125,0.2,9.765625e-06,0.0,0.0052236328125,0.0,3
284,28.401450788999682,7293.222795488,28398161,0,1,none,-0.1070556640625,-0.1104736328125,-0.1087646484375,-0.0189208984375,4.64e-07,0.43183846309267243,0.5018310546875,0.20037304687500002,-0.019287109375,0.480712890625,0.2,0.000826171875,0.000478515625,0.005271484375,0.0,16
285,28.501452745999813,7293.322798816,28498165,0,1,none,-0.105712890625,-0.109375,-0.1075439453125,-0.0196533203125,4.56e-07,0.4378533614309211,0.4996337890625,0.1996611328125,-0.0194091796875,0.4805908203125,0.2,0.000244140625,0.0003203125,0.0053076171875000005,0.0,3
286,28.60145386000022,7293.422798152,28598165,0,1,none,-0.1051025390625,-0.1094970703125,-0.1072998046875,-0.02001953125,4.56e-07,0.4381446169133772,0.49560546875,0.1997939453125,-0.017578125,0.482421875,0.2,-0.0005322265625,0.0,0.0053330078125,0.0,3
287,28.701445425000202,7293.522796488,28698164,0,1,none,-0.1102294921875,-0.1097412109375,-0.1099853515625,-0.021484375,4.64e-07,0.4330107590247845,0.5015869140625,0.2009169921875,-0.0205078125,0.4794921875,0.2,0.001810546875,0.0,0.005357421875,0.0,16
288,28.80145310900025,7293.622798824,28798167,0,1,none,-0.1083984375,-0.1107177734375,-0.10955810546875,-0.020751953125,4.64e-07,0.4322783371497844,0.4986572265625,0.2005771484375,-0.0198974609375,0.4801025390625,0.2,0.00101953125,0.00033691406250000003,0.0053828125000000004,0.0,3
289,28.90145630799998,7293.722805152,28898174,0,1,none,-0.1068115234375,-0.111328125,-0.10906982421875,-0.0203857421875,4.56e-07,0.4369046395285088,0.4913330078125,0.199228515625,-0.01806640625,0.48193359375,0.2,-0.000443359375,0.0,0.0054111328125,0.0,3
290,29.001454227000067,7293.822801488,28998171,0,1,none,-0.1029052734375,-0.108154296875,-0.10552978515625,-0.0177001953125,4.56e-07,0.43830095257675433,0.4959716796875,0.199865234375,-0.0177001953125,0.4822998046875,0.2,0.0011054687500000001,0.0,0.0054384765625,0.0,3
291,29.101442813000176,7293.922800824,29098171,0,1,none,-0.1072998046875,-0.1121826171875,-0.1097412109375,-0.01904296875,4.64e-07,0.4331138873922413,0.495849609375,0.20096484375,-0.0205078125,0.4794921875,0.2,-0.0005263671875,-0.0006171875,0.005458984375,0.0,3
292,29.201448367000012,7294.02280216,29198173,0,1,none,-0.107666015625,-0.1097412109375,-0.10870361328125,-0.019775390625,4.64e-07,0.43262139682112066,0.4927978515625,0.200736328125,-0.020751953125,0.479248046875,0.2,0.000451171875,0.0,0.00546484375,0.0,3
293,29.30146103700008,7294.122810488,29298182,0,1,none,-0.1053466796875,-0.11181640625,-0.10858154296875,-0.0181884765625,4.56e-07,0.4345231976425438,0.4947509765625,0.198142578125,-0.01806640625,0.48193359375,0.2,0.000353515625,-0.000388671875,0.005458984375,0.0,16
294,29.40145704800034,7294.222808824,29398181,0,1,none,-0.105224609375,-0.109619140625,-0.107421875,-0.02001953125,4.56e-07,0.43808251096491224,0.4951171875,0.199765625,-0.0177001953125,0.4822998046875,0.2,-0.0005126953125,0.0,0.005451171875,0.0,3
295,29.501450394999665,7294.32280916,29498182,0,1,none,-0.10791015625,-0.1107177734375,-0.10931396484375,-0.0198974609375,4.64e-07,0.4331496666217672,0.5025634765625,0.2009814453125,-0.02001953125,0.47998046875,0.2,-0.0005126953125,0.0,0.005455078125,0.0,3
296,29.60144905800007,7294.422808496,29598182,0,1,none,-0.108642578125,-0.110107421875,-0.109375,-0.02099609375,4.64e-07,0.4291297649515086,0.497314453125,0.1991162109375,-0.0208740234375,0.4791259765625,0.2,-0.0001572265625,0.000501953125,0.00546484375,0.0,3
297,29.701463686999887,7294.522816832,29698191,0,1,none,-0.107177734375,-0.109619140625,-0.1083984375,-0.020263671875,4.64e-07,0.43314124797952586,0.495361328125,0.20097753906250002,-0.020263671875,0.479736328125,0.2,0.001205078125,0.0,0.00547265625,0.0,16
298,29.801459682999848,7294.62281616,29798191,0,1,none,-0.1060791015625,-0.110595703125,-0.10833740234375,-0.02001953125,4.56e-07,0.43746573464912275,0.4959716796875,0.199484375,-0.01806640625,0.48193359375,0.2,0.00013867187500000001,0.0,0.0054677734375,0.0,3
299,29.901453039000444,7294.722814496,29898190,0,1,none,-0.109130859375,-0.1109619140625,-0.11004638671875,-0.0206298828125,4.64e-07,0.4328529094827586,0.499755859375,0.20084375000000002,-0.0206298828125,0.4793701171875,0.2,-0.0005810546875,0.0,0.005451171875,0.0,16
300,30.00145241900009,7294.822814832,29998191,0,1,none,-0.109375,-0.1092529296875,-0.10931396484375,-0.0208740234375,4.64e-07,0.42942441742995685,0.496826171875,0.1992529296875,-0.02001953125,0.47998046875,0.2,0.0015771484375,0.0002490234375,0.005419921875,0.0,3
301,30.10145358400041,7294.922814168,30098191,0,1,none,-0.1055908203125,-0.1094970703125,-0.1075439453125,-0.01904296875,4.64e-07,0.4306893184267241,0.4970703125,0.19983984375,-0.0196533203125,0.4803466796875,0.2,-8.30078125e-05,-0.0003125,0.0053818359375,0.0,16
302,30.201457035000203,7295.022817496,30198195,0,1,none,-0.1041259765625,-0.109375,-0.10675048828125,-0.0189208984375,4.56e-07,0.4371273643092105,0.49560546875,0.199330078125,-0.01708984375,0.48291015625,0.2,-0.000248046875,0.0,0.0053369140625,0.0,3
303,30.301449137000418,7295.122815832,30298194,0,1,none,-0.1083984375,-0.110595703125,-0.1094970703125,-0.0198974609375,4.64e-07,0.4304914803340517,0.5009765625,0.199748046875,-0.019287109375,0.480712890625,0.2,-0.00076171875,0.0,0.0052939453125,0.0,16
304,30.401450151999597,7295.222819168,30398198,0,1,none,-0.1065673828125,-0.1094970703125,-0.1080322265625,-0.0189208984375,4.64e-07,0.4298200936153017,0.4931640625,0.1994365234375,-0.019775390625,0.480224609375,0.2,0.0012216796875000001,0.0,0.0052578125,0.0,3
305,30.501448670999707,7295.322817496,30498197,0,1,none,-0.105712890625,-0.11181640625,-0.1087646484375,-0.0191650390625,4.56e-07,0.4383759080317982,0.4974365234375,0.1998994140625,-0.016845703125,0.483154296875,0.2,-0.0007802734375,0.0,0.0052333984375,0.0,3
306,30.601486417999695,7295.422828832,30598209,0,1,none,-0.10400390625,-0.1121826171875,-0.10809326171875,-0.0191650390625,4.56e-07,0.43716591282894735,0.4913330078125,0.19934765625,-0.0169677734375,0.4830322265625,0.2,-0.00048046875,-0.00053515625,0.00521875,0.0,3
307,30.70146373300031,7295.522825168,30698206,0,1,none,-0.1092529296875,-0.1103515625,-0.10980224609375,-0.02099609375,4.64e-07,0.43045149178340514,0.4942626953125,0.1997294921875,-0.0196533203125,0.4803466796875,0.2,-0.0019482421875,0.0,0.0052080078125,0.0,3
308,30.801458918999742,7295.622825504,30798207,0,1,none,-0.1083984375,-0.110595703125,-0.1094970703125,-0.0201416015625,4.64e-07,0.4320152545797413,0.4971923828125,0.200455078125,-0.01708984375,0.48291015625,0.2,-0.00089453125,0.0,0.0051953125,0.0,3
309,30.901460048000445,7295.72282584,30898208,0,1,none,-0.105224609375,-0.1094970703125,-0.10736083984375,-0.018310546875,4.64e-07,0.4308682145743534,0.4930419921875,0.1999228515625,-0.0169677734375,0.4830322265625,0.2,0.0003798828125,0.00059765625,0.005189453125,0.0,16
310,31.001459002000047,7295.822825168,30998208,0,1,none,-0.103515625,-0.1109619140625,-0.10723876953125,-0.0179443359375,4.56e-07,0.43759208813048245,0.4954833984375,0.19954199218750002,-0.0169677734375,0.4830322265625,0.2,-0.000701171875,0.0,0.0051865234375,0.0,16
311,31.101447953999923,7295.922825504,31098209,0,1,none,-0.10791015625,-0.1102294921875,-0.10906982421875,-0.01953125,4.64e-07,0.43043886382004304,0.4989013671875,0.1997236328125,-0.0189208984375,0.4810791015625,0.2,-0.001439453125,-0.00078125,0.0051826171875,0.0,3
312,31.201444291999906,7296.02282484,31198209,0,1,none,-0.1072998046875,-0.1082763671875,-0.1077880859375,-0.019775390625,4.64e-07,0.430188409213362,0.4927978515625,0.199607421875,-0.019287109375,0.480712890625,0.2,0.00013769531250000001,0.0003642578125,0.0051787109375,0.0,3
313,31.301450773000397,7296.122829168,31298214,0,1,none,-0.1065673828125,-0.10986328125,-0.10821533203125,-0.0205078125,4.56e-07,0.43885990611293857,0.498779296875,0.2001201171875,-0.0172119140625,0.4827880859375,0.2,1.171875e-05,0.0,0.0051748046875,0.0,3
314,31.40145939299964,7296.222832504,31398218,0,1,none,-0.10546875,-0.1109619140625,-0.10821533203125,-0.0208740234375,4.56e-07,0.43570963541666663,0.4915771484375,0.19868359375,-0.01708984375,0.48291015625,0.2,0.0002060546875,0.0,0.005171875,0.0,16
315,31.501449985999898,7296.32282884,31498215,0,1,none,-0.110107421875,-0.1097412109375,-0.10992431640625,-0.021484375,4.64e-07,0.4328129209321121,0.506103515625,0.2008251953125,-0.0198974609375,0.4801025390625,0.2,0.0019619140625,-0.000333984375,0.0051728515625,0.0,16
316,31.601453545000368,7296.422831176,31598218,0,1,none,-0.107177734375,-0.109619140625,-0.1083984375,-0.0198974609375,4.64e-07,0.4314533102101292,0.492919921875,0.2001943359375,-0.0189208984375,0.4810791015625,0.2,0.0010439453125,0.0,0.00517578125,0.0,3
317,31.701451842000097,7296.522836504,31698224,0,1,none,-0.1064453125,-0.110107421875,-0.1082763671875,-0.0198974609375,4.56e-07,0.4372087445175439,0.49365234375,0.19936718750000001,-0.0169677734375,0.4830322265625,0.2,-0.0008085937500000001,0.0,0.0051787109375,0.0,3
318,31.801447918999656,7296.62283184,31798220,0,1,none,-0.1026611328125,-0.112060546875,-0.10736083984375,-0.017822265625,4.56e-07,0.43608441269188597,0.494384765625,0.1988544921875,-0.0167236328125,0.4832763671875,0.2,-0.00034765625,0.0,0.0051748046875,0.0,3
319,31.901453677000063,7296.722836176,31898225,0,1,none,-0.10888671875,-0.1107177734375,-0.10980224609375,-0.0205078125,4.64e-07,0.4311881229795258,0.49560546875,0.2000712890625,-0.0191650390625,0.4808349609375,0.2,-0.00046386718750000003,0.0003173828125,0.00516796875,0.0,16
320,32.00144543700026,7296.822835512,31998225,0,1,none,-0.107177734375,-0.109619140625,-0.1083984375,-0.0198974609375,4.64e-07,0.4315943224676724,0.494140625,0.200259765625,-0.0169677734375,0.4830322265625,0.2,0.00046679687500000004,0.0,0.0051494140625,0.0,3
321,32.101450709000346,7296.92283984,32098230,0,1,none,-0.10546875,-0.1123046875,-0.10888671875,-0.0203857421875,4.56e-07,0.43691320586622806,0.4923095703125,0.199232421875,-0.016845703125,0.483154296875,0.2,-0.00045703125,0.0,0.0051240234375,0.0,3
322,32.20145541399961,7297.022839176,32198230,0,1,none,-0.1090087890625,-0.110107421875,-0.10955810546875,-0.0198974609375,4.64e-07,0.4317206021012931,0.498291015625,0.200318359375,-0.0194091796875,0.4805908203125,0.2,-0.0007734375,-0.0003662109375,0.0050888671875,0.0,16
323,32.30145059300048,7297.122838512,32298230,0,1,none,-0.1077880859375,-0.1116943359375,-0.1097412109375,-0.0198974609375,4.64e-07,0.43088926117995685,0.490478515625,0.1999326171875,-0.0196533203125,0.4803466796875,0.2,-5.7617187500000004e-05,0.0,0.0050439453125,0.0,16
324,32.401448184999936,7297.222835848,32398228,0,1,none,-0.1068115234375,-0.110595703125,-0.10870361328125,-0.0196533203125,4.64e-07,0.43087663321659475,0.4886474609375,0.1999267578125,-0.0159912109375,0.4840087890625,0.2,-0.000447265625,0.0004541015625,0.0049931640625,0.0,3
325,32.50145057700047,7297.322843176,32498236,0,1,none,-0.1055908203125,-0.1109619140625,-0.1082763671875,-0.019775390625,4.56e-07,0.43695389597039475,0.492919921875,0.19925097656250002,-0.01611328125,0.48388671875,0.2,-0.0004482421875,0.0,0.0049443359375,0.0,3
326,32.60145075800028,7297.422842512,32598236,0,1,none,-0.10986328125,-0.109130859375,-0.1094970703125,-0.021484375,4.64e-07,0.43098186624461204,0.5003662109375,0.1999755859375,-0.0186767578125,0.4813232421875,0.2,-0.0008066406250000001,-0.00035546875,0.0049052734375,0.0,16
327,32.70146206000027,7297.522844848,32698239,0,1,none,-0.1064453125,-0.10888671875,-0.107666015625,-0.0191650390625,4.64e-07,0.43310546874999994,0.499267578125,0.2009609375,-0.01611328125,0.48388671875,0.2,-0.00017578125,0.00040429687500000003,0.004873046875,0.0,16
328,32.80146165899987,7297.622849184,32798244,0,1,none,-0.1065673828125,-0.1121826171875,-0.109375,-0.0203857421875,4.64e-07,0.4315585432381465,0.4918212890625,0.2002431640625,-0.017822265625,0.482177734375,0.2,0.0012021484375,0.0,0.004841796875,0.0,3
329,32.90145658399979,7297.722849512,32898245,0,1,none,-0.1038818359375,-0.1102294921875,-0.1070556640625,-0.0189208984375,4.56e-07,0.43660695929276316,0.4869384765625,0.1990927734375,-0.0155029296875,0.4844970703125,0.2,-0.00044140625,0.0,0.0048095703125,0.0,16
330,33.00145620399962,7297.822843848,32998240,0,1,none,-0.1090087890625,-0.1109619140625,-0.1099853515625,-0.0203857421875,4.64e-07,0.43081559806034475,0.4970703125,0.1998984375,-0.0177001953125,0.4822998046875,0.2,-0.0001943359375,-0.0004306640625,0.0047763671875,0.0,16
331,33.101451296999585,7297.922847184,33098244,0,1,none,-0.1080322265625,-0.109130859375,-0.10858154296875,-0.020263671875,4.64e-07,0.43060513200431033,0.490234375,0.19980078125,-0.0174560546875,0.4825439453125,0.2,-0.0001865234375,0.0,0.0047441406250000005,0.0,3
332,33.20144867900035,7298.022848512,33198246,0,1,none,-0.1055908203125,-0.1116943359375,-0.108642578125,-0.0186767578125,4.56e-07,0.4373543722587719,0.498779296875,0.19943359375,-0.0140380859375,0.4859619140625,0.2,0.0007802734375,0.0003134765625,0.0047119140625,0.0,3
333,33.30144434199974,7298.122847848,33298246,0,1,none,-0.1038818359375,-0.11181640625,-0.10784912109375,-0.0191650390625,4.56e-07,0.4361336691337719,0.4896240234375,0.198876953125,-0.015380859375,0.484619140625,0.2,-0.00051171875,-0.0003525390625,0.0046748046875,0.0,16
334,33.40145359500002,7298.222851184,33398250,0,1,none,-0.10986328125,-0.111083984375,-0.1104736328125,-0.0213623046875,4.64e-07,0.43277503704202586,0.496826171875,0.2008076171875,-0.01708984375,0.48291015625,0.2,0.0002998046875,0.0,0.004640625,0.0,3
335,33.50145579200034,7298.32285452,33498254,0,1,none,-0.1065673828125,-0.112060546875,-0.10931396484375,-0.0191650390625,4.64e-07,0.4327413624730604,0.4957275390625,0.20079199218750002,-0.014892578125,0.485107421875,0.2,0.000591796875,0.0002900390625,0.00460546875,0.0,16
336,33.60144936100005,7298.422853848,33598254,0,1,none,-0.1064453125,-0.110595703125,-0.1085205078125,-0.02001953125,4.56e-07,0.4360779879385965,0.4935302734375,0.1988515625,-0.0142822265625,0.4857177734375,0.2,-0.0004560546875,0.0,0.0045732421875,0.0,16
337,33.70145811299972,7298.522856184,33698257,0,1,none,-0.1033935546875,-0.111328125,-0.10736083984375,-0.0186767578125,4.56e-07,0.43701600191885964,0.4918212890625,0.199279296875,-0.0146484375,0.4853515625,0.2,-0.0004462890625,0.0,0.0045458984375,0.0,3
338,33.80145669800004,7298.62285652,33798258,0,1,none,-0.1075439453125,-0.1109619140625,-0.1092529296875,-0.0191650390625,4.64e-07,0.43105132004310337,0.4971923828125,0.2000078125,-0.0172119140625,0.4827880859375,0.2,0.002,0.0002666015625,0.0045283203125000004,0.0,3
339,33.90144826899996,7298.722860856,33898263,0,1,none,-0.1065673828125,-0.1092529296875,-0.10791015625,-0.01953125,4.64e-07,0.4309334590517241,0.490966796875,0.199953125,-0.0167236328125,0.4832763671875,0.2,5.56640625e-05,0.0,0.0045185546875,0.0,3
340,34.00145120399975,7298.822857184,33998260,0,1,none,-0.104248046875,-0.11083984375,-0.1075439453125,-0.018310546875,4.56e-07,0.43964800918311403,0.49560546875,0.2004794921875,-0.01416015625,0.48583984375,0.2,-6.54296875e-05,0.0,0.004517578125,0.0,16
341,34.10144934799973,7298.92285852,34098262,0,1,none,-0.10986328125,-0.10986328125,-0.10986328125,-0.021240234375,4.64e-07,0.43098818022629304,0.4981689453125,0.199978515625,-0.0191650390625,0.4808349609375,0.2,-0.0001943359375,0.0,0.0045283203125000004,0.0,16
342,34.201441006000096,7299.022859856,34198264,0,1,none,-0.1072998046875,-0.1099853515625,-0.108642578125,-0.0196533203125,4.64e-07,0.43240672144396547,0.5001220703125,0.20063671875,-0.016845703125,0.483154296875,0.2,0.00046093750000000003,0.0006513671875,0.0045458984375,0.0,3
343,34.30144635299985,7299.122861184,34298266,0,1,none,-0.107177734375,-0.1114501953125,-0.10931396484375,-0.0205078125,4.56e-07,0.4394338507401316,0.49951171875,0.2003818359375,-0.0169677734375,0.4830322265625,0.2,0.0001533203125,0.0,0.0045703125,0.0,16
344,34.40145691999987,7299.22286452,34398270,0,1,none,-0.1041259765625,-0.1112060546875,-0.107666015625,-0.0191650390625,4.56e-07,0.4375299821820175,0.4879150390625,0.199513671875,-0.0142822265625,0.4857177734375,0.2,0.0001826171875,0.0,0.00459765625,0.0,3
345,34.501461568000195,7299.322868856,34498275,0,1,none,-0.1085205078125,-0.110595703125,-0.10955810546875,-0.0198974609375,4.64e-07,0.4330696895204741,0.4974365234375,0.2009443359375,-0.0174560546875,0.4825439453125,0.2,-0.0002978515625,-0.00062890625,0.00462890625,0.0,16
346,34.60145333699984,7299.422866192,34598273,0,1,none,-0.106689453125,-0.110107421875,-0.1083984375,-0.01953125,4.64e-07,0.4318005792025862,0.4952392578125,0.20035546875000002,-0.017333984375,0.482666015625,0.2,0.0008203125,0.0004072265625,0.0046748046875,0.0,3
347,34.701454672999716,7299.52286552,34698273,0,1,none,-0.107421875,-0.11083984375,-0.109130859375,-0.0208740234375,4.56e-07,0.43905050712719296,0.5013427734375,0.20020703125,-0.0184326171875,0.4815673828125,0.2,4.1992187500000003e-05,0.0002841796875,0.0047353515625,0.0,16
348,34.80145463200006,7299.622867856,34798276,0,1,none,-0.1048583984375,-0.1102294921875,-0.1075439453125,-0.0196533203125,4.56e-07,0.43803753769188597,0.4945068359375,0.19974511718750002,-0.0177001953125,0.4822998046875,0.2,0.0009892578125000001,0.0,0.00480078125,0.0,3
349,34.901456235000296,7299.722871192,34898280,0,1,none,-0.1083984375,-0.108642578125,-0.1085205078125,-0.02001953125,4.64e-07,0.43353481950431033,0.5023193359375,0.20116015625,-0.0179443359375,0.4820556640625,0.2,0.0019931640625,0.0008525390625,0.0048583984375000005,0.0,16
350,35.00144308400013,7299.822868528,34998278,0,1,none,-0.106689453125,-0.109619140625,-0.108154296875,-0.019775390625,4.64e-07,0.4322951744342672,0.495849609375,0.2005849609375,-0.01806640625,0.48193359375,0.2,0.00120703125,0.0005244140625,0.004904296875,0.0,16
351,35.101450498000304,7299.922867856,35098278,0,1,none,-0.10498046875,-0.111083984375,-0.1080322265625,-0.0191650390625,4.56e-07,0.43815318325109653,0.4906005859375,0.19979785156250002,-0.016357421875,0.483642578125,0.2,-0.0002412109375,0.0,0.0049375,0.0,3
352,35.20145647499976,7300.022871192,35198282,0,1,none,-0.109375,-0.1107177734375,-0.11004638671875,-0.02099609375,4.64e-07,0.43349483095366376,0.4957275390625,0.2011416015625,-0.01513671875,0.48486328125,0.2,0.0002666015625,0.0,0.004955078125,0.0,3
353,35.30145489500046,7300.122871528,35298283,0,1,none,-0.108154296875,-0.110107421875,-0.109130859375,-0.02001953125,4.64e-07,0.43329909752155166,0.4990234375,0.20105078125,-0.0184326171875,0.4815673828125,0.2,0.0008798828125,0.000318359375,0.0049648437500000005,0.0,3
354,35.40152485300041,7300.222899864,35398312,0,1,none,-0.106201171875,-0.109375,-0.1077880859375,-0.019775390625,4.64e-07,0.43135860048491376,0.497802734375,0.200150390625,-0.01611328125,0.48388671875,0.2,0.0005283203125,0.0,0.0049677734375,0.0,3
355,35.501480967000134,7300.322887192,35498300,0,1,none,-0.1041259765625,-0.11279296875,-0.10845947265625,-0.0186767578125,4.56e-07,0.4377270079495614,0.4908447265625,0.199603515625,-0.01611328125,0.48388671875,0.2,5.6640625e-05,0.0,0.0049716796875,0.0,3
356,35.60146650800016,7300.422878528,35598292,0,1,none,-0.10888671875,-0.10986328125,-0.109375,-0.0203857421875,4.64e-07,0.4333790746228448,0.5001220703125,0.20108789062500002,-0.0185546875,0.4814453125,0.2,-0.0006318359375,-0.00033203125,0.0049765625,0.0,3
357,35.70148795899968,7300.522892864,35698307,0,1,none,-0.1075439453125,-0.1094970703125,-0.1085205078125,-0.0198974609375,4.64e-07,0.4316195783943965,0.4981689453125,0.200271484375,-0.0184326171875,0.4815673828125,0.2,-0.000244140625,0.0,0.004982421875,0.0,3
358,35.801469044999976,7300.622884192,35798299,0,1,none,-0.1053466796875,-0.109619140625,-0.10748291015625,-0.0191650390625,4.56e-07,0.4390847724780701,0.4942626953125,0.20022265625,-0.0162353515625,0.4837646484375,0.2,-0.000361328125,0.0002412109375,0.004994140625,0.0,3
359,35.90146463000019,7300.722884528,35898300,0,1,none,-0.1026611328125,-0.1112060546875,-0.10693359375,-0.01708984375,4.56e-07,0.43801398026315785,0.499755859375,0.199734375,-0.0164794921875,0.4835205078125,0.2,8.88671875e-05,-0.000267578125,0.00501953125,0.0,3
360,36.001465825000196,7300.822882864,35998299,0,1,none,-0.10693359375,-0.1104736328125,-0.10870361328125,-0.01904296875,4.64e-07,0.43185950969827586,0.4954833984375,0.2003828125,-0.0185546875,0.4814453125,0.2,-0.0007548828125,0.0,0.0050439453125,0.0,3
361,36.10145281200039,7300.9228812,36098298,0,1,none,-0.1075439453125,-0.1109619140625,-0.1092529296875,-0.020263671875,4.64e-07,0.43189107960668094,0.4935302734375,0.2003974609375,-0.018798828125,0.481201171875,0.2,0.000220703125,0.0,0.005064453125,0.0,3
362,36.20145580700046,7301.022886528,36198304,0,1,none,-0.1051025390625,-0.1116943359375,-0.1083984375,-0.01904296875,4.56e-07,0.43901624177631576,0.4930419921875,0.20019140625,-0.0159912109375,0.4840087890625,0.2,1.953125e-05,0.0,0.005080078125,0.0,3
363,36.30145868799991,7301.122886864,36298305,0,1,none,-0.103515625,-0.109130859375,-0.1063232421875,-0.018798828125,4.56e-07,0.43781052974232454,0.48779296875,0.1996416015625,-0.0164794921875,0.4835205078125,0.2,-6.0546875e-05,0.0,0.0050927734375,0.0,3
364,36.40145378099987,7301.2228842,36398303,0,1,none,-0.107666015625,-0.110107421875,-0.10888671875,-0.0194091796875,4.64e-07,0.4302452350484913,0.4976806640625,0.1996337890625,-0.018798828125,0.481201171875,0.2,0.0003798828125,0.0006904296875,0.0051083984375,0.0,16
365,36.501455812999666,7301.322887536,36498307,0,1,none,-0.10791015625,-0.1099853515625,-0.10894775390625,-0.0208740234375,4.64e-07,0.43212469692887934,0.4967041015625,0.200505859375,-0.018798828125,0.481201171875,0.2,0.00020214843750000002,0.0,0.005125,0.0,3
366,36.60145068699967,7301.422889864,36598310,0,1,none,-0.1064453125,-0.112060546875,-0.1092529296875,-0.0201416015625,4.56e-07,0.43837162486293857,0.497802734375,0.1998974609375,-0.01708984375,0.48291015625,0.2,-0.000326171875,0.0,0.005134765625,0.0,3
367,36.701449082999716,7301.5228892,36698310,0,1,none,-0.1080322265625,-0.111083984375,-0.10955810546875,-0.01953125,4.64e-07,0.43132703057650856,0.4921875,0.2001357421875,-0.0196533203125,0.4803466796875,0.2,-0.000662109375,0.0,0.0051435546875,0.0,3
368,36.8014510160001,7301.622889536,36798311,0,1,none,-0.10791015625,-0.1097412109375,-0.10882568359375,-0.0198974609375,4.64e-07,0.432196255387931,0.5018310546875,0.2005390625,-0.0191650390625,0.4808349609375,0.2,0.0006328125,0.0,0.00515234375,0.0,3
369,36.90145814199968,7301.722891872,36898314,0,1,none,-0.1065673828125,-0.110107421875,-0.10833740234375,-0.0194091796875,4.64e-07,0.4338336813038792,0.5003662109375,0.201298828125,-0.0167236328125,0.4832763671875,0.2,0.0010380859375,0.0,0.0051630859375,0.0,3
370,37.001450067000405,7301.8228892,36998312,0,1,none,-0.1055908203125,-0.1103515625,-0.10797119140625,-0.0196533203125,4.56e-07,0.4371444969846491,0.4954833984375,0.199337890625,-0.01708984375,0.48291015625,0.2,-4.8828125e-05,0.0,0.0051699218750000005,0.0,3
371,37.10145185300007,7301.922886536,37098310,0,1,none,-0.111083984375,-0.1114501953125,-0.11126708984375,-0.0220947265625,4.64e-07,0.43579522494612066,0.5042724609375,0.202208984375,-0.01513671875,0.48486328125,0.2,-0.0003330078125,-0.0002734375,0.0051728515625,0.0,16
372,37.201460739999675,7302.022894872,37198319,0,1,none,-0.1077880859375,-0.1107177734375,-0.1092529296875,-0.0201416015625,4.64e-07,0.43060302734374994,0.4951171875,0.1997998046875,-0.0194091796875,0.4805908203125,0.2,-5.56640625e-05,0.0,0.0051708984375,0.0,3
373,37.3014495540001,7302.1228932,37298318,0,1,none,-0.107666015625,-0.1123046875,-0.1099853515625,-0.02099609375,4.56e-07,0.43918542694627194,0.494140625,0.20026855468750002,-0.016845703125,0.483154296875,0.2,0.000640625,0.0,0.0051513671875,0.0,3
374,37.40144640200015,7302.222892536,37398318,0,1,none,-0.1043701171875,-0.1104736328125,-0.107421875,-0.0189208984375,4.56e-07,0.4372408682839912,0.49365234375,0.1993818359375,-0.016357421875,0.483642578125,0.2,-0.0005087890625,0.0,0.0051220703125,0.0,16
375,37.50145220499962,7302.322892872,37498319,0,1,none,-0.10693359375,-0.109375,-0.108154296875,-0.018798828125,4.64e-07,0.4303799333243534,0.4945068359375,0.1996962890625,-0.018798828125,0.481201171875,0.2,-0.00036328125,-0.00058203125,0.0050849609375,0.0,3
376,37.60145413200007,7302.422898208,37598325,0,1,none,-0.107421875,-0.111572265625,-0.1094970703125,-0.019775390625,4.64e-07,0.4308871565193965,0.4932861328125,0.19993164062500002,-0.0189208984375,0.4810791015625,0.2,3.41796875e-05,0.0,0.00505078125,0.0,16
377,37.70145214100012,7302.522902536,37698330,0,1,none,-0.107421875,-0.1123046875,-0.10986328125,-0.0203857421875,4.56e-07,0.43799470600328944,0.4962158203125,0.1997255859375,-0.01611328125,0.48388671875,0.2,-0.0003662109375,0.0,0.0050224609375,0.0,3
378,37.80145326999991,7302.622900872,37798329,0,1,none,-0.101806640625,-0.1099853515625,-0.10589599609375,-0.017333984375,4.56e-07,0.43500291255482454,0.49462890625,0.198361328125,-0.0186767578125,0.4813232421875,0.2,-0.0009306640625000001,-0.00027734375000000003,0.004998046875,0.0,16
379,37.901458317000106,7302.722907208,37898336,0,1,none,-0.10791015625,-0.1094970703125,-0.10870361328125,-0.0205078125,4.64e-07,0.43066616716056033,0.4981689453125,0.1998291015625,-0.018310546875,0.481689453125,0.2,-0.0001640625,0.0,0.0049853515625,0.0,3
380,38.00145022400011,7302.822900544,37998330,0,1,none,-0.1070556640625,-0.1109619140625,-0.1090087890625,-0.019775390625,4.64e-07,0.43069352774784475,0.495361328125,0.199841796875,-0.018310546875,0.481689453125,0.2,0.0003662109375,0.0,0.004974609375,0.0,3
381,38.10144403600043,7302.922901872,38098332,0,1,none,-0.10595703125,-0.111083984375,-0.1085205078125,-0.0198974609375,4.56e-07,0.4381017852247807,0.4986572265625,0.19977441406250002,-0.0164794921875,0.4835205078125,0.2,4.6875e-05,0.0,0.004974609375,0.0,3
382,38.20145667599991,7303.022906208,38198337,0,1,none,-0.109130859375,-0.111328125,-0.1102294921875,-0.02001953125,4.64e-07,0.43383999528556033,0.499755859375,0.2013017578125,-0.019775390625,0.480224609375,0.2,-0.00034277343750000003,-0.000298828125,0.0049873046875,0.0,16
383,38.30145411800004,7303.122906544,38298338,0,1,none,-0.1068115234375,-0.1099853515625,-0.1083984375,-0.0191650390625,4.64e-07,0.43162378771551724,0.5028076171875,0.2002734375,-0.0186767578125,0.4813232421875,0.2,0.0005986328125,0.0,0.0050009765625,0.0,3
384,38.40145489000042,7303.22290388,38398336,0,1,none,-0.1053466796875,-0.11181640625,-0.10858154296875,-0.0189208984375,4.64e-07,0.4298243029364224,0.4931640625,0.1994384765625,-0.0189208984375,0.4810791015625,0.2,0.00028027343750000003,0.0,0.0050224609375,0.0,16
385,38.50144968600034,7303.322910208,38498343,0,1,none,-0.1033935546875,-0.111328125,-0.10736083984375,-0.0184326171875,4.56e-07,0.43749143366228066,0.49169921875,0.19949609375,-0.0167236328125,0.4832763671875,0.2,-0.0003818359375,-0.0003603515625,0.005052734375,0.0,3
386,38.60144972299986,7303.422906544,38598340,0,1,none,-0.108154296875,-0.110107421875,-0.109130859375,-0.01953125,4.64e-07,0.4338021113954741,0.4954833984375,0.2012841796875,-0.0186767578125,0.4813232421875,0.2,-0.0003251953125,-0.0003515625,0.0050927734375,0.0,16
387,38.701452936999885,7303.52291388,38698348,0,1,none,-0.1077880859375,-0.111083984375,-0.10943603515625,-0.020263671875,4.64e-07,0.4321436388739224,0.5048828125,0.2005146484375,-0.018798828125,0.481201171875,0.2,0.000724609375,0.00033593750000000003,0.005142578125,0.0,3
388,38.8014551819997,7303.622911208,38798346,0,1,none,-0.10693359375,-0.1109619140625,-0.10894775390625,-0.0205078125,4.56e-07,0.43965871710526316,0.495849609375,0.200484375,-0.017333984375,0.482666015625,0.2,0.00076171875,0.00025390625,0.005203125,0.0,3
389,38.90145925999968,7303.722916544,38898352,0,1,none,-0.1048583984375,-0.11181640625,-0.10833740234375,-0.0201416015625,4.56e-07,0.43936532003837714,0.4998779296875,0.2003505859375,-0.01708984375,0.48291015625,0.2,0.0003759765625,0.0,0.0052685546875000005,0.0,3
390,39.001448992000405,7303.82291288,38998349,0,1,none,-0.109130859375,-0.1109619140625,-0.11004638671875,-0.02099609375,4.64e-07,0.43381053003771547,0.5001220703125,0.2012880859375,-0.019775390625,0.480224609375,0.2,0.000171875,0.000431640625,0.005326171875,0.0,16
391,39.10145680500045,7303.922915216,39098352,0,1,none,-0.10791015625,-0.1107177734375,-0.10931396484375,-0.0206298828125,4.64e-07,0.43130598397090514,0.494384765625,0.2001259765625,-0.019775390625,0.480224609375,0.2,0.000384765625,0.0002685546875,0.0053681640625,0.0,16
392,39.201453317000414,7304.022914544,39198352,0,1,none,-0.1068115234375,-0.1116943359375,-0.1092529296875,-0.0205078125,4.56e-07,0.4385986328125,0.49462890625,0.20000097656250002,-0.017822265625,0.482177734375,0.2,-0.0001142578125,0.0,0.0053984375000000005,0.0,3
393,39.3014508160004,7304.12291688,39298355,0,1,none,-0.1048583984375,-0.1103515625,-0.10760498046875,-0.0198974609375,4.56e-07,0.4373929207785087,0.49609375,0.199451171875,-0.01806640625,0.48193359375,0.2,-0.0001123046875,0.0,0.0054208984375,0.0,3
394,39.40145159700023,7304.222916216,39398355,0,1,none,-0.108154296875,-0.111083984375,-0.109619140625,-0.02001953125,4.64e-07,0.43137754242995685,0.494384765625,0.2001591796875,-0.02001953125,0.47998046875,0.2,-0.0009140625,0.0,0.0054345703125,0.0,3
395,39.50143953800034,7304.322916552,39498356,0,1,none,-0.1065673828125,-0.1119384765625,-0.1092529296875,-0.0196533203125,4.64e-07,0.43193948679956895,0.5008544921875,0.20041992187500002,-0.0198974609375,0.4801025390625,0.2,-1.7578125000000002e-05,0.0002421875,0.0054423828125,0.0,16
396,39.60145307200037,7304.42291888,39598359,0,1,none,-0.1044921875,-0.1097412109375,-0.10711669921875,-0.0189208984375,4.56e-07,0.43754497327302627,0.495361328125,0.1995205078125,-0.0198974609375,0.4801025390625,0.2,-0.000216796875,0.0,0.0054404296875,0.0,3
397,39.70146542400016,7304.522928216,39698369,0,1,none,-0.1036376953125,-0.112548828125,-0.10809326171875,-0.0185546875,4.56e-07,0.43463884320175433,0.4910888671875,0.1981953125,-0.021484375,0.478515625,0.2,-0.0005341796875,-0.000296875,0.005431640625,0.0,16
398,39.80145065299985,7304.622922552,39798364,0,1,none,-0.107421875,-0.1094970703125,-0.10845947265625,-0.01953125,4.64e-07,0.4304599104256465,0.4893798828125,0.19973339843750001,-0.019775390625,0.480224609375,0.2,0.0008740234375,0.00033984375000000003,0.0054130859375,0.0,3
399,39.90144415800023,7304.72292488,39898367,0,1,none,-0.10693359375,-0.1099853515625,-0.10845947265625,-0.02001953125,4.56e-07,0.43716377124451755,0.4918212890625,0.1993466796875,-0.017822265625,0.482177734375,0.2,4.9804687500000004e-05,0.0,0.005388671875,0.0,3
400,40.0014473629999,7304.822925216,39998368,0,1,none,-0.1046142578125,-0.1109619140625,-0.1077880859375,-0.0196533203125,4.56e-07,0.43694318804824556,0.4920654296875,0.19924609375,-0.0174560546875,0.4825439453125,0.2,-0.00046582031250000003,-0.0005068359375,0.0053603515625,0.0,3
401,40.1014492029999,7304.922924552,40098368,0,1,none,-0.108154296875,-0.1104736328125,-0.10931396484375,-0.019775390625,4.64e-07,0.4324446053340517,0.50048828125,0.200654296875,-0.0196533203125,0.4803466796875,0.2,-0.00045996093750000003,-0.000310546875,0.0053388671875000005,0.0,3
402,40.201450536000266,7305.022923888,40198368,0,1,none,-0.107666015625,-0.11181640625,-0.1097412109375,-0.019775390625,4.64e-07,0.4316427296605603,0.4949951171875,0.2002822265625,-0.0196533203125,0.4803466796875,0.2,0.0001982421875,0.0,0.005326171875,0.0,3
403,40.30145024000012,7305.122928224,40298373,0,1,none,-0.107666015625,-0.1090087890625,-0.10833740234375,-0.021240234375,4.64e-07,0.43078402815193967,0.498779296875,0.1998837890625,-0.0196533203125,0.4803466796875,0.2,-9.1796875e-05,0.0,0.005318359375,0.0,3
404,40.40146592800011,7305.222935552,40398381,0,1,none,-0.10498046875,-0.1109619140625,-0.10797119140625,-0.0198974609375,4.56e-07,0.4359944661458333,0.4873046875,0.1988134765625,-0.016357421875,0.483642578125,0.2,-0.0006826171875000001,-0.0003671875,0.005310546875,0.0,3
405,40.501462152000386,7305.322939888,40498386,0,1,none,-0.1083984375,-0.110595703125,-0.1094970703125,-0.0196533203125,4.64e-07,0.43009159482758613,0.498291015625,0.1995625,-0.019287109375,0.480712890625,0.2,-0.0017294921875000001,0.0,0.005291015625,0.0,3
406,40.60145503399963,7305.422934224,40598381,0,1,none,-0.10791015625,-0.1102294921875,-0.10906982421875,-0.020751953125,4.64e-07,0.43229727909482757,0.4986572265625,0.2005859375,-0.01708984375,0.48291015625,0.2,-0.0002548828125,0.0,0.0052509765625,0.0,3
407,40.70145989499997,7305.522936552,40698384,0,1,none,-0.105224609375,-0.1109619140625,-0.10809326171875,-0.01904296875,4.56e-07,0.43802897135416663,0.4947509765625,0.1997412109375,-0.0169677734375,0.4830322265625,0.2,7.12890625e-05,0.0,0.0051962890625,0.0,16
408,40.80149463900034,7305.622942888,40798391,0,1,none,-0.1041259765625,-0.111328125,-0.10772705078125,-0.0196533203125,4.56e-07,0.43538411458333337,0.49462890625,0.19853515625,-0.0189208984375,0.4810791015625,0.2,-0.0008818359375,-0.000603515625,0.0051396484375,0.0,16
409,40.9014650299996,7305.722940224,40898389,0,1,none,-0.108154296875,-0.1107177734375,-0.10943603515625,-0.02001953125,4.64e-07,0.4308198073814655,0.4970703125,0.199900390625,-0.0186767578125,0.4813232421875,0.2,0.0001318359375,-0.000353515625,0.0050947265625000005,0.0,3
410,41.00145738399988,7305.82293556,40998385,0,1,none,-0.1072998046875,-0.1087646484375,-0.1080322265625,-0.02001953125,4.64e-07,0.43217099946120685,0.49609375,0.20052734375,-0.0147705078125,0.4852294921875,0.2,0.000482421875,0.0,0.0050830078125,0.0,3
411,41.101457144999586,7305.922936888,41098387,0,1,none,-0.104736328125,-0.111328125,-0.1080322265625,-0.0189208984375,4.56e-07,0.4377120168585526,0.48876953125,0.1995966796875,-0.0164794921875,0.4835205078125,0.2,-0.0004921875,0.0,0.005095703125,0.0,3
412,41.20145209400016,7306.022936224,41198387,0,1,none,-0.1087646484375,-0.1103515625,-0.10955810546875,-0.019775390625,4.64e-07,0.43248038456357757,0.5003662109375,0.2006708984375,-0.018798828125,0.481201171875,0.2,-0.000541015625,0.0,0.0051171875,0.0,16
413,41.30145013600031,7306.12293556,41298387,0,1,none,-0.1075439453125,-0.108642578125,-0.10809326171875,-0.0203857421875,4.64e-07,0.4293465449892241,0.498046875,0.199216796875,-0.0169677734375,0.4830322265625,0.2,-0.00030859375,0.0,0.0051396484375,0.0,16
414,41.40145100100017,7306.222939888,41398392,0,1,none,-0.107666015625,-0.111083984375,-0.109375,-0.0206298828125,4.56e-07,0.4380075555098684,0.496337890625,0.1997314453125,-0.0189208984375,0.4810791015625,0.2,-0.0003623046875,0.0,0.0051640625,0.0,3
415,41.501446772000236,7306.322938224,41498391,0,1,none,-0.1038818359375,-0.108642578125,-0.10626220703125,-0.0189208984375,4.56e-07,0.4371809039199561,0.49365234375,0.1993544921875,-0.016845703125,0.483154296875,0.2,0.00021875,-0.0003154296875,0.0051796875,0.0,3
416,41.601442350999605,7306.42294056,41598394,0,1,none,-0.1077880859375,-0.1114501953125,-0.109619140625,-0.019775390625,4.64e-07,0.43181531182650856,0.4993896484375,0.2003623046875,-0.0196533203125,0.4803466796875,0.2,0.001197265625,0.0,0.0051982421875,0.0,3
417,41.70145101599974,7306.522946896,41698401,0,1,none,-0.105712890625,-0.1092529296875,-0.10748291015625,-0.0191650390625,4.64e-07,0.4311060412176724,0.4964599609375,0.200033203125,-0.01953125,0.48046875,0.2,1.953125e-06,0.0003330078125,0.00521875,0.0,16
418,41.801451209000334,7306.622945224,41798400,0,1,none,-0.104736328125,-0.110107421875,-0.107421875,-0.0186767578125,4.56e-07,0.4359751918859649,0.4906005859375,0.1988046875,-0.0172119140625,0.4827880859375,0.2,-7.2265625e-05,0.0,0.0052421875,0.0,3
419,41.901446947000295,7306.72294656,41898402,0,1,none,-0.1102294921875,-0.10986328125,-0.11004638671875,-0.0216064453125,4.64e-07,0.43181741648706895,0.498046875,0.20036328125,-0.015380859375,0.484619140625,0.2,0.0003515625,0.0,0.0052705078125,0.0,16
420,42.00144882600034,7306.822947896,41998404,0,1,none,-0.1070556640625,-0.1099853515625,-0.1085205078125,-0.019287109375,4.64e-07,0.43275819975754304,0.5023193359375,0.2007998046875,-0.01953125,0.48046875,0.2,-0.0003515625,0.00040332031250000003,0.0052900390625,0.0,3
421,42.10145320100037,7306.922949224,42098406,0,1,none,-0.1043701171875,-0.11181640625,-0.10809326171875,-0.017822265625,4.56e-07,0.4373243900767544,0.494873046875,0.19941992187500002,-0.017578125,0.482421875,0.2,0.0001669921875,0.0,0.0053115234375,0.0,3
422,42.201454158999695,7307.02294756,42198405,0,1,none,-0.1038818359375,-0.1123046875,-0.10809326171875,-0.0186767578125,4.56e-07,0.4372965494791667,0.4930419921875,0.1994072265625,-0.0174560546875,0.4825439453125,0.2,0.000455078125,0.0,0.005353515625,0.0,3
423,42.301451174999784,7307.122950896,42298409,0,1,none,-0.107666015625,-0.109375,-0.1085205078125,-0.019775390625,4.64e-07,0.4320341965247844,0.501953125,0.2004638671875,-0.0201416015625,0.4798583984375,0.2,0.0018535156250000001,0.0003291015625,0.0054169921875,0.0,3
424,42.40144785800021,7307.222951232,42398410,0,1,none,-0.10595703125,-0.1097412109375,-0.10784912109375,-0.0189208984375,4.64e-07,0.4329055259967672,0.4998779296875,0.2008681640625,-0.0206298828125,0.4793701171875,0.2,0.0004541015625,0.0003486328125,0.005494140625,0.0,16
425,42.5014493890003,7307.32295056,42498410,0,1,none,-0.1055908203125,-0.1116943359375,-0.108642578125,-0.0194091796875,4.56e-07,0.4385579427083333,0.4951171875,0.199982421875,-0.0203857421875,0.4796142578125,0.2,0.0001962890625,0.0,0.005572265625,0.0,3
426,42.601443915000345,7307.422950896,42598411,0,1,none,-0.1102294921875,-0.1112060546875,-0.1107177734375,-0.021240234375,4.64e-07,0.434827081088362,0.50146484375,0.201759765625,-0.017578125,0.482421875,0.2,-0.0001220703125,0.0,0.005646484375,0.0,3
427,42.70144669700039,7307.522952232,42698413,0,1,none,-0.1070556640625,-0.1107177734375,-0.10888671875,-0.0191650390625,4.64e-07,0.43248038456357757,0.4962158203125,0.2006708984375,-0.021484375,0.478515625,0.2,-0.00027539062500000003,0.0,0.0057109375,0.0,3
428,42.80147383300027,7307.62296456,42798426,0,1,none,-0.10595703125,-0.1112060546875,-0.10858154296875,-0.01953125,4.56e-07,0.43944884183114036,0.4990234375,0.200388671875,-0.0191650390625,0.4808349609375,0.2,0.000283203125,0.0,0.0057744140625,0.0,3
429,42.90146222699968,7307.722961896,42898424,0,1,none,-0.1036376953125,-0.1104736328125,-0.1070556640625,-0.0189208984375,4.56e-07,0.43849369517543857,0.5003662109375,0.199953125,-0.0189208984375,0.4810791015625,0.2,3.125e-05,0.0,0.0058330078125,0.0,3
430,43.001457127999856,7307.822961232,42998424,0,1,none,-0.1075439453125,-0.110107421875,-0.10882568359375,-0.019775390625,4.64e-07,0.43205945245150856,0.4976806640625,0.2004755859375,-0.0213623046875,0.4786376953125,0.2,0.0017021484375,0.0,0.0058896484375,0.0,16
431,43.10145001000001,7307.922961568,43098425,0,1,none,-0.1058349609375,-0.1083984375,-0.10711669921875,-0.018310546875,4.64e-07,0.4314427869073275,0.498046875,0.200189453125,-0.02197265625,0.47802734375,0.2,0.0002529296875,0.0,0.0059345703125,0.0,3
432,43.20146123399991,7308.022961896,43198426,0,1,none,-0.10595703125,-0.1112060546875,-0.10858154296875,-0.02001953125,4.56e-07,0.43748929207785087,0.4954833984375,0.19949511718750002,-0.01904296875,0.48095703125,0.2,-0.000607421875,0.0,0.0059609375,0.0,16
433,43.301459749999594,7308.122966232,43298431,0,1,none,-0.109619140625,-0.11083984375,-0.1102294921875,-0.0216064453125,4.64e-07,0.4310997272359914,0.494140625,0.20003027343750002,-0.0223388671875,0.4776611328125,0.2,-0.0013046875,0.0,0.005974609375,0.0,3
434,43.401455575,7308.222965568,43398431,0,1,none,-0.109130859375,-0.111328125,-0.1102294921875,-0.021484375,4.64e-07,0.4317269160829741,0.4912109375,0.2003212890625,-0.02294921875,0.47705078125,0.2,0.0001611328125,0.0,0.0059765625,0.0,16
435,43.501439753999875,7308.322961896,43498428,0,1,none,-0.10595703125,-0.1116943359375,-0.10882568359375,-0.01904296875,4.56e-07,0.4365662691885965,0.4932861328125,0.19907421875,-0.019775390625,0.480224609375,0.2,-0.00043359375,0.0,0.0059697265625,0.0,16
436,43.60144804100037,7308.422963232,43598430,0,1,none,-0.1068115234375,-0.111572265625,-0.10919189453125,-0.021484375,4.56e-07,0.4389434279057018,0.494140625,0.20015820312500002,-0.01904296875,0.48095703125,0.2,-0.0012392578125000001,0.0,0.0059541015625,0.0,16
437,43.70144736699967,7308.522966568,43698434,0,1,none,-0.1087646484375,-0.111083984375,-0.10992431640625,-0.0201416015625,4.64e-07,0.4329707704741379,0.49951171875,0.2008984375,-0.0194091796875,0.4805908203125,0.2,-0.0006484375,0.0003310546875,0.0059306640625,0.0,3
438,43.801463642999806,7308.622967904,43798436,0,1,none,-0.106689453125,-0.1087646484375,-0.10772705078125,-0.01953125,4.64e-07,0.43169534617456895,0.49365234375,0.200306640625,-0.019287109375,0.480712890625,0.2,0.0002685546875,-0.0002705078125,0.005900390625,0.0,3
439,43.901453086999936,7308.722968232,43898437,0,1,none,-0.103515625,-0.1099853515625,-0.10675048828125,-0.0185546875,4.56e-07,0.4374850089089912,0.492431640625,0.1994931640625,-0.01953125,0.48046875,0.2,0.00044921875,0.0,0.0058710937500000004,0.0,3
440,44.00145657400026,7308.822969568,43998439,0,1,none,-0.1085205078125,-0.1109619140625,-0.1097412109375,-0.0198974609375,4.64e-07,0.42937601023706895,0.4969482421875,0.19923046875,-0.01904296875,0.48095703125,0.2,-0.000982421875,-0.0005546875000000001,0.00584375,0.0,16
441,44.10144553800001,7308.922968904,44098439,0,1,none,-0.107421875,-0.111083984375,-0.1092529296875,-0.0198974609375,4.64e-07,0.4318132071659483,0.5018310546875,0.20036132812500002,-0.01953125,0.48046875,0.2,0.000224609375,0.0,0.005822265625,0.0,3
442,44.2014441350002,7309.022970232,44198441,0,1,none,-0.10498046875,-0.10986328125,-0.107421875,-0.01904296875,4.56e-07,0.43776769805372806,0.4954833984375,0.1996220703125,-0.0194091796875,0.4805908203125,0.2,-7.51953125e-05,0.0,0.005814453125,0.0,3
443,44.30144338300033,7309.122969568,44298441,0,1,none,-0.1092529296875,-0.1102294921875,-0.1097412109375,-0.0203857421875,4.64e-07,0.43072299299568967,0.4949951171875,0.19985546875000001,-0.0172119140625,0.4827880859375,0.2,-0.0001923828125,-0.0002861328125,0.0058203125,0.0,3
444,44.401452261000486,7309.222971904,44398444,0,1,none,-0.109130859375,-0.1099853515625,-0.10955810546875,-0.0211181640625,4.64e-07,0.43216679014008613,0.4942626953125,0.200525390625,-0.021484375,0.478515625,0.2,0.0011826171875,0.0,0.0058349609375000005,0.0,3
445,44.501448236000215,7309.32297424,44498447,0,1,none,-0.105712890625,-0.10986328125,-0.1077880859375,-0.019775390625,4.64e-07,0.43082822602370685,0.4947509765625,0.199904296875,-0.01953125,0.48046875,0.2,0.00018359375,0.0,0.0058564453125,0.0,3
446,44.60145112900045,7309.422975568,44598449,0,1,none,-0.1038818359375,-0.11083984375,-0.10736083984375,-0.0189208984375,4.56e-07,0.4388491981907895,0.49365234375,0.200115234375,-0.01904296875,0.48095703125,0.2,0.00034179687500000003,-0.00033593750000000003,0.0058789062500000005,0.0,3
447,44.701455620999695,7309.522980904,44698455,0,1,none,-0.109619140625,-0.1121826171875,-0.11090087890625,-0.0211181640625,4.64e-07,0.4334590517241379,0.5045166015625,0.201125,-0.021484375,0.478515625,0.2,-0.00034082031250000003,0.0,0.0058984375,0.0,3
448,44.80145910200008,7309.62297824,44798453,0,1,none,-0.1070556640625,-0.1102294921875,-0.108642578125,-0.0198974609375,4.64e-07,0.4321983600484913,0.4967041015625,0.2005400390625,-0.022216796875,0.477783203125,0.2,-0.000408203125,0.0,0.0059072265625,0.0,16
449,44.901454677999936,7309.722986568,44898462,0,1,none,-0.1055908203125,-0.1102294921875,-0.10791015625,-0.01953125,4.56e-07,0.4394295675712719,0.4991455078125,0.2003798828125,-0.0194091796875,0.4805908203125,0.2,0.000642578125,0.0,0.005904296875,0.0,16
450,45.00145311899996,7309.822979904,44998456,0,1,none,-0.1094970703125,-0.1112060546875,-0.1103515625,-0.021240234375,4.64e-07,0.43063459725215514,0.502197265625,0.199814453125,-0.0216064453125,0.4783935546875,0.2,-0.0014951171875000001,0.0,0.0058916015625,0.0,3
451,45.10145062399988,7309.92298024,45098457,0,1,none,-0.1063232421875,-0.109375,-0.10784912109375,-0.0191650390625,4.64e-07,0.4301168507543103,0.49169921875,0.19957421875,-0.021484375,0.478515625,0.2,-0.000349609375,0.0,0.0058662109375000005,0.0,3
452,45.20144494299984,7310.022981568,45198459,0,1,none,-0.1064453125,-0.1104736328125,-0.10845947265625,-0.02001953125,4.56e-07,0.43746145148026316,0.4942626953125,0.199482421875,-0.01904296875,0.48095703125,0.2,-0.00096484375,0.0,0.0058310546875,0.0,3
453,45.301449278999826,7310.122981904,45298460,0,1,none,-0.1021728515625,-0.1102294921875,-0.106201171875,-0.017822265625,4.56e-07,0.4325764973958333,0.4893798828125,0.1972548828125,-0.017333984375,0.482666015625,0.2,-0.0007822265625,0.0,0.00579296875,0.0,3
454,45.40145981899968,7310.22298824,45398467,0,1,none,-0.107666015625,-0.111328125,-0.1094970703125,-0.0201416015625,4.64e-07,0.4312007509428879,0.4996337890625,0.2000771484375,-0.0218505859375,0.4781494140625,0.2,0.0002099609375,0.0,0.005759765625,0.0,16
455,45.50144658099998,7310.322985568,45498465,0,1,none,-0.10595703125,-0.1097412109375,-0.10784912109375,-0.019775390625,4.56e-07,0.4368382504111842,0.492919921875,0.1991982421875,-0.01904296875,0.48095703125,0.2,0.001453125,0.0,0.0057255859375,0.0,16
456,45.601502952000374,7310.423000904,45598481,0,1,none,-0.103759765625,-0.1099853515625,-0.10687255859375,-0.019287109375,4.56e-07,0.43668191474780704,0.4918212890625,0.199126953125,-0.0184326171875,0.4815673828125,0.2,-0.000330078125,0.0,0.0056894531250000005,0.0,16
457,45.701477951000015,7310.52300024,45698481,0,1,none,-0.107421875,-0.111083984375,-0.1092529296875,-0.0194091796875,4.64e-07,0.4295948949353448,0.490478515625,0.19933203125,-0.0213623046875,0.4786376953125,0.2,0.0003193359375,0.0,0.00565234375,0.0,16
458,45.80145853900012,7310.622990576,45798472,0,1,none,-0.107421875,-0.109619140625,-0.1085205078125,-0.020263671875,4.64e-07,0.4306324925915948,0.4937744140625,0.1998134765625,-0.0208740234375,0.4791259765625,0.2,0.000150390625,0.0005087890625,0.0056220703125000005,0.0,16
459,45.90148347600007,7310.723000904,45898483,0,1,none,-0.10546875,-0.1114501953125,-0.10845947265625,-0.0201416015625,4.56e-07,0.4371316474780702,0.4957275390625,0.19933203125,-0.0181884765625,0.4818115234375,0.2,0.00032421875,0.0,0.00559765625,0.0,3
460,46.00147442300022,7310.82299924,45998482,0,1,none,-0.1077880859375,-0.110107421875,-0.10894775390625,-0.019775390625,4.64e-07,0.4315943224676724,0.5001220703125,0.200259765625,-0.021484375,0.478515625,0.2,-0.0027109375000000002,0.0004794921875,0.00558203125,0.0,3
461,46.101460308999776,7310.922997576,46098481,0,1,none,-0.106689453125,-0.1109619140625,-0.10882568359375,-0.0191650390625,4.64e-07,0.4310113314924569,0.4896240234375,0.19998925781250002,-0.0205078125,0.4794921875,0.2,0.0004794921875,0.0005322265625,0.0055732421875,0.0,3
462,46.20144737700048,7311.022992904,46198477,0,1,none,-0.103515625,-0.10986328125,-0.106689453125,-0.018310546875,4.56e-07,0.4373929207785087,0.4971923828125,0.199451171875,-0.0185546875,0.4814453125,0.2,-0.000580078125,0.0,0.005564453125,0.0,3
463,46.301452988000165,7311.12299424,46298479,0,1,none,-0.108642578125,-0.1097412109375,-0.10919189453125,-0.0203857421875,4.64e-07,0.43231201171875,0.489990234375,0.2005927734375,-0.02099609375,0.47900390625,0.2,-0.0010234375,-0.0005263671875,0.00555859375,0.0,16
464,46.40148849999969,7311.223006576,46398492,0,1,none,-0.1070556640625,-0.1097412109375,-0.1083984375,-0.0201416015625,4.64e-07,0.429931640625,0.49169921875,0.19948828125,-0.020751953125,0.479248046875,0.2,0.0008037109375000001,0.0,0.0055517578125000005,0.0,3
465,46.50147000299967,7311.323002904,46498489,0,1,none,-0.10595703125,-0.111083984375,-0.1085205078125,-0.02001953125,4.56e-07,0.4380760862116228,0.4949951171875,0.19976269531250002,-0.017578125,0.482421875,0.2,0.0008662109375,0.0,0.0055390625,0.0,16
466,46.60146229400016,7311.42299924,46598486,0,1,none,-0.10791015625,-0.1103515625,-0.109130859375,-0.019775390625,4.64e-07,0.4345303239493535,0.49609375,0.2016220703125,-0.018310546875,0.481689453125,0.2,-0.0006162109375,-0.0002587890625,0.0055283203125000005,0.0,3
467,46.701453798999864,7311.522999576,46698487,0,1,none,-0.1082763671875,-0.1104736328125,-0.109375,-0.0205078125,4.64e-07,0.4307124696928879,0.4996337890625,0.1998505859375,-0.0184326171875,0.4815673828125,0.2,4.9804687500000004e-05,-0.0003125,0.005517578125,0.0,3
468,46.80145738800002,7311.623000904,46798489,0,1,none,-0.1048583984375,-0.112060546875,-0.10845947265625,-0.0189208984375,4.56e-07,0.4371552049067982,0.4898681640625,0.1993427734375,-0.018310546875,0.481689453125,0.2,0.000849609375,0.0,0.005513671875,0.0,3
469,46.90146294199985,7311.72300724,46898496,0,1,none,-0.109130859375,-0.1103515625,-0.1097412109375,-0.0206298828125,4.64e-07,0.4329055259967672,0.5001220703125,0.2008681640625,-0.0205078125,0.4794921875,0.2,0.00018359375,-0.0003046875,0.005513671875,0.0,16
470,47.001462522999645,7311.823006576,46998496,0,1,none,-0.1085205078125,-0.11083984375,-0.10968017578125,-0.0211181640625,4.64e-07,0.4309545056573275,0.4949951171875,0.199962890625,-0.0201416015625,0.4798583984375,0.2,-0.00013867187500000001,0.0002958984375,0.0055185546875,0.0,16
471,47.10145051499967,7311.923001904,47098492,0,1,none,-0.106689453125,-0.1114501953125,-0.10906982421875,-0.0201416015625,4.56e-07,0.4371187979714912,0.4937744140625,0.199326171875,-0.0203857421875,0.4796142578125,0.2,0.000966796875,0.0,0.005529296875,0.0,3
472,47.20145038999999,7312.02300524,47198496,0,1,none,-0.104248046875,-0.1123046875,-0.1082763671875,-0.0196533203125,4.56e-07,0.4387271278782895,0.501708984375,0.20005957031250002,-0.020751953125,0.479248046875,0.2,-0.000244140625,0.0,0.0055361328125000005,0.0,3
473,47.30144661099985,7312.123003576,47298495,0,1,none,-0.1082763671875,-0.1097412109375,-0.1090087890625,-0.0203857421875,4.64e-07,0.4300495016163793,0.494873046875,0.19954296875,-0.0203857421875,0.4796142578125,0.2,0.00065234375,0.0,0.00554296875,0.0,3
474,47.40146057000038,7312.223010904,47398503,0,1,none,-0.1060791015625,-0.1123046875,-0.10919189453125,-0.020263671875,4.56e-07,0.4404211211622807,0.5001220703125,0.20083203125000001,-0.0169677734375,0.4830322265625,0.2,0.00020019531250000002,0.0,0.0055419921875,0.0,3
475,47.50145101599992,7312.32300824,47498501,0,1,none,-0.10498046875,-0.110595703125,-0.1077880859375,-0.0208740234375,4.56e-07,0.435863829495614,0.4970703125,0.19875390625,-0.020751953125,0.479248046875,0.2,-2.1484375e-05,0.0,0.0055419921875,0.0,16
476,47.60144377800043,7312.423007576,47598501,0,1,none,-0.109619140625,-0.1112060546875,-0.11041259765625,-0.021728515625,4.64e-07,0.4322488719019396,0.497314453125,0.2005634765625,-0.020751953125,0.479248046875,0.2,0.0004267578125,0.0,0.005537109375,0.0,3
477,47.70145196300018,7312.523013904,47698508,0,1,none,-0.10595703125,-0.1116943359375,-0.10882568359375,-0.0191650390625,4.56e-07,0.43868429618969296,0.4974365234375,0.2000400390625,-0.0203857421875,0.4796142578125,0.2,0.0011513671875,0.0002529296875,0.005525390625,0.0,16
478,47.80145130999972,7312.62301024,47798505,0,1,none,-0.10546875,-0.112060546875,-0.1087646484375,-0.0203857421875,4.56e-07,0.43912760416666663,0.50341796875,0.2002421875,-0.0177001953125,0.4822998046875,0.2,-0.001189453125,0.0,0.0055107421875,0.0,16
479,47.90145365399985,7312.723013576,47898509,0,1,none,-0.107421875,-0.112060546875,-0.1097412109375,-0.0196533203125,4.64e-07,0.4325098498114224,0.4990234375,0.2006845703125,-0.0201416015625,0.4798583984375,0.2,0.0006328125,0.0,0.0054921875000000005,0.0,16
480,48.00145264399998,7312.823013912,47998510,0,1,none,-0.1064453125,-0.1087646484375,-0.10760498046875,-0.02001953125,4.64e-07,0.4337242389547414,0.4986572265625,0.201248046875,-0.017333984375,0.482666015625,0.2,-0.0005986328125,0.0,0.0054716796875,0.0,3
481,48.10145244999967,7312.92301524,48098512,0,1,none,-0.1021728515625,-0.1116943359375,-0.10693359375,-0.017578125,4.56e-07,0.43743361088267546,0.492431640625,0.1994697265625,-0.01611328125,0.48388671875,0.2,7.51953125e-05,0.0,0.0054482421875,0.0,3
482,48.20145131699974,7313.023014576,48198512,0,1,none,-0.1082763671875,-0.1103515625,-0.10931396484375,-0.02001953125,4.64e-07,0.43100291285021547,0.4991455078125,0.1999853515625,-0.0198974609375,0.4801025390625,0.2,0.0005517578125000001,0.0,0.005427734375,0.0,3
483,48.30144985700008,7313.123014904,48298513,0,1,none,-0.105712890625,-0.1094970703125,-0.10760498046875,-0.0191650390625,4.56e-07,0.43775056537828944,0.499267578125,0.1996142578125,-0.0177001953125,0.4822998046875,0.2,-0.00033886718750000003,0.0,0.00541015625,0.0,16
484,48.40145286999996,7313.22301724,48398516,0,1,none,-0.110107421875,-0.1104736328125,-0.11029052734375,-0.0216064453125,4.64e-07,0.43364636651400856,0.4991455078125,0.2012119140625,-0.017578125,0.482421875,0.2,-0.0011201171875,-0.00025,0.005396484375,0.0,16
485,48.501463272000365,7313.323024576,48498524,0,1,none,-0.1064453125,-0.1099853515625,-0.10821533203125,-0.0189208984375,4.64e-07,0.43189949824892243,0.496337890625,0.2004013671875,-0.019775390625,0.480224609375,0.2,0.0008310546875,0.0006201171875,0.0053876953125,0.0,3
486,48.60144954499992,7313.423019904,48598520,0,1,none,-0.1053466796875,-0.1114501953125,-0.1083984375,-0.0189208984375,4.56e-07,0.43863075657894735,0.496826171875,0.200015625,-0.0196533203125,0.4803466796875,0.2,-0.0002080078125,0.0,0.0053837890625,0.0,3
487,48.70144111599984,7313.52301824,48698519,0,1,none,-0.103515625,-0.1099853515625,-0.10675048828125,-0.018798828125,4.56e-07,0.43801826343201755,0.499267578125,0.199736328125,-0.0167236328125,0.4832763671875,0.2,-0.0003330078125,0.0,0.0053779296875,0.0,3
488,48.80146541100021,7313.623026576,48798528,0,1,none,-0.1083984375,-0.110595703125,-0.1094970703125,-0.020751953125,4.64e-07,0.43099238954741376,0.496337890625,0.19998046875,-0.0196533203125,0.4803466796875,0.2,0.0002998046875,0.0,0.0053701171875000005,0.0,3
489,48.90146514800017,7313.723027904,48898530,0,1,none,-0.1053466796875,-0.111328125,-0.10833740234375,-0.019287109375,4.56e-07,0.43827311197916663,0.493896484375,0.1998525390625,-0.017822265625,0.482177734375,0.2,-3.80859375e-05,0.0,0.005369140625,0.0,3
490,49.00145475099998,7313.82302624,48998529,0,1,none,-0.109130859375,-0.1094970703125,-0.10931396484375,-0.020263671875,4.64e-07,0.4340904498922414,0.4990234375,0.20141796875,-0.015869140625,0.484130859375,0.2,-0.00034082031250000003,0.0,0.005373046875,0.0,16
491,49.10146368900041,7313.923025576,49098529,0,1,none,-0.1070556640625,-0.1109619140625,-0.1090087890625,-0.0196533203125,4.64e-07,0.4319542194234913,0.4949951171875,0.2004267578125,-0.0198974609375,0.4801025390625,0.2,-0.000142578125,0.000244140625,0.0053818359375,0.0,3
492,49.20145071499974,7314.023024904,49198529,0,1,none,-0.1064453125,-0.1114501953125,-0.10894775390625,-0.0203857421875,4.56e-07,0.4376649020010965,0.497314453125,0.1995751953125,-0.017578125,0.482421875,0.2,0.0005791015625,0.0,0.0053896484375,0.0,3
493,49.30144080399987,7314.12302424,49298529,0,1,none,-0.102294921875,-0.1102294921875,-0.10626220703125,-0.017822265625,4.56e-07,0.4331525836074561,0.49462890625,0.197517578125,-0.0213623046875,0.4786376953125,0.2,7.6171875e-05,0.0,0.0053935546875,0.0,16
494,49.40144858399981,7314.223027576,49398533,0,1,none,-0.108154296875,-0.1094970703125,-0.10882568359375,-0.020751953125,4.64e-07,0.43300023572198276,0.502685546875,0.200912109375,-0.0196533203125,0.4803466796875,0.2,8.789062500000001e-06,0.0,0.0053994140625,0.0,3
495,49.501445165000405,7314.323026904,49498533,0,1,none,-0.1060791015625,-0.111328125,-0.10870361328125,-0.02001953125,4.56e-07,0.4388577645285087,0.4964599609375,0.200119140625,-0.0179443359375,0.4820556640625,0.2,0.000267578125,0.0,0.005408203125,0.0,3
496,49.60144676500022,7314.42303024,49598537,0,1,none,-0.108642578125,-0.1119384765625,-0.11029052734375,-0.02001953125,4.64e-07,0.4313564958243534,0.495361328125,0.2001494140625,-0.019775390625,0.480224609375,0.2,-0.0002255859375,0.0,0.0054218750000000005,0.0,16
497,49.70144699100001,7314.523028576,49698536,0,1,none,-0.1070556640625,-0.1102294921875,-0.108642578125,-0.0198974609375,4.64e-07,0.43179426522090514,0.4940185546875,0.2003525390625,-0.0203857421875,0.4796142578125,0.2,0.0004794921875,0.0,0.00543359375,0.0,3
498,49.80146299700027,7314.623039904,49798548,0,1,none,-0.1053466796875,-0.111328125,-0.10833740234375,-0.01953125,4.56e-07,0.4392175507127193,0.4971923828125,0.200283203125,-0.01806640625,0.48193359375,0.2,-9.27734375e-05,0.0,0.0054462890625,0.0,16
499,49.90145451399985,7314.72303824,49898547,0,1,none,-0.108154296875,-0.109130859375,-0.108642578125,-0.0198974609375,4.64e-07,0.43113550646551724,0.498779296875,0.200046875,-0.0206298828125,0.4793701171875,0.2,-0.000359375,0.00046582031250000003,0.0054531250000000005,0.0,3
500,50.00145816300028,7314.823037576,49998547,0,1,none,-0.1058349609375,-0.1087646484375,-0.1072998046875,-0.0184326171875,4.64e-07,0.4320320918642241,0.4969482421875,0.200462890625,-0.02001953125,0.47998046875,0.2,0.000740234375,0.0,0.0054531250000000005,0.0,3
501,50.1014638759998,7314.923043904,50098554,0,1,none,-0.104736328125,-0.1109619140625,-0.10784912109375,-0.0194091796875,4.56e-07,0.43815960800438597,0.49365234375,0.19980078125,-0.01806640625,0.48193359375,0.2,-0.00027929687500000003,-0.0002890625,0.005443359375,0.0,16
502,50.20145322700046,7315.02304024,50198551,0,1,none,-0.1072998046875,-0.11083984375,-0.10906982421875,-0.0194091796875,4.64e-07,0.4313501818426724,0.4921875,0.20014648437500002,-0.02001953125,0.47998046875,0.2,-0.0001923828125,0.0,0.0054296875000000005,0.0,3
503,50.30145600299966,7315.123038576,50298550,0,1,none,-0.10693359375,-0.10986328125,-0.1083984375,-0.02001953125,4.64e-07,0.4309524009967672,0.4945068359375,0.1999619140625,-0.020751953125,0.479248046875,0.2,-7.421875e-05,0.0002470703125,0.0054208984375,0.0,16
504,50.401451894000274,7315.223039904,50398552,0,1,none,-0.10498046875,-0.1112060546875,-0.10809326171875,-0.019775390625,4.56e-07,0.43690678111293857,0.4931640625,0.1992294921875,-0.0177001953125,0.4822998046875,0.2,-0.0003046875,0.0,0.0054169921875,0.0,3
505,50.50145185299971,7315.32304124,50498554,0,1,none,-0.1087646484375,-0.108642578125,-0.10870361328125,-0.0206298828125,4.64e-07,0.43086610991379304,0.495849609375,0.199921875,-0.020263671875,0.479736328125,0.2,0.0020087890625,0.0,0.00541796875,0.0,3
506,50.60148126599961,7315.423054568,50598568,0,1,none,-0.1053466796875,-0.11083984375,-0.10809326171875,-0.018310546875,4.56e-07,0.437939024808114,0.4951171875,0.1997001953125,-0.01806640625,0.48193359375,0.2,0.000134765625,0.0,0.00541796875,0.0,3
507,50.70145798399972,7315.523045904,50698560,0,1,none,-0.1097412109375,-0.1107177734375,-0.1102294921875,-0.0211181640625,4.64e-07,0.43421672952586204,0.49951171875,0.2014765625,-0.0167236328125,0.4832763671875,0.2,-0.0005224609375,0.0,0.00542578125,0.0,3
508,50.80146468699968,7315.62304924,50798564,0,1,none,-0.108154296875,-0.10986328125,-0.1090087890625,-0.0198974609375,4.64e-07,0.43169113685344823,0.503173828125,0.2003046875,-0.02001953125,0.47998046875,0.2,0.0008603515625,0.0,0.0054365234375,0.0,3
509,50.901455532,7315.723049568,50898565,0,1,none,-0.105712890625,-0.111572265625,-0.108642578125,-0.0191650390625,4.56e-07,0.4387913754111842,0.4931640625,0.2000888671875,-0.01806640625,0.48193359375,0.2,0.0002255859375,0.0,0.0054423828125,0.0,3
510,51.00149822000003,7315.823057904,50998574,0,1,none,-0.103271484375,-0.112548828125,-0.10791015625,-0.018798828125,4.56e-07,0.4343882778234649,0.4930419921875,0.1980810546875,-0.0206298828125,0.4793701171875,0.2,-0.000724609375,-0.00025,0.00544140625,0.0,16
511,51.101465695000115,7315.92305024,51098567,0,1,none,-0.1080322265625,-0.110107421875,-0.10906982421875,-0.0201416015625,4.64e-07,0.4311797043372844,0.5003662109375,0.2000673828125,-0.0201416015625,0.4798583984375,0.2,9.86328125e-05,0.0,0.0054365234375,0.0,3
512,51.20145424800012,7316.023046568,51198564,0,1,none,-0.10546875,-0.1109619140625,-0.10821533203125,-0.019775390625,4.56e-07,0.4379368832236842,0.4952392578125,0.19969921875,-0.017333984375,0.482666015625,0.2,-0.000884765625,0.0,0.0054287109375,0.0,3
513,51.301454374999594,7316.123050904,51298569,0,1,none,-0.1083984375,-0.1094970703125,-0.10894775390625,-0.02001953125,4.64e-07,0.4322530812230603,0.4962158203125,0.2005654296875,-0.019775390625,0.480224609375,0.2,-0.0001025390625,-0.0005849609375,0.0054169921875,0.0,3
514,51.40146184900004,7316.22305624,51398575,0,1,none,-0.10693359375,-0.111572265625,-0.1092529296875,-0.02001953125,4.64e-07,0.4311902276400862,0.491943359375,0.200072265625,-0.019775390625,0.480224609375,0.2,0.0003505859375,0.0,0.0054033203125,0.0,3
515,51.50145620399962,7316.323052568,51498572,0,1,none,-0.10546875,-0.10986328125,-0.107666015625,-0.0203857421875,4.56e-07,0.43800113075657887,0.4967041015625,0.199728515625,-0.017822265625,0.482177734375,0.2,-0.000455078125,0.0,0.00538671875,0.0,16
516,51.601450393999585,7316.423054904,51598575,0,1,none,-0.10791015625,-0.1097412109375,-0.10882568359375,-0.0194091796875,4.64e-07,0.4311102505387931,0.4908447265625,0.20003515625,-0.0196533203125,0.4803466796875,0.2,-0.0020703125,0.0,0.005373046875,0.0,3
517,51.70145819800018,7316.52305724,51698578,0,1,none,-0.106201171875,-0.1099853515625,-0.10809326171875,-0.01953125,4.64e-07,0.43298550309806033,0.4923095703125,0.2009052734375,-0.017333984375,0.482666015625,0.2,-0.00019921875000000001,0.0,0.00536328125,0.0,3
518,51.80144928899972,7316.623052568,51798574,0,1,none,-0.10205078125,-0.111083984375,-0.1065673828125,-0.017822265625,4.56e-07,0.4361786424067982,0.4931640625,0.1988974609375,-0.017333984375,0.482666015625,0.2,-0.0008076171875000001,0.0,0.0053525390625,0.0,16
519,51.901451093000105,7316.723057904,51898580,0,1,none,-0.1053466796875,-0.110595703125,-0.10797119140625,-0.017822265625,4.64e-07,0.43028311893857757,0.491943359375,0.1996513671875,-0.019775390625,0.480224609375,0.2,0.0003076171875,0.0,0.0053408203125,0.0,3
520,52.00144339600047,7316.823057232,51998580,0,1,none,-0.103515625,-0.110595703125,-0.1070556640625,-0.017822265625,4.56e-07,0.43779339706688597,0.4884033203125,0.1996337890625,-0.01708984375,0.48291015625,0.2,0.00022949218750000001,0.0,0.00533203125,0.0,3
521,52.10145359699982,7316.923060568,52098584,0,1,none,-0.109375,-0.111083984375,-0.1102294921875,-0.0206298828125,4.64e-07,0.43255194302262934,0.49560546875,0.20070410156250001,-0.0196533203125,0.4803466796875,0.2,-0.0006845703125000001,-0.000416015625,0.0053203125,0.0,3
522,52.20145644199965,7317.023062904,52198587,0,1,none,-0.1083984375,-0.10986328125,-0.109130859375,-0.0208740234375,4.64e-07,0.43071036503232757,0.4942626953125,0.19984960937500001,-0.019775390625,0.480224609375,0.2,0.00045996093750000003,0.0,0.0053076171875000005,0.0,3
523,52.30144680699959,7317.123060232,52298585,0,1,none,-0.1051025390625,-0.1112060546875,-0.108154296875,-0.0194091796875,4.56e-07,0.43837376644736836,0.4970703125,0.1998984375,-0.0172119140625,0.4827880859375,0.2,-0.0002353515625,0.0,0.0052978515625,0.0,3
524,52.40144789700025,7317.223062568,52398588,0,1,none,-0.107666015625,-0.1085205078125,-0.10809326171875,-0.0191650390625,4.64e-07,0.4310660526670258,0.5015869140625,0.2000146484375,-0.0194091796875,0.4805908203125,0.2,-0.00112890625,-0.000314453125,0.0052900390625,0.0,3
525,52.50146071400013,7317.323065904,52498592,0,1,none,-0.1070556640625,-0.1092529296875,-0.108154296875,-0.0201416015625,4.64e-07,0.4307293069773706,0.496826171875,0.1998583984375,-0.0194091796875,0.4805908203125,0.2,0.0003505859375,0.0003046875,0.00528515625,0.0,16
526,52.60144999000022,7317.423064232,52598591,0,1,none,-0.104248046875,-0.1124267578125,-0.10833740234375,-0.019287109375,4.56e-07,0.43867144668311403,0.4949951171875,0.2000341796875,-0.017578125,0.482421875,0.2,5.859375e-06,0.0,0.005283203125,0.0,3
527,52.701448587000414,7317.523065568,52698593,0,1,none,-0.1085205078125,-0.1119384765625,-0.1102294921875,-0.0206298828125,4.64e-07,0.4330233869881465,0.49609375,0.2009228515625,-0.019775390625,0.480224609375,0.2,0.0007666015625,0.0,0.0052861328125,0.0,16
528,52.80145250300029,7317.623067896,52798596,0,1,none,-0.1063232421875,-0.1119384765625,-0.109130859375,-0.01953125,4.56e-07,0.43825812088815785,0.49365234375,0.199845703125,-0.017333984375,0.482666015625,0.2,-0.000517578125,0.0,0.0052880859375,0.0,3
529,52.90145257600034,7317.723069232,52898598,0,1,none,-0.108154296875,-0.111328125,-0.1097412109375,-0.0194091796875,4.64e-07,0.4315964271282327,0.4970703125,0.2002607421875,-0.0208740234375,0.4791259765625,0.2,-0.000884765625,0.0,0.0052890625,0.0,16
530,53.00144571300007,7317.823069568,52998599,0,1,none,-0.108154296875,-0.1116943359375,-0.10992431640625,-0.0206298828125,4.64e-07,0.43151855468749994,0.4970703125,0.200224609375,-0.01953125,0.48046875,0.2,0.0001630859375,0.0,0.0052958984375,0.0,3
531,53.10145108400047,7317.923067896,53098598,0,1,none,-0.10498046875,-0.111083984375,-0.1080322265625,-0.0196533203125,4.56e-07,0.4375406901041667,0.4923095703125,0.19951855468750002,-0.017333984375,0.482666015625,0.2,0.0003212890625,0.0,0.0053037109375,0.0,3
532,53.20145526400029,7318.023071232,53198602,0,1,none,-0.1082763671875,-0.110595703125,-0.10943603515625,-0.019775390625,4.64e-07,0.4321310109105603,0.499267578125,0.2005087890625,-0.0203857421875,0.4796142578125,0.2,0.0006718750000000001,0.0003310546875,0.005314453125,0.0,3
533,53.30145334200006,7318.123069568,53298601,0,1,none,-0.1051025390625,-0.10888671875,-0.10699462890625,-0.0179443359375,4.64e-07,0.4297127559267241,0.4964599609375,0.19938671875,-0.01953125,0.48046875,0.2,0.000435546875,0.0002470703125,0.0053203125,0.0,3
534,53.40144776299985,7318.223071896,53398604,0,1,none,-0.1048583984375,-0.111083984375,-0.10797119140625,-0.0194091796875,4.56e-07,0.43747858415570173,0.4952392578125,0.199490234375,-0.0172119140625,0.4827880859375,0.2,0.000197265625,0.0,0.005318359375,0.0,3
535,53.50144888599971,7318.323073232,53498606,0,1,none,-0.10791015625,-0.1094970703125,-0.10870361328125,-0.01904296875,4.64e-07,0.43047043372844823,0.496826171875,0.19973828125,-0.019775390625,0.480224609375,0.2,0.0008662109375,0.0,0.0053134765625,0.0,3
536,53.60144643300009,7318.42307256,53598606,0,1,none,-0.1058349609375,-0.1104736328125,-0.108154296875,-0.01904296875,4.56e-07,0.4378940515350877,0.496337890625,0.1996796875,-0.017333984375,0.482666015625,0.2,-0.0004228515625,0.0,0.0053017578125,0.0,3
537,53.70145220900031,7318.523078896,53698613,0,1,none,-0.1082763671875,-0.1112060546875,-0.1097412109375,-0.0201416015625,4.64e-07,0.4305209455818965,0.4903564453125,0.19976171875,-0.0201416015625,0.4798583984375,0.2,-7.12890625e-05,-0.0003330078125,0.0052861328125,0.0,16
538,53.801444865999656,7318.623075232,53798610,0,1,none,-0.107177734375,-0.1083984375,-0.1077880859375,-0.01953125,4.64e-07,0.43196684738685337,0.4979248046875,0.2004326171875,-0.019287109375,0.480712890625,0.2,0.000634765625,0.0,0.0052607421875000004,0.0,3
539,53.901459396000064,7318.72308156,53898617,0,1,none,-0.10498046875,-0.1107177734375,-0.10784912109375,-0.0191650390625,4.56e-07,0.4372965494791667,0.4954833984375,0.1994072265625,-0.0167236328125,0.4832763671875,0.2,0.0003759765625,0.0,0.005228515625,0.0,3
540,54.001452802999665,7318.823078896,53998615,0,1,none,-0.10791015625,-0.1099853515625,-0.10894775390625,-0.019287109375,4.64e-07,0.4330402242726293,0.49609375,0.20093066406250001,-0.0167236328125,0.4832763671875,0.2,-0.0009755859375,0.0,0.0051953125,0.0,3
541,54.10146357400026,7318.923082232,54098619,0,1,none,-0.1090087890625,-0.1109619140625,-0.1099853515625,-0.0220947265625,4.64e-07,0.431341763200431,0.4937744140625,0.200142578125,-0.0189208984375,0.4810791015625,0.2,0.0002568359375,0.0,0.0051650390625,0.0,3
542,54.20145629699982,7319.02308556,54198623,0,1,none,-0.105224609375,-0.1112060546875,-0.10821533203125,-0.0198974609375,4.56e-07,0.4371145148026315,0.5035400390625,0.19932421875,-0.016845703125,0.483154296875,0.2,-0.0004912109375,0.0,0.005142578125,0.0,16
543,54.30145617499966,7319.123083896,54298622,0,1,none,-0.1075439453125,-0.11279296875,-0.11016845703125,-0.01953125,4.64e-07,0.4315480199353448,0.4967041015625,0.20023828125,-0.0189208984375,0.4810791015625,0.2,0.000755859375,0.0002529296875,0.0051279296875,0.0,3
544,54.401446050999766,7319.223082232,54398621,0,1,none,-0.10693359375,-0.1094970703125,-0.10821533203125,-0.0201416015625,4.64e-07,0.4335411334859914,0.5009765625,0.2011630859375,-0.01904296875,0.48095703125,0.2,0.0002158203125,0.0,0.0051201171875,0.0,3
545,54.501456426000004,7319.32308256,54498622,0,1,none,-0.1033935546875,-0.1102294921875,-0.1068115234375,-0.0186767578125,4.56e-07,0.4347609135142544,0.4918212890625,0.19825097656250001,-0.0198974609375,0.4801025390625,0.2,-0.0005849609375,0.0,0.0051259765625,0.0,3
546,54.601448413999606,7319.423084896,54598625,0,1,none,-0.107421875,-0.10986328125,-0.108642578125,-0.019775390625,4.64e-07,0.4313922750538792,0.4954833984375,0.200166015625,-0.01953125,0.48046875,0.2,0.0007949218750000001,0.00025,0.0051494140625,0.0,3
547,54.701453134000076,7319.523089224,54698630,0,1,none,-0.1063232421875,-0.111328125,-0.10882568359375,-0.020263671875,4.56e-07,0.4389391447368421,0.4996337890625,0.20015625,-0.016845703125,0.483154296875,0.2,0.0004267578125,0.0,0.0051865234375,0.0,16
548,54.80145774900029,7319.62309056,54798632,0,1,none,-0.109619140625,-0.109619140625,-0.109619140625,-0.0208740234375,4.64e-07,0.4332443763469827,0.4969482421875,0.201025390625,-0.019287109375,0.480712890625,0.2,-0.00033691406250000003,0.0,0.0052333984375,0.0,3
549,54.901453708999725,7319.723090896,54898633,0,1,none,-0.1058349609375,-0.10986328125,-0.10784912109375,-0.0186767578125,4.64e-07,0.43084716796875,0.4952392578125,0.1999130859375,-0.019287109375,0.480712890625,0.2,0.0008857421875,0.0,0.00528125,0.0,3
550,55.00144844100032,7319.823091224,54998634,0,1,none,-0.1033935546875,-0.1099853515625,-0.106689453125,-0.018310546875,4.56e-07,0.4381210594846491,0.493408203125,0.199783203125,-0.017578125,0.482421875,0.2,0.0008349609375,0.000330078125,0.005314453125,0.0,3
551,55.10145328999988,7319.92309156,55098635,0,1,none,-0.1092529296875,-0.1119384765625,-0.110595703125,-0.0208740234375,4.64e-07,0.4327960836476293,0.5040283203125,0.2008173828125,-0.0196533203125,0.4803466796875,0.2,0.002375,0.00033789062500000003,0.005330078125,0.0,3
552,55.20146415999989,7320.023099896,55198644,0,1,none,-0.10693359375,-0.109375,-0.108154296875,-0.0201416015625,4.64e-07,0.4313838564116379,0.495849609375,0.200162109375,-0.0177001953125,0.4822998046875,0.2,0.000240234375,0.000248046875,0.0053544921875000005,0.0,16
553,55.30145753099987,7320.123099224,55298644,0,1,none,-0.1036376953125,-0.1123046875,-0.10797119140625,-0.01904296875,4.56e-07,0.4364549067982456,0.49169921875,0.1990234375,-0.020751953125,0.479248046875,0.2,9.66796875e-05,0.0,0.00539453125,0.0,3
554,55.4014404440004,7320.22309356,55398639,0,1,none,-0.106689453125,-0.110595703125,-0.108642578125,-0.0191650390625,4.64e-07,0.43121127424568967,0.49560546875,0.20008203125000001,-0.0205078125,0.4794921875,0.2,0.00046191406250000003,0.000322265625,0.00544140625,0.0,3
555,55.50145132899979,7320.323096888,55498643,0,1,none,-0.104248046875,-0.109130859375,-0.106689453125,-0.018310546875,4.56e-07,0.43851511101973684,0.493408203125,0.199962890625,-0.018310546875,0.481689453125,0.2,5.6640625e-05,0.0,0.0054814453125,0.0,3
556,55.60145285999988,7320.423095224,55598642,0,1,none,-0.10791015625,-0.109130859375,-0.1085205078125,-0.02001953125,4.64e-07,0.433404330549569,0.5030517578125,0.20109960937500002,-0.0211181640625,0.4788818359375,0.2,0.0001650390625,0.0,0.0055078125,0.0,16
557,55.701457316000415,7320.52310156,55698649,0,1,none,-0.1077880859375,-0.1107177734375,-0.1092529296875,-0.0203857421875,4.64e-07,0.4320952316810344,0.49609375,0.2004921875,-0.020751953125,0.479248046875,0.2,0.0004716796875,0.0,0.005529296875,0.0,3
558,55.80144741700042,7320.623098888,55798647,0,1,none,-0.1055908203125,-0.1103515625,-0.10797119140625,-0.019775390625,4.56e-07,0.4388813219572368,0.4970703125,0.2001298828125,-0.0185546875,0.4814453125,0.2,-0.0004921875,0.000263671875,0.0055556640625,0.0,3
559,55.90145197499987,7320.723100224,55898649,0,1,none,-0.107421875,-0.111083984375,-0.1092529296875,-0.0194091796875,4.64e-07,0.43237725619612066,0.500732421875,0.20062304687500002,-0.0206298828125,0.4793701171875,0.2,0.0007724609375,0.0,0.005583984375,0.0,3
560,56.00144455700047,7320.823099552,55998649,0,1,none,-0.1055908203125,-0.1103515625,-0.10797119140625,-0.0189208984375,4.56e-07,0.43656198601973684,0.4962158203125,0.199072265625,-0.020751953125,0.479248046875,0.2,0.0003291015625,0.0,0.005607421875,0.0,3
561,56.101489296999716,7320.923114888,56098665,0,1,none,-0.10888671875,-0.1109619140625,-0.10992431640625,-0.019775390625,4.64e-07,0.4320320918642241,0.49658203125,0.200462890625,-0.02197265625,0.47802734375,0.2,-0.0005361328125,0.0,0.0056240234375,0.0,16
562,56.20146868200027,7321.023109224,56198660,0,1,none,-0.1065673828125,-0.11181640625,-0.10919189453125,-0.0186767578125,4.64e-07,0.43118391365840514,0.489013671875,0.2000693359375,-0.020751953125,0.479248046875,0.2,0.00058984375,0.00039941406250000003,0.0056318359375,0.0,3
563,56.301464617999954,7321.123107552,56298659,0,1,none,-0.106689453125,-0.1121826171875,-0.10943603515625,-0.0208740234375,4.56e-07,0.43919827645285087,0.4962158203125,0.20027441406250002,-0.018310546875,0.481689453125,0.2,0.0002041015625,0.0,0.0056337890625,0.0,3
564,56.40146505099983,7321.223109888,56398662,0,1,none,-0.1087646484375,-0.11083984375,-0.10980224609375,-0.0203857421875,4.64e-07,0.4332927835398706,0.499755859375,0.2010478515625,-0.022216796875,0.477783203125,0.2,-0.000908203125,0.0,0.0056298828125,0.0,16
565,56.501452923000215,7321.323107224,56498660,0,1,none,-0.1065673828125,-0.10986328125,-0.10821533203125,-0.01904296875,4.64e-07,0.43024102572737066,0.4952392578125,0.1996318359375,-0.0208740234375,0.4791259765625,0.2,-0.0004091796875,0.0,0.0056259765625,0.0,3
566,56.60145773899967,7321.423111552,56598665,0,1,none,-0.104736328125,-0.11083984375,-0.1077880859375,-0.01904296875,4.56e-07,0.43793260005482454,0.49365234375,0.199697265625,-0.0186767578125,0.4813232421875,0.2,-0.000185546875,0.0,0.0056240234375,0.0,3
567,56.70145728100033,7321.523111888,56698666,0,1,none,-0.1083984375,-0.110595703125,-0.1094970703125,-0.02001953125,4.64e-07,0.4334295864762931,0.494384765625,0.20111132812500002,-0.0206298828125,0.4793701171875,0.2,0.0003662109375,0.0,0.005630859375,0.0,3
568,56.8014569879997,7321.623112224,56798667,0,1,none,-0.1077880859375,-0.1109619140625,-0.109375,-0.02099609375,4.64e-07,0.43127441406249994,0.4920654296875,0.20011132812500002,-0.0208740234375,0.4791259765625,0.2,0.00020117187500000002,0.0,0.005640625,0.0,3
569,56.901466825999705,7321.723118552,56898674,0,1,none,-0.103515625,-0.1109619140625,-0.10723876953125,-0.0184326171875,4.56e-07,0.43836305852521923,0.4962158203125,0.1998935546875,-0.0186767578125,0.4813232421875,0.2,-0.000494140625,-0.000271484375,0.0056503906250000005,0.0,3
570,57.00145162300032,7321.823114888,56998671,0,1,none,-0.1060791015625,-0.1094970703125,-0.1077880859375,-0.0181884765625,4.64e-07,0.4303694100215517,0.4921875,0.19969140625,-0.0208740234375,0.4791259765625,0.2,0.0001416015625,0.0,0.0056572265625,0.0,3
571,57.10145609400024,7321.923114216,57098671,0,1,none,-0.106689453125,-0.11083984375,-0.1087646484375,-0.020263671875,4.56e-07,0.4381317674067982,0.4921875,0.1997880859375,-0.018798828125,0.481201171875,0.2,0.0009443359375,0.0,0.0056591796875,0.0,3
572,57.20145581300039,7322.023114552,57198672,0,1,none,-0.1077880859375,-0.1094970703125,-0.108642578125,-0.0189208984375,4.64e-07,0.4343977303340517,0.4989013671875,0.201560546875,-0.01611328125,0.48388671875,0.2,-0.000234375,-0.00033789062500000003,0.0056611328125,0.0,3
573,57.30144811599985,7322.123114888,57298673,0,1,none,-0.1080322265625,-0.1103515625,-0.10919189453125,-0.020751953125,4.64e-07,0.4321268015894396,0.5006103515625,0.20050683593750002,-0.0218505859375,0.4781494140625,0.2,-0.0001064453125,0.0,0.005662109375,0.0,3
574,57.40145147400017,7322.223120216,57398679,0,1,none,-0.1036376953125,-0.1107177734375,-0.107177734375,-0.0179443359375,4.56e-07,0.43804610402960525,0.4979248046875,0.1997490234375,-0.018798828125,0.481201171875,0.2,0.0004140625,0.0,0.00566796875,0.0,16
575,57.50144941400049,7322.323118552,57498678,0,1,none,-0.1083984375,-0.108642578125,-0.1085205078125,-0.0203857421875,4.64e-07,0.43114602976831895,0.4996337890625,0.2000517578125,-0.020751953125,0.479248046875,0.2,-0.0014736328125000001,-0.00028125000000000003,0.0056767578125,0.0,3
576,57.60145000900047,7322.423117888,57598678,0,1,none,-0.1070556640625,-0.110107421875,-0.10858154296875,-0.019775390625,4.64e-07,0.43076087688577586,0.49658203125,0.19987304687500002,-0.020751953125,0.479248046875,0.2,9.08203125e-05,0.000251953125,0.0056923828125,0.0,3
577,57.70145266500003,7322.523122216,57698683,0,1,none,-0.1033935546875,-0.109619140625,-0.10650634765625,-0.0177001953125,4.56e-07,0.43707810786732454,0.4967041015625,0.1993076171875,-0.0189208984375,0.4810791015625,0.2,0.00044921875,0.0,0.005716796875,0.0,3
578,57.80145267500029,7322.623120552,57798682,0,1,none,-0.1077880859375,-0.1103515625,-0.10906982421875,-0.0191650390625,4.64e-07,0.43099028488685337,0.4970703125,0.1999794921875,-0.021240234375,0.478759765625,0.2,0.0008662109375,-0.0003251953125,0.005740234375,0.0,3
579,57.901454626000486,7322.72312388,57898686,0,1,none,-0.10546875,-0.10986328125,-0.107666015625,-0.01904296875,4.56e-07,0.4374807257401316,0.4945068359375,0.1994912109375,-0.021240234375,0.478759765625,0.2,0.00016894531250000001,0.0002470703125,0.0057666015625,0.0,3
580,58.001451909000025,7322.823122216,57998685,0,1,none,-0.1029052734375,-0.1114501953125,-0.107177734375,-0.0184326171875,4.56e-07,0.43722801877741224,0.494384765625,0.1993759765625,-0.019287109375,0.480712890625,0.2,0.0005361328125,0.0,0.0057939453125,0.0,3
581,58.10145288199965,7322.923127552,58098691,0,1,none,-0.1092529296875,-0.1114501953125,-0.1103515625,-0.021240234375,4.64e-07,0.432684536637931,0.5064697265625,0.200765625,-0.0216064453125,0.4783935546875,0.2,0.00045996093750000003,0.0004541015625,0.005822265625,0.0,3
582,58.20145065399993,7323.02312488,58198689,0,1,none,-0.1063232421875,-0.1107177734375,-0.1085205078125,-0.020263671875,4.56e-07,0.43753640693530704,0.498046875,0.1995166015625,-0.0186767578125,0.4813232421875,0.2,-0.0003916015625,0.0,0.0058505859375000005,0.0,16
583,58.30145269799959,7323.123127216,58298692,0,1,none,-0.11083984375,-0.1109619140625,-0.11090087890625,-0.0225830078125,4.64e-07,0.43202788254310337,0.4981689453125,0.2004609375,-0.02392578125,0.47607421875,0.2,-7.2265625e-05,-0.000396484375,0.0058828125,0.0,16
584,58.40145413299979,7323.223130552,58398696,0,1,none,-0.1075439453125,-0.1092529296875,-0.1083984375,-0.020751953125,4.64e-07,0.42978220972521547,0.494873046875,0.1994189453125,-0.0225830078125,0.4774169921875,0.2,0.001142578125,0.0,0.005919921875,0.0,3
585,58.50144778000049,7323.32312988,58498696,0,1,none,-0.1031494140625,-0.1102294921875,-0.106689453125,-0.0179443359375,4.56e-07,0.4396180270010965,0.496337890625,0.20046582031250001,-0.01953125,0.48046875,0.2,0.0009501953125,0.000345703125,0.0059570312500000005,0.0,16
586,58.601448303000325,7323.423128216,58598695,0,1,none,-0.1087646484375,-0.1112060546875,-0.1099853515625,-0.0206298828125,4.64e-07,0.4333096208243534,0.49462890625,0.2010556640625,-0.0228271484375,0.4771728515625,0.2,0.0007744140625,0.0,0.0059931640625000004,0.0,3
587,58.70144274799986,7323.523130552,58698698,0,1,none,-0.10791015625,-0.11181640625,-0.10986328125,-0.021240234375,4.64e-07,0.4329307819234913,0.496826171875,0.2008798828125,-0.0218505859375,0.4781494140625,0.2,0.0002978515625,0.0003125,0.0060302734375,0.0,16
588,58.80145406199972,7323.62313288,58798701,0,1,none,-0.1033935546875,-0.11083984375,-0.10711669921875,-0.0185546875,4.56e-07,0.43720660293311403,0.49365234375,0.1993662109375,-0.020263671875,0.479736328125,0.2,-0.0009267578125000001,0.0,0.006068359375,0.0,3
589,58.90146248400015,7323.723137216,58898706,0,1,none,-0.10693359375,-0.110107421875,-0.1085205078125,-0.0191650390625,4.64e-07,0.43115234374999994,0.4974365234375,0.2000546875,-0.0228271484375,0.4771728515625,0.2,0.001322265625,0.00033691406250000003,0.0061074218750000004,0.0,16
590,59.0014533829999,7323.823134544,58998704,0,1,none,-0.1048583984375,-0.1119384765625,-0.1083984375,-0.019287109375,4.56e-07,0.438232421875,0.4891357421875,0.199833984375,-0.023193359375,0.476806640625,0.2,0.000146484375,-0.0002822265625,0.006140625,0.0,3
591,59.1014461929999,7323.92313188,59098702,0,1,none,-0.1085205078125,-0.1104736328125,-0.1094970703125,-0.0205078125,4.64e-07,0.4319415914601292,0.496826171875,0.2004208984375,-0.0224609375,0.4775390625,0.2,-0.000234375,-0.0005615234375000001,0.00616796875,0.0,16
592,59.20145771100033,7324.023136216,59198707,0,1,none,-0.10595703125,-0.109619140625,-0.1077880859375,-0.0186767578125,4.64e-07,0.4301989325161637,0.492919921875,0.1996123046875,-0.022705078125,0.477294921875,0.2,0.00057421875,0.0,0.0061953125,0.0,3
593,59.30145317900042,7324.123138544,59298710,0,1,none,-0.103515625,-0.1112060546875,-0.10736083984375,-0.0184326171875,4.56e-07,0.4391490200109649,0.4931640625,0.200251953125,-0.0205078125,0.4794921875,0.2,0.000646484375,0.000365234375,0.0062197265625,0.0,3
594,59.401453243000105,7324.22313988,59398712,0,1,none,-0.10791015625,-0.111328125,-0.109619140625,-0.0201416015625,4.64e-07,0.43139648437499994,0.5006103515625,0.20016796875,-0.022705078125,0.477294921875,0.2,0.0008916015625,0.0003212890625,0.00624609375,0.0,16
595,59.5014600329996,7324.323143208,59498716,0,1,none,-0.1064453125,-0.111083984375,-0.1087646484375,-0.0198974609375,4.56e-07,0.43962016858552627,0.496826171875,0.200466796875,-0.023193359375,0.476806640625,0.2,0.0008828125,0.0,0.0062685546875000005,0.0,3
596,59.601454849999755,7324.423141544,59598715,0,1,none,-0.109375,-0.11083984375,-0.110107421875,-0.0205078125,4.64e-07,0.43443982354525856,0.501953125,0.201580078125,-0.0230712890625,0.4769287109375,0.2,-0.0008212890625,0.0,0.00628125,0.0,16
597,59.70146093800031,7324.52314688,59698721,0,1,none,-0.108154296875,-0.1103515625,-0.1092529296875,-0.020751953125,4.64e-07,0.43016315328663784,0.4951171875,0.199595703125,-0.02392578125,0.47607421875,0.2,-5.95703125e-05,0.0,0.006279296875,0.0,3
598,59.801453879999826,7324.623144208,59798719,0,1,none,-0.103271484375,-0.10986328125,-0.1065673828125,-0.018310546875,4.56e-07,0.43620862458881576,0.4908447265625,0.1989111328125,-0.01904296875,0.48095703125,0.2,-0.0007958984375000001,0.0,0.006259765625,0.0,3
599,59.90145065900015,7324.723147544,59898723,0,1,none,-0.1085205078125,-0.108642578125,-0.10858154296875,-0.020263671875,4.64e-07,0.4304157125538793,0.49267578125,0.199712890625,-0.0244140625,0.4755859375,0.2,-0.000158203125,0.0,0.0062314453125,0.0,3
600,60.00144977200034,7324.823142872,59998719,0,1,none,-0.10595703125,-0.111083984375,-0.1085205078125,-0.0194091796875,4.56e-07,0.4394167180646929,0.4976806640625,0.2003740234375,-0.020751953125,0.479248046875,0.2,0.0014384765625,0.0,0.0062158203125,0.0,3
601,60.10144951500024,7324.923146208,60098723,0,1,none,-0.1097412109375,-0.1112060546875,-0.1104736328125,-0.020751953125,4.64e-07,0.4366960196659483,0.49853515625,0.202626953125,-0.0206298828125,0.4793701171875,0.2,-0.00109765625,0.0,0.0062167968750000005,0.0,16
602,60.20144074699965,7325.023147544,60198725,0,1,none,-0.1092529296875,-0.1104736328125,-0.10986328125,-0.0216064453125,4.64e-07,0.42941599878771547,0.4962158203125,0.1992490234375,-0.0233154296875,0.4766845703125,0.2,0.0003720703125,0.00037109375,0.0062216796875,0.0,3
603,60.30145149100008,7325.123147872,60298726,0,1,none,-0.10498046875,-0.111328125,-0.108154296875,-0.019287109375,4.56e-07,0.43661766721491224,0.4925537109375,0.19909765625,-0.019775390625,0.480224609375,0.2,0.00033984375000000003,-0.0004140625,0.00623046875,0.0,16
604,60.40144959900044,7325.223151208,60398730,0,1,none,-0.1068115234375,-0.1090087890625,-0.10791015625,-0.0184326171875,4.64e-07,0.43269085061961204,0.4974365234375,0.20076855468750002,-0.0234375,0.4765625,0.2,0.000693359375,0.0,0.0062373046875000004,0.0,16
605,60.50145939200047,7325.323157544,60498737,0,1,none,-0.1064453125,-0.109375,-0.10791015625,-0.0198974609375,4.64e-07,0.42932549838362066,0.496337890625,0.19920703125,-0.02392578125,0.47607421875,0.2,-0.000978515625,0.0,0.0062509765625,0.0,3
606,60.60145675900003,7325.423154872,60598735,0,1,none,-0.1099853515625,-0.1109619140625,-0.1104736328125,-0.021484375,4.64e-07,0.434827081088362,0.502197265625,0.201759765625,-0.0233154296875,0.4766845703125,0.2,-0.0005390625,0.0,0.006263671875,0.0,16
607,60.70145918399976,7325.523156208,60698737,0,1,none,-0.1075439453125,-0.1112060546875,-0.109375,-0.019775390625,4.64e-07,0.43271400188577586,0.4959716796875,0.200779296875,-0.0242919921875,0.4757080078125,0.2,0.000666015625,0.0,0.00628125,0.0,3
608,60.80145823699968,7325.623157536,60798739,0,1,none,-0.1060791015625,-0.1119384765625,-0.1090087890625,-0.020263671875,4.56e-07,0.4408087479440789,0.496337890625,0.2010087890625,-0.020751953125,0.479248046875,0.2,-7.8125e-05,0.0,0.00629296875,0.0,3
609,60.90146109699981,7325.723157872,60898740,0,1,none,-0.1072998046875,-0.1112060546875,-0.1092529296875,-0.019287109375,4.64e-07,0.43200052195581895,0.49658203125,0.20044824218750001,-0.02294921875,0.47705078125,0.2,-0.002587890625,0.0,0.0062958984375,0.0,3
610,61.001461437000216,7325.8231612,60998744,0,1,none,-0.105224609375,-0.1109619140625,-0.10809326171875,-0.01904296875,4.56e-07,0.43996282209429827,0.4945068359375,0.20062304687500002,-0.02294921875,0.47705078125,0.2,0.001068359375,0.0,0.0062939453125,0.0,3
611,61.10146177099978,7325.923161536,61098745,0,1,none,-0.109130859375,-0.10986328125,-0.1094970703125,-0.0206298828125,4.64e-07,0.4342525087553879,0.5030517578125,0.2014931640625,-0.0230712890625,0.4769287109375,0.2,-0.0005341796875,-0.0006279296875,0.0062822265625,0.0,16
612,61.20148929700008,7326.023168872,61198753,0,1,none,-0.1082763671875,-0.11083984375,-0.10955810546875,-0.0211181640625,4.64e-07,0.43231411637931033,0.501708984375,0.20059375000000002,-0.0228271484375,0.4771728515625,0.2,-0.0005234375,0.0,0.00626171875,0.0,3
613,61.30146620100004,7326.1231632,61298748,0,1,none,-0.1038818359375,-0.112060546875,-0.10797119140625,-0.0185546875,4.56e-07,0.4380032723410088,0.493896484375,0.1997294921875,-0.0206298828125,0.4793701171875,0.2,-0.0001982421875,0.0,0.0062324218750000005,0.0,16
614,61.40146192100019,7326.223165536,61398751,0,1,none,-0.1075439453125,-0.1097412109375,-0.108642578125,-0.0194091796875,4.64e-07,0.42994847790948265,0.4925537109375,0.19949609375,-0.020751953125,0.479248046875,0.2,0.0006044921875,0.0,0.0062001953125,0.0,3
615,61.50145301199973,7326.323162864,61498749,0,1,none,-0.1068115234375,-0.111572265625,-0.10919189453125,-0.0206298828125,4.56e-07,0.4379433079769737,0.4927978515625,0.1997021484375,-0.0206298828125,0.4793701171875,0.2,-0.001064453125,0.0003212890625,0.00616796875,0.0,16
616,61.60145482200005,7326.4231622,61598749,0,1,none,-0.10791015625,-0.1109619140625,-0.10943603515625,-0.0194091796875,4.64e-07,0.43149961274245685,0.4962158203125,0.20021582031250001,-0.0203857421875,0.4796142578125,0.2,0.00070703125,-0.0004775390625,0.006134765625,0.0,3
617,61.701456773000245,7326.523169536,61698757,0,1,none,-0.1085205078125,-0.11181640625,-0.11016845703125,-0.0208740234375,4.64e-07,0.4314006936961207,0.4908447265625,0.20016992187500002,-0.0223388671875,0.4776611328125,0.2,1.171875e-05,0.0,0.0061074218750000004,0.0,3
618,61.80145208799968,7326.623163864,61798752,0,1,none,-0.1041259765625,-0.10986328125,-0.10699462890625,-0.019287109375,4.56e-07,0.43616150973135964,0.4931640625,0.1988896484375,-0.0196533203125,0.4803466796875,0.2,-1.953125e-06,-0.000619140625,0.0060849609375,0.0,3
619,61.901452953000444,7326.7231692,61898758,0,1,none,-0.1055908203125,-0.1102294921875,-0.10791015625,-0.0177001953125,4.64e-07,0.43113550646551724,0.4962158203125,0.200046875,-0.0220947265625,0.4779052734375,0.2,0.0005615234375000001,0.0,0.0060693359375,0.0,3
620,62.00144713700047,7326.823166528,61998756,0,1,none,-0.10546875,-0.111083984375,-0.1082763671875,-0.0201416015625,4.56e-07,0.438232421875,0.4991455078125,0.199833984375,-0.020263671875,0.479736328125,0.2,-6.0546875e-05,0.0,0.0060576171875,0.0,3
621,62.101459501000136,7326.923174864,62098765,0,1,none,-0.10791015625,-0.1103515625,-0.109130859375,-0.02001953125,4.64e-07,0.432196255387931,0.498779296875,0.2005390625,-0.0198974609375,0.4801025390625,0.2,-0.00062109375,0.000427734375,0.0060458984375,0.0,3
622,62.20145716800016,7327.023170192,62198761,0,1,none,-0.1053466796875,-0.11181640625,-0.10858154296875,-0.018798828125,4.56e-07,0.4363842345120614,0.4898681640625,0.1989912109375,-0.0198974609375,0.4801025390625,0.2,-0.0001416015625,0.0,0.0060400390625000005,0.0,3
623,62.30145036199974,7327.123171528,62298763,0,1,none,-0.1075439453125,-0.11083984375,-0.10919189453125,-0.0194091796875,4.64e-07,0.4318026838631465,0.4970703125,0.2003564453125,-0.0223388671875,0.4776611328125,0.2,-0.0004775390625,-0.0004404296875,0.0060341796875,0.0,3
624,62.40146038900002,7327.223171864,62398764,0,1,none,-0.10693359375,-0.111572265625,-0.1092529296875,-0.0194091796875,4.64e-07,0.43250564049030166,0.49462890625,0.2006826171875,-0.0224609375,0.4775390625,0.2,0.0006337890625,0.0,0.006025390625,0.0,3
625,62.50145275799969,7327.323173192,62498766,0,1,none,-0.1048583984375,-0.1109619140625,-0.10791015625,-0.0198974609375,4.56e-07,0.4385879248903508,0.495849609375,0.19999609375,-0.0196533203125,0.4803466796875,0.2,0.000345703125,0.0,0.006025390625,0.0,3
626,62.60145110800022,7327.423175528,62598769,0,1,none,-0.10986328125,-0.1107177734375,-0.11029052734375,-0.022216796875,4.64e-07,0.4303483634159483,0.4974365234375,0.19968164062500002,-0.0220947265625,0.4779052734375,0.2,-0.0003271484375,0.0,0.0060322265625000005,0.0,3
627,62.70144733500001,7327.523175856,62698770,0,1,none,-0.1046142578125,-0.1116943359375,-0.108154296875,-0.01904296875,4.56e-07,0.43800113075657887,0.4923095703125,0.199728515625,-0.0191650390625,0.4808349609375,0.2,0.0001533203125,-0.0002880859375,0.0060341796875,0.0,16
628,62.801456332999805,7327.623180192,62798775,0,1,none,-0.10693359375,-0.1087646484375,-0.10784912109375,-0.018310546875,4.64e-07,0.43167850889008613,0.4976806640625,0.200298828125,-0.0223388671875,0.4776611328125,0.2,-0.0020927734375000002,0.000296875,0.0060283203125,0.0,16
629,62.901456796000275,7327.72317952,62898775,0,1,none,-0.1082763671875,-0.1114501953125,-0.10986328125,-0.021484375,4.56e-07,0.43952379728618424,0.497314453125,0.2004228515625,-0.0218505859375,0.4781494140625,0.2,-0.00066796875,0.0,0.006009765625,0.0,3
630,63.00145264799994,7327.823180856,62998777,0,1,none,-0.1044921875,-0.1109619140625,-0.10772705078125,-0.019775390625,4.56e-07,0.43693890487938597,0.496826171875,0.199244140625,-0.01953125,0.48046875,0.2,-0.00060546875,0.0,0.0059814453125,0.0,3
631,63.101446831999965,7327.923180192,63098777,0,1,none,-0.106201171875,-0.109619140625,-0.10791015625,-0.0185546875,4.64e-07,0.4313564958243534,0.50146484375,0.2001494140625,-0.0216064453125,0.4783935546875,0.2,0.00101953125,0.0,0.005951171875,0.0,3
632,63.20144491599967,7328.02317652,63198774,0,1,none,-0.105712890625,-0.111572265625,-0.108642578125,-0.020263671875,4.56e-07,0.4391061883223684,0.49462890625,0.200232421875,-0.0194091796875,0.4805908203125,0.2,-0.0002685546875,-0.0004453125,0.0059248046875,0.0,3
633,63.301448817000164,7328.123181856,63298780,0,1,none,-0.108642578125,-0.1104736328125,-0.10955810546875,-0.0211181640625,4.64e-07,0.43060092268318956,0.4974365234375,0.199798828125,-0.0223388671875,0.4776611328125,0.2,-0.000599609375,0.0,0.0059072265625,0.0,3
634,63.40145273899998,7328.223187184,63398786,0,1,none,-0.10595703125,-0.11083984375,-0.1083984375,-0.02001953125,4.56e-07,0.43663694147478066,0.4931640625,0.1991064453125,-0.0191650390625,0.4808349609375,0.2,-0.0005693359375,0.000328125,0.0059023437500000005,0.0,3
635,63.50145019899992,7328.32318552,63498785,0,1,none,-0.1085205078125,-0.1094970703125,-0.1090087890625,-0.0203857421875,4.64e-07,0.43190581223060337,0.4967041015625,0.200404296875,-0.0220947265625,0.4779052734375,0.2,-0.00046582031250000003,-0.00028125000000000003,0.005908203125,0.0,3
636,63.601447617000304,7328.423183856,63598784,0,1,none,-0.10595703125,-0.1102294921875,-0.10809326171875,-0.01904296875,4.64e-07,0.4323835701778017,0.4952392578125,0.2006259765625,-0.0218505859375,0.4781494140625,0.2,0.000333984375,0.000244140625,0.0059228515625,0.0,16
637,63.70146059600029,7328.523192184,63698793,0,1,none,-0.10302734375,-0.1094970703125,-0.10626220703125,-0.0185546875,4.56e-07,0.4375899465460526,0.4891357421875,0.199541015625,-0.01904296875,0.48095703125,0.2,-0.000228515625,0.0,0.0059404296875,0.0,3
638,63.801453582999784,7328.62319052,63798792,0,1,none,-0.106689453125,-0.110107421875,-0.1083984375,-0.01953125,4.64e-07,0.4316637762661638,0.493408203125,0.20029199218750002,-0.021728515625,0.478271484375,0.2,0.0009267578125000001,0.0,0.0059697265625,0.0,3
639,63.90146668499983,7328.723194848,63898797,0,1,none,-0.10498046875,-0.1107177734375,-0.10784912109375,-0.0198974609375,4.56e-07,0.43956448739035087,0.490234375,0.20044140625,-0.019287109375,0.480712890625,0.2,-0.001025390625,0.0,0.006005859375,0.0,3
640,64.00145601799977,7328.823192184,63998795,0,1,none,-0.107421875,-0.1103515625,-0.10888671875,-0.0191650390625,4.64e-07,0.43211627828663784,0.4993896484375,0.200501953125,-0.0224609375,0.4775390625,0.2,0.0004404296875,0.0,0.006046875,0.0,16
641,64.1014504120003,7328.923191512,64098795,0,1,none,-0.1077880859375,-0.1112060546875,-0.1094970703125,-0.0208740234375,4.56e-07,0.43899696751644735,0.499267578125,0.2001826171875,-0.0224609375,0.4775390625,0.2,0.0002919921875,0.0,0.0060908203125,0.0,16
642,64.20145551600035,7329.023192848,64198797,0,1,none,-0.1080322265625,-0.1082763671875,-0.108154296875,-0.019287109375,4.64e-07,0.4314406822467672,0.49658203125,0.2001884765625,-0.02392578125,0.47607421875,0.2,-0.00098046875,0.0,0.0061259765625,0.0,16
643,64.30145564600025,7329.123192184,64298797,0,1,none,-0.1063232421875,-0.109619140625,-0.10797119140625,-0.019287109375,4.64e-07,0.4310555293642241,0.50341796875,0.200009765625,-0.0224609375,0.4775390625,0.2,0.000765625,0.00034277343750000003,0.00616015625,0.0,3
644,64.40144509899983,7329.223192512,64398798,0,1,none,-0.1038818359375,-0.111328125,-0.10760498046875,-0.01904296875,4.56e-07,0.4378790604440789,0.4945068359375,0.1996728515625,-0.0205078125,0.4794921875,0.2,0.0002373046875,0.0,0.0062001953125,0.0,3
645,64.50144481799998,7329.323195848,64498802,0,1,none,-0.10693359375,-0.1109619140625,-0.10894775390625,-0.0189208984375,4.64e-07,0.43448612607758613,0.498779296875,0.2016015625,-0.0235595703125,0.4764404296875,0.2,0.00094140625,0.0,0.00625,0.0,3
646,64.60144820300047,7329.423195176,64598802,0,1,none,-0.10693359375,-0.111328125,-0.109130859375,-0.02099609375,4.56e-07,0.439367461622807,0.4964599609375,0.2003515625,-0.0208740234375,0.4791259765625,0.2,-4.00390625e-05,0.0,0.0062978515625,0.0,3
647,64.7014536759998,7329.523197512,64698805,0,1,none,-0.1063232421875,-0.110107421875,-0.10821533203125,-0.0181884765625,4.64e-07,0.43263402478448276,0.495361328125,0.2007421875,-0.0230712890625,0.4769287109375,0.2,-0.00051171875,0.0,0.0063408203125,0.0,16
648,64.8014574179997,7329.623198848,64798807,0,1,none,-0.1058349609375,-0.1102294921875,-0.1080322265625,-0.0189208984375,4.64e-07,0.4316742995689655,0.490966796875,0.200296875,-0.023681640625,0.476318359375,0.2,0.0003310546875,0.000271484375,0.0063798828125,0.0,3
649,64.90145279900025,7329.723201176,64898810,0,1,none,-0.1041259765625,-0.110595703125,-0.10736083984375,-0.01953125,4.56e-07,0.4345724540844298,0.4886474609375,0.1981650390625,-0.02490234375,0.47509765625,0.2,-0.0002919921875,-0.000248046875,0.0064189453125,0.0,16
650,65.00144652699964,7329.823200512,64998810,0,1,none,-0.106201171875,-0.110107421875,-0.108154296875,-0.01904296875,4.64e-07,0.4317184974407327,0.4990234375,0.2003173828125,-0.0238037109375,0.4761962890625,0.2,0.0005556640625000001,0.0,0.0064560546875,0.0,3
651,65.1014576790003,7329.92320284,65098813,0,1,none,-0.1044921875,-0.1094970703125,-0.10699462890625,-0.01904296875,4.56e-07,0.438123201069079,0.4976806640625,0.1997841796875,-0.0218505859375,0.4781494140625,0.2,-0.0006738281250000001,0.0,0.006490234375,0.0,3
652,65.20144652900035,7330.023203176,65198814,0,1,none,-0.106689453125,-0.1083984375,-0.1075439453125,-0.0184326171875,4.64e-07,0.43152907799030166,0.4996337890625,0.2002294921875,-0.023681640625,0.476318359375,0.2,0.000322265625,0.00027734375000000003,0.006521484375,0.0,3
653,65.30144671299968,7330.123204504,65298816,0,1,none,-0.1068115234375,-0.110595703125,-0.10870361328125,-0.020263671875,4.56e-07,0.4383416426809211,0.4898681640625,0.1998837890625,-0.02197265625,0.47802734375,0.2,6.4453125e-05,0.0,0.0065458984375,0.0,3
654,65.4014395080003,7330.22320384,65398816,0,1,none,-0.1103515625,-0.1107177734375,-0.11053466796875,-0.021728515625,4.64e-07,0.4319331728178879,0.4976806640625,0.2004169921875,-0.0245361328125,0.4754638671875,0.2,-0.0001826171875,0.0,0.0065634765625,0.0,16
655,65.50144805299988,7330.323206176,65498819,0,1,none,-0.1063232421875,-0.111328125,-0.10882568359375,-0.018798828125,4.64e-07,0.43075666756465514,0.50146484375,0.19987109375,-0.0240478515625,0.4759521484375,0.2,-0.000501953125,0.0,0.006576171875,0.0,3
656,65.6015868759996,7330.423259504,65598873,0,1,none,-0.103759765625,-0.110595703125,-0.107177734375,-0.0194091796875,4.56e-07,0.4346752501370613,0.490478515625,0.1982119140625,-0.01953125,0.48046875,0.2,-0.0002734375,0.0,0.0065849609375,0.0,3
657,65.70154015800017,7330.52324384,65698858,0,1,none,-0.10791015625,-0.11083984375,-0.109375,-0.0206298828125,4.64e-07,0.4307987607758621,0.4970703125,0.19989062500000002,-0.0240478515625,0.4759521484375,0.2,0.0005556640625000001,0.0,0.0065888671875,0.0,3
658,65.8014775040001,7330.623220168,65798835,0,1,none,-0.105224609375,-0.1102294921875,-0.10772705078125,-0.0198974609375,4.56e-07,0.4372815583881579,0.4993896484375,0.199400390625,-0.02197265625,0.47802734375,0.2,0.0001025390625,0.0,0.00658984375,0.0,16
659,65.90146260700021,7330.723216504,65898832,0,1,none,-0.10986328125,-0.111083984375,-0.1104736328125,-0.0218505859375,4.64e-07,0.43183846309267243,0.5009765625,0.20037304687500002,-0.02392578125,0.47607421875,0.2,0.0021064453125,0.0,0.006587890625,0.0,3
660,66.001452642,7330.823214832,65998831,0,1,none,-0.1068115234375,-0.11083984375,-0.10882568359375,-0.020751953125,4.56e-07,0.43832451000548245,0.4990234375,0.1998759765625,-0.021728515625,0.478271484375,0.2,-4.78515625e-05,0.0,0.0065859375,0.0,16
661,66.10145984599967,7330.923215168,66098832,0,1,none,-0.1083984375,-0.111083984375,-0.1097412109375,-0.02001953125,4.64e-07,0.4322678138469827,0.4991455078125,0.200572265625,-0.0240478515625,0.4759521484375,0.2,-0.0006435546875,-0.000447265625,0.0065908203125000005,0.0,3
662,66.20144763400003,7331.023214504,66198832,0,1,none,-0.1083984375,-0.1112060546875,-0.10980224609375,-0.0216064453125,4.64e-07,0.43310546874999994,0.4986572265625,0.2009609375,-0.0242919921875,0.4757080078125,0.2,0.0004189453125,0.0002861328125,0.006599609375,0.0,3
663,66.30148919099975,7331.123224832,66298843,0,1,none,-0.102783203125,-0.1097412109375,-0.10626220703125,-0.01806640625,4.56e-07,0.43640779194078944,0.4962158203125,0.199001953125,-0.0218505859375,0.4781494140625,0.2,-0.0006240234375,-0.00039843750000000003,0.006609375,0.0,3
664,66.40145990600013,7331.223219168,66398838,0,1,none,-0.108154296875,-0.1109619140625,-0.10955810546875,-0.0205078125,4.64e-07,0.43263402478448276,0.497802734375,0.2007421875,-0.0240478515625,0.4759521484375,0.2,-0.00016796875000000001,0.0,0.0066181640625,0.0,3
665,66.50146389099973,7331.323221496,66498841,0,1,none,-0.1041259765625,-0.11083984375,-0.10748291015625,-0.0189208984375,4.56e-07,0.4375299821820175,0.4932861328125,0.199513671875,-0.0220947265625,0.4779052734375,0.2,0.0008232421875,-1963.8564443359376,0.0066259765625,0.0,3
666,66.60144820799997,7331.423214832,66598835,0,1,none,-0.1085205078125,-0.110107421875,-0.10931396484375,-0.0205078125,4.64e-07,0.43054830616918105,0.49658203125,0.19977441406250002,-0.0240478515625,0.4759521484375,0.2,-0.0011376953125,0.0003955078125,0.0066318359375,0.0,3
667,66.70144747700033,7331.52322116,66698842,0,1,none,-0.1046142578125,-0.109619140625,-0.10711669921875,-0.0186767578125,4.56e-07,0.4374314692982456,0.4942626953125,0.19946875,-0.02197265625,0.47802734375,0.2,0.00060546875,0.0,0.0066318359375,0.0,3
668,66.80146405600044,7331.623223496,66798845,0,1,none,-0.1097412109375,-0.111328125,-0.11053466796875,-0.021484375,4.64e-07,0.4323162210398706,0.5006103515625,0.2005947265625,-0.0242919921875,0.4757080078125,0.2,-0.000150390625,-0.0006494140625,0.0066328125,0.0,16
669,66.9014573759996,7331.723226832,66898849,0,1,none,-0.1064453125,-0.109375,-0.10791015625,-0.0196533203125,4.64e-07,0.4296411974676724,0.4945068359375,0.199353515625,-0.0240478515625,0.4759521484375,0.2,0.0009150390625,0.0,0.0066337890625,0.0,3
670,67.00145519600028,7331.82322516,66998848,0,1,none,-0.1051025390625,-0.1103515625,-0.10772705078125,-0.0198974609375,4.56e-07,0.4376327782346491,0.496337890625,0.199560546875,-0.022216796875,0.477783203125,0.2,-0.000650390625,-0.000265625,0.0066318359375,0.0,16
671,67.1014497670003,7331.923223496,67098847,0,1,none,-0.107421875,-0.1104736328125,-0.10894775390625,-0.0198974609375,4.64e-07,0.4303062702047413,0.4964599609375,0.199662109375,-0.024658203125,0.475341796875,0.2,0.0003251953125,0.0,0.0066328125,0.0,3
672,67.20146084699991,7332.023226824,67198851,0,1,none,-0.1055908203125,-0.1107177734375,-0.108154296875,-0.019775390625,4.56e-07,0.4369367632949561,0.496337890625,0.1992431640625,-0.02197265625,0.47802734375,0.2,-0.00086328125,-0.00032421875,0.00663671875,0.0,3
673,67.30144953200033,7332.12322516,67298850,0,1,none,-0.1094970703125,-0.11083984375,-0.11016845703125,-0.0216064453125,4.64e-07,0.4319016029094827,0.4971923828125,0.20040234375000002,-0.024169921875,0.475830078125,0.2,0.0006318359375,0.000353515625,0.0066494140625,0.0,3
674,67.40144633799991,7332.223227496,67398853,0,1,none,-0.107177734375,-0.1097412109375,-0.10845947265625,-0.0205078125,4.64e-07,0.4312975653286638,0.4912109375,0.2001220703125,-0.024169921875,0.475830078125,0.2,0.00029296875,0.0,0.0066669921875,0.0,3
675,67.50145465500009,7332.323228824,67498855,0,1,none,-0.107177734375,-0.1114501953125,-0.10931396484375,-0.0185546875,4.64e-07,0.4321878367456896,0.4984130859375,0.20053515625,-0.0244140625,0.4755859375,0.2,-0.00049609375,-0.0002451171875,0.0066826171875,0.0,16
676,67.60145066000041,7332.42323116,67598858,0,1,none,-0.1072998046875,-0.1094970703125,-0.1083984375,-0.02001953125,4.64e-07,0.43118391365840514,0.5010986328125,0.2000693359375,-0.0242919921875,0.4757080078125,0.2,0.0006083984375,0.0,0.006693359375,0.0,3
677,67.70145606700044,7332.523233488,67698861,0,1,none,-0.1036376953125,-0.108642578125,-0.10614013671875,-0.017822265625,4.56e-07,0.43593021861293857,0.4971923828125,0.1987841796875,-0.0224609375,0.4775390625,0.2,-0.0002109375,0.0,0.00669921875,0.0,3
678,67.80145861500023,7332.623237824,67798866,0,1,none,-0.1070556640625,-0.109619140625,-0.10833740234375,-0.0191650390625,4.64e-07,0.43091872642780166,0.4923095703125,0.1999462890625,-0.0223388671875,0.4776611328125,0.2,7.71484375e-05,0.0,0.0067021484375,0.0,3
679,67.90146203899985,7332.723234152,67898863,0,1,none,-0.1051025390625,-0.111328125,-0.10821533203125,-0.01953125,4.56e-07,0.43769274259868424,0.49072265625,0.19958789062500001,-0.0220947265625,0.4779052734375,0.2,-0.0007216796875,-0.000259765625,0.006703125,0.0,3
680,68.00145145900024,7332.823235488,67998865,0,1,none,-0.107421875,-0.111083984375,-0.1092529296875,-0.0194091796875,4.64e-07,0.43107447130926724,0.494384765625,0.20001855468750002,-0.0242919921875,0.4757080078125,0.2,-0.0003095703125,0.0,0.0067001953125,0.0,3
681,68.10145104000003,7332.923236816,68098867,0,1,none,-0.1055908203125,-0.1107177734375,-0.108154296875,-0.0194091796875,4.56e-07,0.43878066748903505,0.4967041015625,0.200083984375,-0.022216796875,0.477783203125,0.2,0.00028027343750000003,0.0,0.0067001953125,0.0,16
682,68.20145193799999,7333.023237152,68198868,0,1,none,-0.1029052734375,-0.10986328125,-0.10638427734375,-0.0186767578125,4.56e-07,0.4337008292214912,0.48828125,0.197767578125,-0.026123046875,0.473876953125,0.2,-0.000623046875,-0.00034179687500000003,0.0067021484375,0.0,16
683,68.30144885800019,7333.123235488,68298867,0,1,none,-0.108154296875,-0.1107177734375,-0.10943603515625,-0.020263671875,4.64e-07,0.43198158001077586,0.4989013671875,0.200439453125,-0.0225830078125,0.4774169921875,0.2,0.0002138671875,0.00034375,0.00670703125,0.0,3
684,68.40145248600038,7333.223239816,68398872,0,1,none,-0.103759765625,-0.111328125,-0.1075439453125,-0.018798828125,4.56e-07,0.4386543140076754,0.501708984375,0.2000263671875,-0.021240234375,0.478759765625,0.2,-0.0001669921875,0.0,0.0067119140625,0.0,16
685,68.50144533799994,7333.323238152,68498871,0,1,none,-0.107177734375,-0.1085205078125,-0.10784912109375,-0.01953125,4.64e-07,0.4323498956088362,0.4959716796875,0.2006103515625,-0.0244140625,0.4755859375,0.2,0.00053515625,0.0,0.0067177734375000004,0.0,3
686,68.60145121599999,7333.42324148,68598875,0,1,none,-0.104248046875,-0.1104736328125,-0.10736083984375,-0.0196533203125,4.56e-07,0.43765633566337725,0.4945068359375,0.19957128906250002,-0.02197265625,0.47802734375,0.2,0.000177734375,0.0,0.0067255859375000004,0.0,3
687,68.70144821699978,7333.523240816,68698875,0,1,none,-0.1077880859375,-0.1083984375,-0.10809326171875,-0.01953125,4.64e-07,0.43167640422952586,0.503173828125,0.20029785156250002,-0.0245361328125,0.4754638671875,0.2,0.000412109375,0.0,0.006732421875,0.0,16
688,68.80146517400044,7333.623246144,68798881,0,1,none,-0.1048583984375,-0.110107421875,-0.10748291015625,-0.0186767578125,4.56e-07,0.4388085080866228,0.5006103515625,0.2000966796875,-0.0224609375,0.4775390625,0.2,-0.0003037109375,0.0,0.006734375,0.0,3
689,68.9014627509996,7333.72324848,68898884,0,1,none,-0.1090087890625,-0.1107177734375,-0.10986328125,-0.0208740234375,4.64e-07,0.43225518588362066,0.499755859375,0.20056640625,-0.0244140625,0.4755859375,0.2,-0.00016796875000000001,0.0,0.0067373046875,0.0,16
690,69.00144886500038,7333.823244808,68998881,0,1,none,-0.10498046875,-0.1102294921875,-0.10760498046875,-0.0184326171875,4.56e-07,0.436803985060307,0.4990234375,0.1991826171875,-0.022705078125,0.477294921875,0.2,0.0002861328125,0.0,0.0067373046875,0.0,3
691,69.10145242100043,7333.923248144,69098885,0,1,none,-0.1026611328125,-0.110107421875,-0.10638427734375,-0.0184326171875,4.56e-07,0.43504146107456143,0.491943359375,0.19837890625000001,-0.0216064453125,0.4783935546875,0.2,-0.0010078125,0.0,0.0067353515625,0.0,16
692,69.20145273700018,7334.02324848,69198886,0,1,none,-0.107177734375,-0.1107177734375,-0.10894775390625,-0.019775390625,4.64e-07,0.4307524582435345,0.4945068359375,0.199869140625,-0.0244140625,0.4755859375,0.2,0.0005556640625000001,0.0002607421875,0.0067353515625,0.0,3
693,69.30145177200029,7334.123246808,69298885,0,1,none,-0.103759765625,-0.10888671875,-0.1063232421875,-0.018310546875,4.56e-07,0.43683182565789475,0.5,0.1991953125,-0.0225830078125,0.4774169921875,0.2,-0.0012724609375,0.0,0.0067314453125,0.0,3
694,69.40144743499968,7334.223248144,69398887,0,1,none,-0.1087646484375,-0.1104736328125,-0.109619140625,-0.020751953125,4.64e-07,0.43206155711206895,0.505859375,0.2004765625,-0.0244140625,0.4755859375,0.2,0.001505859375,0.0,0.006724609375,0.0,3
695,69.50145459400028,7334.323250472,69498890,0,1,none,-0.10400390625,-0.110107421875,-0.1070556640625,-0.017822265625,4.56e-07,0.4368489583333333,0.4925537109375,0.199203125,-0.0225830078125,0.4774169921875,0.2,0.00042578125,-0.0003232421875,0.006716796875,0.0,3
696,69.60145416900014,7334.423249808,69598890,0,1,none,-0.1085205078125,-0.110107421875,-0.10931396484375,-0.020263671875,4.64e-07,0.4296896046605603,0.4913330078125,0.1993759765625,-0.0242919921875,0.4757080078125,0.2,-0.00094140625,-0.0004267578125,0.0066982421875,0.0,3
697,69.7014551000002,7334.523257136,69698898,0,1,none,-0.105712890625,-0.1107177734375,-0.10821533203125,-0.0196533203125,4.56e-07,0.4379711485745614,0.493408203125,0.19971484375,-0.0223388671875,0.4776611328125,0.2,0.0003193359375,0.0002822265625,0.0066787109375,0.0,16
698,69.80145378100042,7334.623256472,69798898,0,1,none,-0.108642578125,-0.1094970703125,-0.10906982421875,-0.0203857421875,4.64e-07,0.43196053340517243,0.5013427734375,0.2004296875,-0.0242919921875,0.4757080078125,0.2,-8.88671875e-05,-0.000474609375,0.006654296875,0.0,16
699,69.90146679600002,7334.723260808,69898903,0,1,none,-0.1065673828125,-0.110595703125,-0.10858154296875,-0.0196533203125,4.64e-07,0.43059671336206895,0.4984130859375,0.199796875,-0.0240478515625,0.4759521484375,0.2,-0.0002451171875,0.0,0.0066298828125,0.0,3
700,70.00145589800013,7334.823258136,69998901,0,1,none,-0.104248046875,-0.109375,-0.1068115234375,-0.01904296875,4.56e-07,0.43553188390899117,0.490966796875,0.1986025390625,-0.020751953125,0.479248046875,0.2,-0.00032421875,0.0,0.0066044921875,0.0,16
701,70.1014473639998,7334.923257472,70098901,0,1,none,-0.10791015625,-0.108642578125,-0.1082763671875,-0.0203857421875,4.64e-07,0.4307503535829741,0.4964599609375,0.1998681640625,-0.024169921875,0.475830078125,0.2,-6.933593750000001e-05,0.0,0.0065830078125000005,0.0,3
702,70.2014531269997,7335.0232618,70198906,0,1,none,-0.10498046875,-0.1119384765625,-0.10845947265625,-0.0194091796875,4.56e-07,0.4377270079495614,0.4964599609375,0.199603515625,-0.0218505859375,0.4781494140625,0.2,0.0003896484375,0.0,0.0065595703125000005,0.0,3
703,70.30145032000019,7335.123260136,70298905,0,1,none,-0.1077880859375,-0.1090087890625,-0.1083984375,-0.02001953125,4.64e-07,0.43193106815732757,0.4954833984375,0.200416015625,-0.023681640625,0.476318359375,0.2,-6.933593750000001e-05,-0.000380859375,0.0065302734375,0.0,3
704,70.40144807700017,7335.223261464,70398907,0,1,none,-0.104248046875,-0.1099853515625,-0.10711669921875,-0.0185546875,4.56e-07,0.43566037897478066,0.4866943359375,0.1986611328125,-0.021728515625,0.478271484375,0.2,0.000669921875,0.0,0.006494140625,0.0,16
705,70.50145369399979,7335.3232628,70498909,0,1,none,-0.10791015625,-0.111083984375,-0.1094970703125,-0.0194091796875,4.64e-07,0.43199631263469823,0.5008544921875,0.2004462890625,-0.0238037109375,0.4761962890625,0.2,0.0010419921875,0.000498046875,0.00645703125,0.0,16
706,70.60145396500047,7335.423267136,70598914,0,1,none,-0.1063232421875,-0.1114501953125,-0.10888671875,-0.019287109375,4.64e-07,0.43205313846982757,0.4962158203125,0.20047265625,-0.0208740234375,0.4791259765625,0.2,6.640625e-05,0.0,0.0064169921875,0.0,3
707,70.7014546649998,7335.523264464,70698912,0,1,none,-0.10986328125,-0.1103515625,-0.110107421875,-0.0206298828125,4.64e-07,0.4335895406788793,0.4967041015625,0.201185546875,-0.020751953125,0.479248046875,0.2,-0.000421875,-0.000416015625,0.0063818359375,0.0,16
708,70.80146951900042,7335.6232708,70798919,0,1,none,-0.107421875,-0.10986328125,-0.108642578125,-0.0205078125,4.64e-07,0.43000951306573276,0.4971923828125,0.19952441406250002,-0.0235595703125,0.4764404296875,0.2,0.00034277343750000003,0.0002626953125,0.0063486328125,0.0,3
709,70.90145986300013,7335.723274128,70898923,0,1,none,-0.1029052734375,-0.10888671875,-0.10589599609375,-0.01806640625,4.56e-07,0.43658126027960525,0.4925537109375,0.1990810546875,-0.02099609375,0.47900390625,0.2,-0.000578125,-0.000359375,0.0063134765625,0.0,16
710,71.00145599400003,7335.823268464,70998918,0,1,none,-0.10791015625,-0.1107177734375,-0.10931396484375,-0.0206298828125,4.64e-07,0.43075456290409475,0.4951171875,0.1998701171875,-0.023193359375,0.476806640625,0.2,0.000349609375,0.0,0.00628125,0.0,3
711,71.10144978199969,7335.923268792,71098919,0,1,none,-0.1043701171875,-0.1104736328125,-0.107421875,-0.018798828125,4.56e-07,0.43517209772478066,0.490966796875,0.1984384765625,-0.020263671875,0.479736328125,0.2,-0.0002841796875,0.0,0.0062480468750000006,0.0,3
712,71.20144745200014,7336.023269128,71198920,0,1,none,-0.1083984375,-0.1102294921875,-0.10931396484375,-0.0203857421875,4.64e-07,0.43231411637931033,0.4979248046875,0.20059375000000002,-0.0225830078125,0.4774169921875,0.2,0.00037890625,0.0002412109375,0.00621484375,0.0,3
713,71.3014489950001,7336.123270456,71298922,0,1,none,-0.106201171875,-0.1109619140625,-0.10858154296875,-0.0205078125,4.56e-07,0.4371851870888157,0.4927978515625,0.1993564453125,-0.02001953125,0.47998046875,0.2,-0.0005634765625,0.0,0.0061875,0.0,3
714,71.40148391000002,7336.223280792,71398933,0,1,none,-0.10888671875,-0.10986328125,-0.109375,-0.0211181640625,4.64e-07,0.4317921605603448,0.4976806640625,0.2003515625,-0.023193359375,0.476806640625,0.2,-0.000771484375,-0.0003251953125,0.006173828125,0.0,3
715,71.50146093700005,7336.32327612,71498929,0,1,none,-0.10693359375,-0.1112060546875,-0.10906982421875,-0.0203857421875,4.56e-07,0.4421044065241228,0.501220703125,0.20159960937500002,-0.022705078125,0.477294921875,0.2,0.00034765625,0.000353515625,0.0061777343750000005,0.0,3
716,71.60145357599959,7336.423276456,71598930,0,1,none,-0.109130859375,-0.111083984375,-0.110107421875,-0.0205078125,4.64e-07,0.43357691271551724,0.5009765625,0.2011796875,-0.0225830078125,0.4774169921875,0.2,-0.0001220703125,0.0,0.0061943359375,0.0,16
717,71.70145647499976,7336.523279792,71698934,0,1,none,-0.107666015625,-0.111328125,-0.1094970703125,-0.0208740234375,4.64e-07,0.4319731613685344,0.4969482421875,0.200435546875,-0.022705078125,0.477294921875,0.2,0.001150390625,0.0,0.0062041015625,0.0,16
718,71.8014510639996,7336.62327612,71798931,0,1,none,-0.10302734375,-0.1107177734375,-0.10687255859375,-0.018310546875,4.56e-07,0.43814247532894735,0.4989013671875,0.19979296875,-0.024658203125,0.475341796875,0.2,-0.000658203125,-0.0003037109375,0.00620703125,0.0,16
719,71.9014689960004,7336.723282456,71898938,0,1,none,-0.107666015625,-0.1103515625,-0.1090087890625,-0.02001953125,4.64e-07,0.43082191204202586,0.4964599609375,0.1999013671875,-0.0225830078125,0.4774169921875,0.2,0.0014921875,0.0003515625,0.0062119140625,0.0,3
720,72.00145887800045,7336.823281784,71998938,0,1,none,-0.1043701171875,-0.110595703125,-0.10748291015625,-0.0189208984375,4.56e-07,0.4385836417214912,0.495849609375,0.199994140625,-0.022705078125,0.477294921875,0.2,-0.0005869140625,0.0,0.0062177734375,0.0,16
721,72.10145522499988,7336.92327912,72098936,0,1,none,-0.107421875,-0.10986328125,-0.108642578125,-0.019775390625,4.64e-07,0.4311102505387931,0.5008544921875,0.20003515625,-0.02294921875,0.47705078125,0.2,0.000755859375,0.000544921875,0.0062109375,0.0,3
722,72.20145149099972,7337.023282448,72198940,0,1,none,-0.1048583984375,-0.1099853515625,-0.107421875,-0.0194091796875,4.56e-07,0.43808251096491224,0.4998779296875,0.199765625,-0.020263671875,0.479736328125,0.2,-0.0005009765625,0.0,0.0062011718750000005,0.0,3
723,72.3014451529998,7337.123283784,72298942,0,1,none,-0.10791015625,-0.10986328125,-0.10888671875,-0.0201416015625,4.64e-07,0.4318195211476292,0.4996337890625,0.2003642578125,-0.0228271484375,0.4771728515625,0.2,0.0008740234375,0.00030078125,0.0061875,0.0,3
724,72.4014532809997,7337.223284112,72398943,0,1,none,-0.1077880859375,-0.1112060546875,-0.1094970703125,-0.0216064453125,4.56e-07,0.43671403851425433,0.4927978515625,0.1991416015625,-0.0205078125,0.4794921875,0.2,-0.000603515625,0.0,0.0061640625,0.0,16
725,72.50145263400009,7337.323287448,72498947,0,1,none,-0.108642578125,-0.10888671875,-0.1087646484375,-0.02001953125,4.64e-07,0.4320889176993535,0.4969482421875,0.20048925781250002,-0.0228271484375,0.4771728515625,0.2,-0.00028027343750000003,0.0,0.0061337890625,0.0,3
726,72.60145127600026,7337.423286784,72598947,0,1,none,-0.1068115234375,-0.11083984375,-0.10882568359375,-0.01953125,4.64e-07,0.4287803912984914,0.4925537109375,0.1989541015625,-0.022216796875,0.477783203125,0.2,0.0002255859375,0.00026171875,0.0061044921875,0.0,3
727,72.70144873000027,7337.523284112,72698945,0,1,none,-0.1090087890625,-0.1103515625,-0.10968017578125,-0.020263671875,4.64e-07,0.43224045325969823,0.4991455078125,0.2005595703125,-0.0189208984375,0.4810791015625,0.2,-0.0002666015625,-0.0002587890625,0.006072265625,0.0,16
728,72.80145335999987,7337.623288448,72798950,0,1,none,-0.106689453125,-0.1114501953125,-0.10906982421875,-0.019775390625,4.64e-07,0.43324648100754304,0.5045166015625,0.2010263671875,-0.020263671875,0.479736328125,0.2,0.000359375,0.0003818359375,0.0060380859375,0.0,3
729,72.90145734199996,7337.723295776,72898958,0,1,none,-0.102294921875,-0.110107421875,-0.106201171875,-0.017578125,4.56e-07,0.4343411629660088,0.48876953125,0.19805957031250002,-0.018798828125,0.481201171875,0.2,2.9296875e-05,0.0,0.0060009765625000005,0.0,3
730,73.00145607400009,7337.823292112,72998955,0,1,none,-0.1070556640625,-0.1085205078125,-0.1077880859375,-0.0196533203125,4.64e-07,0.4308913658405172,0.495361328125,0.19993359375,-0.0218505859375,0.4781494140625,0.2,0.00065625,0.0003017578125,0.0059619140625,0.0,3
731,73.10145007499978,7337.92328744,73098951,0,1,none,-0.1043701171875,-0.10986328125,-0.10711669921875,-0.018798828125,4.56e-07,0.43821100603070173,0.496826171875,0.19982421875,-0.0194091796875,0.4805908203125,0.2,-0.0006298828125,0.0,0.005931640625,0.0,16
732,73.20145976300046,7338.023292776,73198957,0,1,none,-0.1075439453125,-0.111083984375,-0.10931396484375,-0.0191650390625,4.64e-07,0.4307819234913793,0.49560546875,0.1998828125,-0.0218505859375,0.4781494140625,0.2,0.000142578125,0.0,0.005912109375,0.0,3
733,73.30145488899961,7338.123295104,73298960,0,1,none,-0.1051025390625,-0.1116943359375,-0.1083984375,-0.018798828125,4.56e-07,0.43944670024671045,0.4959716796875,0.2003876953125,-0.0189208984375,0.4810791015625,0.2,0.0007314453125,0.0,0.00590625,0.0,3
734,73.40145074999964,7338.22329744,73398963,0,1,none,-0.1092529296875,-0.1092529296875,-0.1092529296875,-0.0216064453125,4.64e-07,0.4289929620150862,0.492919921875,0.199052734375,-0.0218505859375,0.4781494140625,0.2,0.0004248046875,0.0002724609375,0.0059072265625,0.0,16
735,73.50145225400047,7338.323295776,73498962,0,1,none,-0.1058349609375,-0.109375,-0.10760498046875,-0.01953125,4.64e-07,0.4333243534482758,0.49755859375,0.2010625,-0.0220947265625,0.4779052734375,0.2,0.0001474609375,0.0,0.0059140625,0.0,3
736,73.60144423600013,7338.423294104,73598961,0,1,none,-0.1083984375,-0.1103515625,-0.109375,-0.0198974609375,4.64e-07,0.4318553003771551,0.4981689453125,0.200380859375,-0.0218505859375,0.4781494140625,0.2,-0.000498046875,0.0004326171875,0.0059267578125,0.0,16
737,73.70146119299989,7338.52330244,73698970,0,1,none,-0.106689453125,-0.10888671875,-0.1077880859375,-0.0198974609375,4.64e-07,0.43104711072198276,0.49609375,0.200005859375,-0.019287109375,0.480712890625,0.2,-0.000197265625,0.0,0.0059443359375,0.0,3
738,73.80144145099985,7338.623297768,73798966,0,1,none,-0.10693359375,-0.1102294921875,-0.10858154296875,-0.0185546875,4.64e-07,0.4308808425377155,0.4913330078125,0.1999287109375,-0.023681640625,0.476318359375,0.2,0.0003271484375,0.0,0.0059726562500000005,0.0,3
739,73.9014551170003,7338.723302104,73898971,0,1,none,-0.1053466796875,-0.110595703125,-0.10797119140625,-0.0184326171875,4.64e-07,0.43156275255926724,0.4910888671875,0.20024511718750002,-0.0223388671875,0.4776611328125,0.2,0.0011611328125,0.0004248046875,0.006005859375,0.0,3
740,74.00146008299998,7338.823310432,73998980,0,1,none,-0.10400390625,-0.1114501953125,-0.10772705078125,-0.0194091796875,4.56e-07,0.4360501473410088,0.494873046875,0.19883886718750002,-0.02294921875,0.47705078125,0.2,0.0004912109375,0.0,0.006044921875,0.0,16
741,74.10144627499994,7338.923302768,74098973,0,1,none,-0.1075439453125,-0.1116943359375,-0.109619140625,-0.02001953125,4.64e-07,0.43471553407866376,0.4945068359375,0.2017080078125,-0.022705078125,0.477294921875,0.2,0.0015234375,0.0002412109375,0.0060810546875,0.0,16
742,74.20145020600012,7339.023303096,74198974,0,1,none,-0.106201171875,-0.1109619140625,-0.10858154296875,-0.0208740234375,4.56e-07,0.4385408100328947,0.499267578125,0.199974609375,-0.022705078125,0.477294921875,0.2,0.000421875,0.0,0.00612109375,0.0,3
743,74.30145350699968,7339.123303432,74298975,0,1,none,-0.1068115234375,-0.1103515625,-0.10858154296875,-0.0189208984375,4.64e-07,0.4306324925915948,0.4957275390625,0.1998134765625,-0.023681640625,0.476318359375,0.2,0.0006025390625,0.0004404296875,0.00616796875,0.0,16
744,74.40144977900036,7339.22330376,74398976,0,1,none,-0.1048583984375,-0.108642578125,-0.10675048828125,-0.0186767578125,4.56e-07,0.438611482319079,0.4962158203125,0.20000683593750002,-0.020751953125,0.479248046875,0.2,-0.00046679687500000004,0.0,0.0062080078125,0.0,16
745,74.50144972900034,7339.323307096,74498980,0,1,none,-0.107421875,-0.10986328125,-0.108642578125,-0.019287109375,4.64e-07,0.432745571794181,0.49169921875,0.2007939453125,-0.02294921875,0.47705078125,0.2,-0.002083984375,0.0,0.006244140625,0.0,16
746,74.60144794799999,7339.423309424,74598983,0,1,none,-0.1055908203125,-0.1099853515625,-0.1077880859375,-0.0196533203125,4.56e-07,0.436632658305921,0.4932861328125,0.1991044921875,-0.0211181640625,0.4788818359375,0.2,-0.0001171875,0.0004833984375,0.0062802734375,0.0,3
747,74.70145353200041,7339.52331076,74698985,0,1,none,-0.1085205078125,-0.109375,-0.10894775390625,-0.020751953125,4.64e-07,0.433050747575431,0.496337890625,0.200935546875,-0.0244140625,0.4755859375,0.2,0.0003173828125,0.0,0.0063173828125,0.0,16
748,74.80145730100048,7339.623312088,74798987,0,1,none,-0.1058349609375,-0.1116943359375,-0.1087646484375,-0.019287109375,4.56e-07,0.4389584189967105,0.4964599609375,0.2001650390625,-0.0234375,0.4765625,0.2,0.001193359375,0.0,0.0063466796875000005,0.0,3
749,74.90145948600002,7339.723312424,74898988,0,1,none,-0.108154296875,-0.112060546875,-0.110107421875,-0.0196533203125,4.64e-07,0.4317100787984914,0.5006103515625,0.2003134765625,-0.0233154296875,0.4766845703125,0.2,-0.000658203125,0.0,0.0063759765625,0.0,16
750,75.00144583699966,7339.82331176,74998988,0,1,none,-0.1072998046875,-0.1094970703125,-0.1083984375,-0.020263671875,4.64e-07,0.4319731613685344,0.49755859375,0.200435546875,-0.0233154296875,0.4766845703125,0.2,0.0002939453125,0.0003271484375,0.00640234375,0.0,3
751,75.10145999500037,7339.923314088,75098991,0,1,none,-0.103515625,-0.109375,-0.1064453125,-0.0189208984375,4.56e-07,0.4385579427083333,0.499755859375,0.199982421875,-0.019775390625,0.480224609375,0.2,-0.00033886718750000003,-0.000412109375,0.006423828125,0.0,16
752,75.20144809500016,7340.023315424,75198993,0,1,none,-0.108154296875,-0.1094970703125,-0.10882568359375,-0.0213623046875,4.64e-07,0.4318952889278017,0.4967041015625,0.2003994140625,-0.0234375,0.4765625,0.2,-0.000607421875,0.0,0.00644140625,0.0,3
753,75.30144757699964,7340.123314752,75298993,0,1,none,-0.1041259765625,-0.110107421875,-0.10711669921875,-0.0196533203125,4.56e-07,0.4380332545230263,0.496337890625,0.1997431640625,-0.021484375,0.478515625,0.2,-0.000375,0.0,0.0064599609375,0.0,3
754,75.40145267800017,7340.223316088,75398995,0,1,none,-0.10693359375,-0.1103515625,-0.108642578125,-0.0198974609375,4.64e-07,0.43485233701508613,0.49755859375,0.201771484375,-0.02392578125,0.47607421875,0.2,0.0005556640625000001,0.0,0.006482421875,0.0,3
755,75.50144852100038,7340.323315416,75498995,0,1,none,-0.105224609375,-0.109375,-0.1072998046875,-0.019775390625,4.56e-07,0.43889202987938597,0.499755859375,0.20013476562500002,-0.0218505859375,0.4781494140625,0.2,-2.05078125e-05,0.0,0.0065068359375,0.0,3
756,75.6014474450003,7340.423315752,75598996,0,1,none,-0.1072998046875,-0.110107421875,-0.10870361328125,-0.019287109375,4.64e-07,0.43131650727370685,0.4967041015625,0.200130859375,-0.0242919921875,0.4757080078125,0.2,0.0012900390625,0.0006435546875,0.006533203125,0.0,3
757,75.7014694569998,7340.52332908,75699010,0,1,none,-0.1048583984375,-0.1116943359375,-0.1082763671875,-0.0194091796875,4.56e-07,0.4363028543037281,0.4881591796875,0.1989541015625,-0.021728515625,0.478271484375,0.2,-0.0015390625,0.0,0.0065546875,0.0,16
758,75.80149909200009,7340.623334416,75799016,0,1,none,-0.1083984375,-0.1107177734375,-0.10955810546875,-0.0201416015625,4.64e-07,0.4322488719019396,0.495361328125,0.2005634765625,-0.0242919921875,0.4757080078125,0.2,0.000716796875,0.000251953125,0.006564453125,0.0,3
759,75.90147856699969,7340.723330752,75899013,0,1,none,-0.1063232421875,-0.1103515625,-0.10833740234375,-0.01953125,4.64e-07,0.4309629242995689,0.493896484375,0.199966796875,-0.02197265625,0.47802734375,0.2,-0.000419921875,-0.000423828125,0.006564453125,0.0,3
760,76.00146588400003,7340.82332508,75999008,0,1,none,-0.1077880859375,-0.111328125,-0.10955810546875,-0.0196533203125,4.64e-07,0.4307082603717672,0.4951171875,0.1998486328125,-0.0238037109375,0.4761962890625,0.2,-0.000818359375,0.0,0.006552734375,0.0,16
761,76.10146201200041,7340.923330416,76099014,0,1,none,-0.1080322265625,-0.110595703125,-0.10931396484375,-0.021240234375,4.64e-07,0.4319626380657327,0.49853515625,0.2004306640625,-0.02392578125,0.47607421875,0.2,-0.0007265625,0.00044921875,0.00652734375,0.0,3
762,76.2014549989999,7341.023325744,76199010,0,1,none,-0.103759765625,-0.110595703125,-0.107177734375,-0.019287109375,4.56e-07,0.4354312294407895,0.4891357421875,0.198556640625,-0.0216064453125,0.4783935546875,0.2,-0.0013369140625,0.0,0.006501953125,0.0,16
763,76.30145244100004,7341.12332708,76299012,0,1,none,-0.107421875,-0.1103515625,-0.10888671875,-0.020263671875,4.64e-07,0.43088926117995685,0.493408203125,0.1999326171875,-0.0235595703125,0.4764404296875,0.2,-0.0010888671875,0.0,0.0064814453125000004,0.0,3
764,76.40145173699966,7341.223328408,76399014,0,1,none,-0.1033935546875,-0.111572265625,-0.10748291015625,-0.0191650390625,4.56e-07,0.43846585457785087,0.494384765625,0.1999404296875,-0.0216064453125,0.4783935546875,0.2,-1.46484375e-05,-0.000302734375,0.0064755859375,0.0,16
765,76.5014859439998,7341.323343744,76499030,0,1,none,-0.1075439453125,-0.1107177734375,-0.109130859375,-0.0203857421875,4.64e-07,0.43075456290409475,0.4949951171875,0.1998701171875,-0.021484375,0.478515625,0.2,0.00046484375000000003,0.0,0.00648046875,0.0,3
766,76.60147016500014,7341.423331072,76599018,0,1,none,-0.1043701171875,-0.111572265625,-0.10797119140625,-0.0191650390625,4.56e-07,0.43760065446820173,0.49365234375,0.1995458984375,-0.021240234375,0.478759765625,0.2,-0.0008564453125,0.0,0.0064931640625,0.0,16
767,76.70145167099963,7341.523331408,76699019,0,1,none,-0.107177734375,-0.1104736328125,-0.10882568359375,-0.01953125,4.64e-07,0.43316650390625,0.497802734375,0.20098925781250002,-0.0242919921875,0.4757080078125,0.2,-0.0001845703125,0.0,0.00651171875,0.0,3
768,76.80146006599989,7341.623335736,76799024,0,1,none,-0.1043701171875,-0.109375,-0.10687255859375,-0.0186767578125,4.56e-07,0.43712522272478066,0.498046875,0.1993291015625,-0.02197265625,0.47802734375,0.2,-0.000513671875,0.0003486328125,0.00652734375,0.0,3
769,76.90145521300019,7341.723337072,76899026,0,1,none,-0.1090087890625,-0.1099853515625,-0.1094970703125,-0.021240234375,4.64e-07,0.43131440261314646,0.488037109375,0.2001298828125,-0.024169921875,0.475830078125,0.2,0.0001650390625,0.0,0.006541015625,0.0,16
770,77.00146404000043,7341.8233404,76999030,0,1,none,-0.105224609375,-0.1123046875,-0.1087646484375,-0.01953125,4.56e-07,0.43900339226973684,0.4921875,0.200185546875,-0.0216064453125,0.4783935546875,0.2,0.0001357421875,0.0,0.0065458984375,0.0,3
771,77.10145077499965,7341.923336736,77099027,0,1,none,-0.108154296875,-0.1116943359375,-0.10992431640625,-0.019775390625,4.64e-07,0.4320657664331896,0.4969482421875,0.200478515625,-0.0244140625,0.4755859375,0.2,0.0015546875,-0.0005048828125,0.006541015625,0.0,16
772,77.20145302899982,7342.023340064,77199031,0,1,none,-0.1064453125,-0.10986328125,-0.108154296875,-0.01953125,4.56e-07,0.43761564555921056,0.4981689453125,0.199552734375,-0.021240234375,0.478759765625,0.2,0.00048046875,0.0,0.006533203125,0.0,16
773,77.30145573899972,7342.1233404,77299032,0,1,none,-0.1087646484375,-0.1085205078125,-0.108642578125,-0.0203857421875,4.64e-07,0.4306114459859913,0.4952392578125,0.19980371093750002,-0.0242919921875,0.4757080078125,0.2,-0.000759765625,0.0,0.00651953125,0.0,3
774,77.40145154000038,7342.223338736,77399031,0,1,none,-0.1043701171875,-0.109375,-0.10687255859375,-0.0177001953125,4.64e-07,0.4282415981950431,0.4925537109375,0.1987041015625,-0.02392578125,0.47607421875,0.2,0.0002900390625,0.0,0.0065078125,0.0,16
775,77.50144725399969,7342.323339064,77499032,0,1,none,-0.1077880859375,-0.1102294921875,-0.1090087890625,-0.01904296875,4.64e-07,0.43123863483297403,0.501220703125,0.2000947265625,-0.024169921875,0.475830078125,0.2,-0.000841796875,-0.0003505859375,0.006501953125,0.0,16
776,77.60144399399996,7342.4233364,77599030,0,1,none,-0.1065673828125,-0.1102294921875,-0.1083984375,-0.019775390625,4.64e-07,0.43098607556573276,0.4942626953125,0.19997753906250001,-0.023681640625,0.476318359375,0.2,0.0007685546875,0.0,0.006500000000000001,0.0,16
777,77.70145016900005,7342.523342728,77699037,0,1,none,-0.1041259765625,-0.1090087890625,-0.1065673828125,-0.019775390625,4.56e-07,0.4366797731633772,0.4908447265625,0.1991259765625,-0.0211181640625,0.4788818359375,0.2,-0.0004462890625,0.0,0.006494140625,0.0,16
778,77.80145369100046,7342.623343064,77799038,0,1,none,-0.106201171875,-0.109130859375,-0.107666015625,-0.01904296875,4.64e-07,0.43234358162715514,0.49072265625,0.200607421875,-0.0238037109375,0.4761962890625,0.2,-0.00011328125,0.0,0.0064853515625,0.0,3
779,77.9014532809997,7342.723345392,77899041,0,1,none,-0.105224609375,-0.1104736328125,-0.10784912109375,-0.020263671875,4.56e-07,0.43632427014802627,0.4896240234375,0.1989638671875,-0.0203857421875,0.4796142578125,0.2,-0.0006123046875,-0.0003876953125,0.0064609375000000005,0.0,16
780,78.00144365800043,7342.823343728,77999040,0,1,none,-0.1085205078125,-0.1097412109375,-0.109130859375,-0.0208740234375,4.64e-07,0.43007054822198276,0.4996337890625,0.199552734375,-0.0233154296875,0.4766845703125,0.2,-0.00030859375,0.0,0.0064296875000000005,0.0,3
781,78.10145487600039,7342.923347056,78099044,0,1,none,-0.1046142578125,-0.1114501953125,-0.1080322265625,-0.0191650390625,4.56e-07,0.43755996436403505,0.493408203125,0.19952734375,-0.02099609375,0.47900390625,0.2,-0.000291015625,0.0,0.0063906250000000005,0.0,3
782,78.20146051099982,7343.023352392,78199050,0,1,none,-0.108154296875,-0.1109619140625,-0.10955810546875,-0.0201416015625,4.64e-07,0.43004739695581895,0.4942626953125,0.19954199218750002,-0.0230712890625,0.4769287109375,0.2,0.0005341796875,0.0,0.0063544921875000005,0.0,3
783,78.30145529200036,7343.12335072,78299049,0,1,none,-0.1033935546875,-0.1097412109375,-0.1065673828125,-0.0179443359375,4.56e-07,0.43744860197368424,0.490234375,0.1994765625,-0.021240234375,0.478759765625,0.2,-0.0009355468750000001,0.0,0.0063212890625,0.0,3
784,78.40145458799998,7343.223351056,78399050,0,1,none,-0.1090087890625,-0.1097412109375,-0.109375,-0.020751953125,4.64e-07,0.43141753098060337,0.5028076171875,0.200177734375,-0.0228271484375,0.4771728515625,0.2,-9.08203125e-05,0.0,0.00629296875,0.0,3
785,78.50144800999988,7343.323349384,78499049,0,1,none,-0.103271484375,-0.108642578125,-0.10595703125,-0.017822265625,4.56e-07,0.4365362870065789,0.498046875,0.199060546875,-0.020751953125,0.479248046875,0.2,-0.0007890625,0.0,0.0062744140625,0.0,3
786,78.60145129000011,7343.42335072,78599051,0,1,none,-0.1082763671875,-0.110107421875,-0.10919189453125,-0.0205078125,4.64e-07,0.43217941810344823,0.49609375,0.20053125,-0.0235595703125,0.4764404296875,0.2,0.000146484375,0.0,0.0062646484375,0.0,3
787,78.70144336199974,7343.523352048,78699053,0,1,none,-0.107177734375,-0.111572265625,-0.109375,-0.0211181640625,4.56e-07,0.4390269496984649,0.49560546875,0.2001962890625,-0.0208740234375,0.4791259765625,0.2,-8.10546875e-05,0.0,0.0062578125,0.0,16
788,78.80145079999966,7343.623353384,78799055,0,1,none,-0.1104736328125,-0.1092529296875,-0.10986328125,-0.022216796875,4.64e-07,0.43181741648706895,0.505859375,0.20036328125,-0.0228271484375,0.4771728515625,0.2,0.0004267578125,0.0003251953125,0.006255859375,0.0,3
789,78.90145325200046,7343.723358712,78899061,0,1,none,-0.1063232421875,-0.1097412109375,-0.1080322265625,-0.020263671875,4.56e-07,0.4398364686129385,0.4964599609375,0.2005654296875,-0.0206298828125,0.4793701171875,0.2,0.000111328125,0.00040332031250000003,0.006259765625,0.0,16
790,79.00145802899988,7343.823356048,78999059,0,1,none,-0.1090087890625,-0.10888671875,-0.10894775390625,-0.0206298828125,4.64e-07,0.43276240907866376,0.497314453125,0.2008017578125,-0.02294921875,0.47705078125,0.2,-0.0004296875,0.0,0.006271484375,0.0,16
791,79.10145355700024,7343.923358376,79099062,0,1,none,-0.10595703125,-0.1097412109375,-0.10784912109375,-0.01953125,4.56e-07,0.4384894120065789,0.4979248046875,0.199951171875,-0.0228271484375,0.4771728515625,0.2,0.000328125,0.0,0.006294921875,0.0,3
792,79.20145352199961,7344.023360712,79199065,0,1,none,-0.1075439453125,-0.110107421875,-0.10882568359375,-0.0194091796875,4.64e-07,0.4327434671336206,0.50146484375,0.20079296875,-0.0235595703125,0.4764404296875,0.2,-0.00020019531250000002,0.0,0.0063271484375,0.0,16
793,79.30144012500023,7344.123359048,79299064,0,1,none,-0.1064453125,-0.111083984375,-0.1087646484375,-0.019775390625,4.64e-07,0.43254983836206895,0.497802734375,0.200703125,-0.0230712890625,0.4769287109375,0.2,0.00105078125,0.0,0.0063623046875000006,0.0,16
794,79.40144465899994,7344.223359376,79399065,0,1,none,-0.109130859375,-0.110107421875,-0.109619140625,-0.0205078125,4.64e-07,0.43167219490840514,0.501220703125,0.2002958984375,-0.025634765625,0.474365234375,0.2,0.0004296875,0.0,0.0063994140625,0.0,16
795,79.50144192399966,7344.323360712,79499067,0,1,none,-0.107421875,-0.111083984375,-0.1092529296875,-0.0203857421875,4.64e-07,0.43256246632543105,0.49951171875,0.200708984375,-0.0234375,0.4765625,0.2,0.000947265625,0.0,0.0064365234375,0.0,3
796,79.60145420699973,7344.42336304,79599070,0,1,none,-0.103759765625,-0.11083984375,-0.1072998046875,-0.0191650390625,4.56e-07,0.43731154057017546,0.4952392578125,0.19941406250000002,-0.021728515625,0.478271484375,0.2,-0.000771484375,-0.00024609375,0.0064716796875,0.0,3
797,79.70146788800048,7344.523378376,79699086,0,1,none,-0.1077880859375,-0.110595703125,-0.10919189453125,-0.0206298828125,4.64e-07,0.43154170595366376,0.4952392578125,0.2002353515625,-0.023681640625,0.476318359375,0.2,0.00020117187500000002,0.0,0.006500000000000001,0.0,3
798,79.80146478400002,7344.623366704,79799075,0,1,none,-0.103271484375,-0.11083984375,-0.1070556640625,-0.018310546875,4.56e-07,0.43815960800438597,0.494384765625,0.19980078125,-0.02099609375,0.47900390625,0.2,-0.0005400390625,-0.00025390625,0.006517578125,0.0,3
799,79.9014494160001,7344.72336804,79899077,0,1,none,-0.1070556640625,-0.111328125,-0.10919189453125,-0.01953125,4.64e-07,0.4326087688577586,0.498046875,0.20073046875,-0.0242919921875,0.4757080078125,0.2,0.0007919921875,0.000501953125,0.00652734375,0.0,16
800,80.00145437599986,7344.823365368,79999075,0,1,none,-0.10498046875,-0.111083984375,-0.1080322265625,-0.019775390625,4.56e-07,0.4384337308114035,0.49267578125,0.19992578125000002,-0.021240234375,0.478759765625,0.2,0.000228515625,0.0,0.0065439453125000005,0.0,3
801,80.10145070199997,7344.923373704,80099084,0,1,none,-0.1072998046875,-0.1104736328125,-0.10888671875,-0.019775390625,4.64e-07,0.4331791318696121,0.50146484375,0.20099511718750002,-0.0238037109375,0.4761962890625,0.2,0.001234375,0.0,0.0065634765625,0.0,3
802,80.20145134199993,7345.023370032,80199081,0,1,none,-0.10498046875,-0.1107177734375,-0.10784912109375,-0.019775390625,4.56e-07,0.4369474712171052,0.4984130859375,0.199248046875,-0.02197265625,0.47802734375,0.2,7.421875e-05,-0.000380859375,0.0065673828125000005,0.0,3
803,80.30144774000019,7345.123372368,80299084,0,1,none,-0.10791015625,-0.1109619140625,-0.10943603515625,-0.0201416015625,4.64e-07,0.43175217200969823,0.501953125,0.2003330078125,-0.0240478515625,0.4759521484375,0.2,0.000390625,0.0,0.0065615234375,0.0,16
804,80.40144689200042,7345.223370696,80399083,0,1,none,-0.1036376953125,-0.111328125,-0.10748291015625,-0.018798828125,4.56e-07,0.43810392680921045,0.4954833984375,0.199775390625,-0.02197265625,0.47802734375,0.2,-2.44140625e-05,0.0,0.0065517578125000005,0.0,3
805,80.50144701000045,7345.323373032,80499086,0,1,none,-0.107421875,-0.1102294921875,-0.10882568359375,-0.0196533203125,4.64e-07,0.4319836846713362,0.4932861328125,0.2004404296875,-0.0238037109375,0.4761962890625,0.2,0.000228515625,0.0,0.0065439453125000005,0.0,3
806,80.60144830100035,7345.42337436,80599088,0,1,none,-0.1064453125,-0.1116943359375,-0.10906982421875,-0.0205078125,4.56e-07,0.43847442091557015,0.4970703125,0.1999443359375,-0.0216064453125,0.4783935546875,0.2,-0.0001865234375,0.0,0.0065400390625,0.0,16
807,80.70145292199959,7345.523378696,80699093,0,1,none,-0.1085205078125,-0.1112060546875,-0.10986328125,-0.0206298828125,4.64e-07,0.4314954034213362,0.4892578125,0.2002138671875,-0.024169921875,0.475830078125,0.2,0.0008427734375,0.000474609375,0.006552734375,0.0,3
808,80.8015132620003,7345.623405024,80799120,0,1,none,-0.1053466796875,-0.1119384765625,-0.108642578125,-0.02001953125,4.56e-07,0.4372772752192982,0.496337890625,0.1993984375,-0.0216064453125,0.4783935546875,0.2,0.00034765625,0.0,0.00658984375,0.0,3
809,80.9014709209996,7345.72338136,80899097,0,1,none,-0.1077880859375,-0.1103515625,-0.10906982421875,-0.0198974609375,4.64e-07,0.43190791689116376,0.5006103515625,0.2004052734375,-0.02490234375,0.47509765625,0.2,0.0014677734375000001,0.0,0.0066416015625,0.0,3
810,81.00145324599998,7345.823380688,80999097,0,1,none,-0.1055908203125,-0.1103515625,-0.10797119140625,-0.0196533203125,4.56e-07,0.4396565755208333,0.496337890625,0.20048339843750002,-0.0223388671875,0.4776611328125,0.2,0.0002724609375,0.0,0.0066953125,0.0,3
811,81.10144607999973,7345.923380024,81099097,0,1,none,-0.1077880859375,-0.10986328125,-0.10882568359375,-0.019775390625,4.64e-07,0.43140911233836204,0.4976806640625,0.200173828125,-0.02490234375,0.47509765625,0.2,-0.0008857421875,0.0,0.006732421875,0.0,16
812,81.2014571030004,7346.023382352,81199100,0,1,none,-0.1048583984375,-0.1094970703125,-0.107177734375,-0.0184326171875,4.56e-07,0.4388813219572368,0.49560546875,0.2001298828125,-0.0216064453125,0.4783935546875,0.2,0.0001181640625,0.0,0.006751953125,0.0,3
813,81.30146531500031,7346.123389688,81299108,0,1,none,-0.1099853515625,-0.1099853515625,-0.1099853515625,-0.0220947265625,4.64e-07,0.43222361597521547,0.5009765625,0.2005517578125,-0.025146484375,0.474853515625,0.2,0.00020312500000000002,0.0002548828125,0.00675,0.0,3
814,81.40145265899992,7346.223386016,81399105,0,1,none,-0.1046142578125,-0.1107177734375,-0.107666015625,-0.0185546875,4.56e-07,0.437487150493421,0.49609375,0.199494140625,-0.0223388671875,0.4776611328125,0.2,-0.0006738281250000001,0.0,0.006734375,0.0,3
815,81.50144878100036,7346.323385352,81499105,0,1,none,-0.1065673828125,-0.110107421875,-0.10833740234375,-0.018310546875,4.64e-07,0.43190370757004304,0.5008544921875,0.2004033203125,-0.0245361328125,0.4754638671875,0.2,0.0006923828125,0.0,0.006708984375,0.0,3
816,81.6014877130001,7346.42339568,81599116,0,1,none,-0.1053466796875,-0.1112060546875,-0.1082763671875,-0.0196533203125,4.56e-07,0.4383694832785088,0.496337890625,0.19989648437500002,-0.0223388671875,0.4776611328125,0.2,0.0002841796875,0.000322265625,0.006677734375,0.0,3
817,81.70146604199999,7346.523394016,81699115,0,1,none,-0.107421875,-0.1116943359375,-0.10955810546875,-0.0194091796875,4.64e-07,0.4310260641163792,0.494384765625,0.19999609375,-0.0242919921875,0.4757080078125,0.2,-0.002150390625,0.0,0.0066484375,0.0,3
818,81.8014574509998,7346.623391344,81799113,0,1,none,-0.1046142578125,-0.10986328125,-0.10723876953125,-0.0179443359375,4.56e-07,0.43755353961074567,0.4971923828125,0.19952441406250002,-0.022216796875,0.477783203125,0.2,0.000599609375,0.0002666015625,0.0066279296875,0.0,16
819,81.90144989199962,7346.72338968,81899112,0,1,none,-0.10888671875,-0.1119384765625,-0.11041259765625,-0.0211181640625,4.64e-07,0.43212048760775856,0.4996337890625,0.20050390625,-0.0242919921875,0.4757080078125,0.2,-0.000623046875,-0.0004775390625,0.006609375,0.0,3
820,82.00145502899977,7346.823390008,81999113,0,1,none,-0.1055908203125,-0.111572265625,-0.10858154296875,-0.0201416015625,4.56e-07,0.43723444353070173,0.4976806640625,0.19937890625000002,-0.0218505859375,0.4781494140625,0.2,0.000349609375,0.0,0.0065859375,0.0,3
821,82.10145511700011,7346.923392344,82099116,0,1,none,-0.10888671875,-0.1107177734375,-0.10980224609375,-0.0211181640625,4.64e-07,0.4314427869073275,0.494873046875,0.200189453125,-0.02392578125,0.47607421875,0.2,0.00165625,0.0002431640625,0.0065625,0.0,3
822,82.20144832300048,7347.023389672,82199114,0,1,none,-0.105712890625,-0.110107421875,-0.10791015625,-0.0194091796875,4.56e-07,0.4380225466008772,0.4981689453125,0.19973828125,-0.0216064453125,0.4783935546875,0.2,0.00039453125,0.00033691406250000003,0.0065419921875,0.0,3
823,82.30144985700008,7347.123391008,82299116,0,1,none,-0.107666015625,-0.1104736328125,-0.10906982421875,-0.0191650390625,4.64e-07,0.43193738213900856,0.499267578125,0.2004189453125,-0.02392578125,0.47607421875,0.2,-0.0003173828125,0.00060546875,0.0065234375,0.0,3
824,82.40145628099981,7347.223396336,82399122,0,1,none,-0.1053466796875,-0.109619140625,-0.10748291015625,-0.018798828125,4.56e-07,0.43744003563596484,0.49267578125,0.19947265625,-0.0213623046875,0.4786376953125,0.2,0.0006865234375000001,0.00033886718750000003,0.00651171875,0.0,3
825,82.50145586500003,7347.323399672,82499126,0,1,none,-0.1068115234375,-0.1094970703125,-0.108154296875,-0.0185546875,4.64e-07,0.43048516635237066,0.49853515625,0.19974511718750002,-0.02392578125,0.47607421875,0.2,0.00076171875,-0.000888671875,0.0065068359375,0.0,3
826,82.60144729199965,7347.423396,82599123,0,1,none,-0.1053466796875,-0.1103515625,-0.10784912109375,-0.0196533203125,4.56e-07,0.4381917317708333,0.4947509765625,0.19981542968750002,-0.0216064453125,0.4783935546875,0.2,2.5390625000000002e-05,0.0,0.006513671875,0.0,3
827,82.70144687599986,7347.523397336,82699125,0,1,none,-0.1085205078125,-0.1083984375,-0.10845947265625,-0.019775390625,4.64e-07,0.4317163927801724,0.5023193359375,0.20031640625,-0.02392578125,0.47607421875,0.2,-0.001208984375,0.0003701171875,0.0065244140625,0.0,16
828,82.8014616849996,7347.623399664,82799128,0,1,none,-0.1063232421875,-0.11083984375,-0.10858154296875,-0.020751953125,4.56e-07,0.43734580592105265,0.4910888671875,0.1994296875,-0.02197265625,0.47802734375,0.2,-0.0002099609375,-0.000271484375,0.006537109375,0.0,16
829,82.90146872100013,7347.723405,82899134,0,1,none,-0.10791015625,-0.110595703125,-0.1092529296875,-0.0196533203125,4.64e-07,0.43269716460129304,0.500244140625,0.200771484375,-0.0242919921875,0.4757080078125,0.2,-0.00076953125,0.0006044921875,0.0065517578125000005,0.0,3
830,83.00144686099975,7347.823397328,82999127,0,1,none,-0.1043701171875,-0.109619140625,-0.10699462890625,-0.0179443359375,4.56e-07,0.4379090426260965,0.491943359375,0.1996865234375,-0.0220947265625,0.4779052734375,0.2,0.00015234375,0.0,0.006564453125,0.0,3
831,83.1014353239998,7347.923398664,83099129,0,1,none,-0.1068115234375,-0.1082763671875,-0.1075439453125,-0.0185546875,4.64e-07,0.4306914230872845,0.4949951171875,0.1998408203125,-0.024169921875,0.475830078125,0.2,0.001076171875,0.0007197265625,0.0065634765625,0.0,3
832,83.20145672699982,7348.023403992,83199135,0,1,none,-0.1043701171875,-0.1107177734375,-0.1075439453125,-0.0184326171875,4.56e-07,0.4381895901864035,0.4945068359375,0.199814453125,-0.0216064453125,0.4783935546875,0.2,-9.27734375e-05,0.0,0.006546875,0.0,3
833,83.30145608600014,7348.123405328,83299137,0,1,none,-0.1103515625,-0.1112060546875,-0.11077880859375,-0.02197265625,4.64e-07,0.43314756196120685,0.5084228515625,0.20098046875,-0.0242919921875,0.4757080078125,0.2,0.0020478515625,0.0,0.00652734375,0.0,3
834,83.40144690699981,7348.223404656,83399137,0,1,none,-0.1051025390625,-0.1099853515625,-0.1075439453125,-0.018798828125,4.56e-07,0.43823884662828944,0.4969482421875,0.1998369140625,-0.0218505859375,0.4781494140625,0.2,0.0004345703125,0.0,0.0065234375,0.0,3
835,83.50145246700049,7348.323405992,83499139,0,1,none,-0.10791015625,-0.1124267578125,-0.11016845703125,-0.0191650390625,4.64e-07,0.4332380623653017,0.4951171875,0.2010224609375,-0.0245361328125,0.4754638671875,0.2,-0.0010732421875,-0.00042578125,0.0065283203125000005,0.0,16
836,83.60144670800037,7348.42340232,83599136,0,1,none,-0.1068115234375,-0.1099853515625,-0.1083984375,-0.0205078125,4.56e-07,0.43853438527960525,0.4976806640625,0.19997167968750001,-0.021484375,0.478515625,0.2,0.0005087890625,0.0,0.0065478515625,0.0,3
837,83.70145454799967,7348.523413656,83699148,0,1,none,-0.108642578125,-0.1092529296875,-0.10894775390625,-0.02001953125,4.64e-07,0.4322488719019396,0.5010986328125,0.2005634765625,-0.02392578125,0.47607421875,0.2,-0.0015029296875,0.0,0.00656640625,0.0,3
838,83.80145250900023,7348.623411984,83799147,0,1,none,-0.1046142578125,-0.1104736328125,-0.1075439453125,-0.018798828125,4.56e-07,0.43832665158991224,0.495361328125,0.199876953125,-0.0240478515625,0.4759521484375,0.2,0.0005322265625,0.0,0.00657421875,0.0,3
839,83.90145752900025,7348.72341132,83899147,0,1,none,-0.1075439453125,-0.110107421875,-0.10882568359375,-0.019287109375,4.64e-07,0.4335200868803879,0.4974365234375,0.2011533203125,-0.02392578125,0.47607421875,0.2,-0.0006572265625,-0.0002490234375,0.006578125,0.0,3
840,84.00145208200047,7348.823410648,83999147,0,1,none,-0.1053466796875,-0.11083984375,-0.10809326171875,-0.0186767578125,4.56e-07,0.4380225466008772,0.4942626953125,0.19973828125,-0.02197265625,0.47802734375,0.2,-7.91015625e-05,0.0,0.0065732421875,0.0,3
841,84.10145501399984,7348.923416984,84099154,0,1,none,-0.1090087890625,-0.110595703125,-0.10980224609375,-0.020751953125,4.64e-07,0.43141753098060337,0.4940185546875,0.200177734375,-0.02392578125,0.47607421875,0.2,-0.0009443359375,-0.00045703125,0.0065595703125000005,0.0,3
842,84.20145057500031,7349.023417312,84199155,0,1,none,-0.1053466796875,-0.1109619140625,-0.108154296875,-0.019287109375,4.56e-07,0.4403654399671052,0.4993896484375,0.200806640625,-0.0208740234375,0.4791259765625,0.2,4.58984375e-05,0.0,0.006537109375,0.0,3
843,84.3014465770002,7349.123414648,84299153,0,1,none,-0.108154296875,-0.1082763671875,-0.10821533203125,-0.0196533203125,4.64e-07,0.43066616716056033,0.4915771484375,0.1998291015625,-0.02392578125,0.47607421875,0.2,-0.0012392578125000001,0.0005205078125,0.0065146484375,0.0,3
844,84.40145648100042,7349.223415984,84399155,0,1,none,-0.107177734375,-0.110595703125,-0.10888671875,-0.02099609375,4.64e-07,0.4306914230872845,0.4908447265625,0.1998408203125,-0.0211181640625,0.4788818359375,0.2,0.000185546875,0.0,0.0064873046875,0.0,3
845,84.50145024799986,7349.323417312,84499157,0,1,none,-0.108642578125,-0.1109619140625,-0.10980224609375,-0.0201416015625,4.64e-07,0.43198789399245685,0.498046875,0.20044238281250001,-0.023681640625,0.476318359375,0.2,-0.0011748046875,-0.00044921875,0.00645703125,0.0,3
846,84.60145055500016,7349.423418648,84599159,0,1,none,-0.1058349609375,-0.1080322265625,-0.10693359375,-0.019287109375,4.64e-07,0.43184688173491376,0.4912109375,0.200376953125,-0.0211181640625,0.4788818359375,0.2,-0.000646484375,0.0,0.0064326171875,0.0,3
847,84.70145401500031,7349.523417976,84699159,0,1,none,-0.10986328125,-0.11083984375,-0.1103515625,-0.02197265625,4.64e-07,0.4321478481950431,0.4971923828125,0.2005166015625,-0.023193359375,0.476806640625,0.2,-0.0009130859375,-0.00031640625,0.006408203125,0.0,3
848,84.80145242599974,7349.623421304,84799163,0,1,none,-0.104248046875,-0.1102294921875,-0.10723876953125,-0.017822265625,4.56e-07,0.4376991673519736,0.4970703125,0.1995908203125,-0.0203857421875,0.4796142578125,0.2,-8.30078125e-05,0.0,0.0063906250000000005,0.0,3
849,84.90145080100046,7349.72342264,84899165,0,1,none,-0.1090087890625,-0.11083984375,-0.10992431640625,-0.020751953125,4.64e-07,0.4333917025862069,0.4998779296875,0.20109375000000002,-0.023193359375,0.476806640625,0.2,-0.0005869140625,-0.0002890625,0.006376953125,0.0,3
850,85.00145633400007,7349.823423976,84999167,0,1,none,-0.105712890625,-0.110595703125,-0.108154296875,-0.0194091796875,4.64e-07,0.43263402478448276,0.4945068359375,0.2007421875,-0.020751953125,0.479248046875,0.2,0.0004287109375,0.0,0.0063662109375,0.0,16
851,85.10145050000028,7349.923422304,85099166,0,1,none,-0.1082763671875,-0.10888671875,-0.10858154296875,-0.0196533203125,4.64e-07,0.4319626380657327,0.502685546875,0.2004306640625,-0.02392578125,0.47607421875,0.2,-0.0005439453125,-0.0002626953125,0.0063623046875000006,0.0,16
852,85.20145544200022,7350.023423632,85199168,0,1,none,-0.1063232421875,-0.111572265625,-0.10894775390625,-0.01953125,4.56e-07,0.4377270079495614,0.4969482421875,0.199603515625,-0.0230712890625,0.4769287109375,0.2,-1.5625e-05,0.0,0.00635546875,0.0,16
853,85.3014455700004,7350.123425968,85299171,0,1,none,-0.1077880859375,-0.1090087890625,-0.1083984375,-0.019287109375,4.64e-07,0.43081559806034475,0.498046875,0.1998984375,-0.0230712890625,0.4769287109375,0.2,-0.00065625,0.0,0.0063505859375,0.0,16
854,85.40144726800008,7350.223427304,85399173,0,1,none,-0.1065673828125,-0.1090087890625,-0.1077880859375,-0.020263671875,4.64e-07,0.4302620723329741,0.4952392578125,0.1996416015625,-0.02099609375,0.47900390625,0.2,-7.2265625e-05,0.0,0.0063486328125,0.0,16
855,85.50144910499966,7350.323429632,85499176,0,1,none,-0.109619140625,-0.1107177734375,-0.11016845703125,-0.021240234375,4.64e-07,0.4325224777747844,0.498779296875,0.2006904296875,-0.0233154296875,0.4766845703125,0.2,0.0012578125,0.0,0.0063525390625,0.0,16
856,85.60145089399975,7350.423427968,85599175,0,1,none,-0.106689453125,-0.10986328125,-0.1082763671875,-0.0201416015625,4.64e-07,0.43048516635237066,0.4970703125,0.19974511718750002,-0.021240234375,0.478759765625,0.2,0.00039941406250000003,0.0,0.0063564453125,0.0,3
857,85.7014617040004,7350.523434296,85699182,0,1,none,-0.10791015625,-0.109619140625,-0.1087646484375,-0.019775390625,4.64e-07,0.43254562904094823,0.4957275390625,0.200701171875,-0.0233154296875,0.4766845703125,0.2,7.6171875e-05,-0.000244140625,0.0063642578125,0.0,3
858,85.8014494830004,7350.623432632,85799181,0,1,none,-0.10693359375,-0.1087646484375,-0.10784912109375,-0.020263671875,4.64e-07,0.43196474272629304,0.497802734375,0.200431640625,-0.0234375,0.4765625,0.2,0.0007060546875,0.0,0.006373046875,0.0,3
859,85.90145663000021,7350.72343496,85899184,0,1,none,-0.1097412109375,-0.10986328125,-0.10980224609375,-0.02099609375,4.64e-07,0.43267822265625,0.5078125,0.20076269531250002,-0.023193359375,0.476806640625,0.2,-0.000392578125,-0.0004130859375,0.0063798828125,0.0,16
860,86.00145263800005,7350.823435296,85999185,0,1,none,-0.1065673828125,-0.109130859375,-0.10784912109375,-0.019775390625,4.64e-07,0.4304956896551724,0.496826171875,0.19975,-0.0233154296875,0.4766845703125,0.2,0.0001826171875,0.0003515625,0.0063916015625,0.0,3
861,86.10145083000043,7350.923434624,86099185,0,1,none,-0.109619140625,-0.110595703125,-0.110107421875,-0.0208740234375,4.64e-07,0.43227412782866376,0.497802734375,0.2005751953125,-0.023681640625,0.476318359375,0.2,-0.0006630859375,0.0,0.0063994140625,0.0,16
862,86.20144364899988,7351.023433952,86199185,0,1,none,-0.1064453125,-0.110107421875,-0.1082763671875,-0.0196533203125,4.56e-07,0.43749143366228066,0.494384765625,0.19949609375,-0.02099609375,0.47900390625,0.2,0.0002646484375,0.0,0.006412109375,0.0,3
863,86.30145076000008,7351.123437288,86299189,0,1,none,-0.108154296875,-0.1103515625,-0.1092529296875,-0.01953125,4.64e-07,0.4306514345366379,0.496337890625,0.199822265625,-0.024658203125,0.475341796875,0.2,-0.0006171875,0.0,0.0064208984375,0.0,3
864,86.40144726299968,7351.223438616,86399191,0,1,none,-0.10693359375,-0.111083984375,-0.1090087890625,-0.02001953125,4.56e-07,0.43792617530153505,0.4964599609375,0.1996943359375,-0.021484375,0.478515625,0.2,0.0002958984375,0.0003876953125,0.0064267578125,0.0,3
865,86.50146057500024,7351.323446952,86499200,0,1,none,-0.1097412109375,-0.11083984375,-0.11029052734375,-0.02099609375,4.64e-07,0.43199631263469823,0.5054931640625,0.2004462890625,-0.0233154296875,0.4766845703125,0.2,-0.0010126953125,-0.000296875,0.0064267578125,0.0,3
866,86.60145201700016,7351.423441288,86599195,0,1,none,-0.1044921875,-0.1080322265625,-0.10626220703125,-0.017822265625,4.64e-07,0.43096923828124994,0.4910888671875,0.1999697265625,-0.0213623046875,0.4786376953125,0.2,-0.0004365234375,0.0,0.0064228515625,0.0,3
867,86.70148256100038,7351.523451616,86699206,0,1,none,-0.109619140625,-0.111083984375,-0.1103515625,-0.0211181640625,4.64e-07,0.43211206896551724,0.5023193359375,0.2005,-0.023681640625,0.476318359375,0.2,-0.0006884765625,-0.0004140625,0.0064150390625,0.0,16
868,86.80146908000006,7351.623446944,86799202,0,1,none,-0.1053466796875,-0.111572265625,-0.10845947265625,-0.01806640625,4.56e-07,0.43821743078399117,0.496337890625,0.1998271484375,-0.0234375,0.4765625,0.2,0.00010546875,-0.000291015625,0.0064130859375,0.0,3
869,86.90145635499994,7351.72344728,86899203,0,1,none,-0.10888671875,-0.109375,-0.109130859375,-0.0198974609375,4.64e-07,0.43270137392241376,0.494384765625,0.2007734375,-0.0245361328125,0.4754638671875,0.2,0.0001962890625,0.0,0.0064218750000000005,0.0,16
870,87.0014554319996,7351.823446616,86999203,0,1,none,-0.1063232421875,-0.110107421875,-0.10821533203125,-0.01904296875,4.64e-07,0.43369687836745685,0.500244140625,0.2012353515625,-0.0216064453125,0.4783935546875,0.2,0.00053515625,0.0,0.00643359375,0.0,3
871,87.10145837300024,7351.923445944,87099203,0,1,none,-0.10888671875,-0.111083984375,-0.1099853515625,-0.020263671875,4.64e-07,0.4358688880657327,0.5037841796875,0.2022431640625,-0.024658203125,0.475341796875,0.2,-0.0018730468750000001,0.0,0.00644921875,0.0,16
872,87.20144402200003,7352.02344628,87199204,0,1,none,-0.107421875,-0.11083984375,-0.109130859375,-0.0205078125,4.64e-07,0.43222151131465514,0.49462890625,0.20055078125,-0.0240478515625,0.4759521484375,0.2,-0.00071875,0.0,0.0064638671875,0.0,3
873,87.30145250999976,7352.123446608,87299205,0,1,none,-0.1085205078125,-0.110595703125,-0.10955810546875,-0.019775390625,4.64e-07,0.4327392578125,0.4979248046875,0.200791015625,-0.0194091796875,0.4805908203125,0.2,-0.000876953125,-0.000376953125,0.0064765625000000005,0.0,16
874,87.40144960399994,7352.223447944,87399207,0,1,none,-0.1068115234375,-0.109375,-0.10809326171875,-0.0198974609375,4.64e-07,0.430975552262931,0.489013671875,0.19997265625,-0.0235595703125,0.4764404296875,0.2,0.00016992187500000002,0.0,0.0064873046875,0.0,16
875,87.50145112300015,7352.323449272,87499209,0,1,none,-0.1092529296875,-0.1102294921875,-0.1097412109375,-0.0206298828125,4.64e-07,0.4352943157327586,0.5045166015625,0.2019765625,-0.021728515625,0.478271484375,0.2,-0.001322265625,-0.00033593750000000003,0.0064921875000000006,0.0,3
876,87.60145085699969,7352.423451608,87599212,0,1,none,-0.10791015625,-0.110107421875,-0.1090087890625,-0.020751953125,4.64e-07,0.43145751953124994,0.49169921875,0.2001962890625,-0.0235595703125,0.4764404296875,0.2,0.0001611328125,0.0,0.0064892578125000005,0.0,16
877,87.70146157999989,7352.523453936,87699215,0,1,none,-0.1029052734375,-0.1094970703125,-0.106201171875,-0.0186767578125,4.56e-07,0.4365127295778508,0.490966796875,0.1990498046875,-0.02392578125,0.47607421875,0.2,-0.000416015625,0.0,0.0064765625000000005,0.0,16
878,87.80144760999974,7352.623453272,87799215,0,1,none,-0.107421875,-0.1092529296875,-0.10833740234375,-0.0201416015625,4.64e-07,0.4308703192349138,0.4969482421875,0.199923828125,-0.0238037109375,0.4761962890625,0.2,-0.0008623046875,0.0,0.006455078125,0.0,3
879,87.9014548770001,7352.7234586,87899221,0,1,none,-0.1107177734375,-0.11083984375,-0.11077880859375,-0.0223388671875,4.64e-07,0.43262350148168105,0.5010986328125,0.2007373046875,-0.0242919921875,0.4757080078125,0.2,-0.0014130859375,-0.000638671875,0.0064218750000000005,0.0,16
880,88.00144925299992,7352.823455936,87999219,0,1,none,-0.1068115234375,-0.1103515625,-0.10858154296875,-0.0198974609375,4.64e-07,0.43114392510775856,0.49658203125,0.20005078125,-0.023193359375,0.476806640625,0.2,-0.00034277343750000003,0.0,0.0063818359375,0.0,3
881,88.10145378099969,7352.923455264,88099219,0,1,none,-0.108154296875,-0.1102294921875,-0.10919189453125,-0.0196533203125,4.64e-07,0.4340567753232759,0.5,0.20140234375000002,-0.0205078125,0.4794921875,0.2,-0.00083984375,-0.000265625,0.0063388671875000005,0.0,16
882,88.20146325000042,7353.0234646,88199229,0,1,none,-0.1075439453125,-0.1102294921875,-0.10888671875,-0.0206298828125,4.64e-07,0.4289634967672414,0.4908447265625,0.1990390625,-0.0228271484375,0.4771728515625,0.2,-0.0003720703125,0.0002978515625,0.00628515625,0.0,3
883,88.30146202099968,7353.123459928,88299225,0,1,none,-0.103271484375,-0.1114501953125,-0.10736083984375,-0.0184326171875,4.56e-07,0.436998869243421,0.49560546875,0.199271484375,-0.0205078125,0.4794921875,0.2,-0.0011142578125,0.0,0.0062294921875000004,0.0,16
884,88.40145719799966,7353.223463264,88399229,0,1,none,-0.1070556640625,-0.1109619140625,-0.1090087890625,-0.02001953125,4.64e-07,0.4299821524784483,0.5,0.19951171875,-0.0203857421875,0.4796142578125,0.2,0.0004775390625,0.0,0.006171875,0.0,3
885,88.5014510459996,7353.323461592,88499228,0,1,none,-0.107177734375,-0.110107421875,-0.108642578125,-0.0184326171875,4.64e-07,0.43304232893318956,0.50390625,0.200931640625,-0.0201416015625,0.4798583984375,0.2,-0.000650390625,-0.000287109375,0.0061328125,0.0,16
886,88.60145454200028,7353.423463928,88599231,0,1,none,-0.107421875,-0.1112060546875,-0.10931396484375,-0.0203857421875,4.64e-07,0.43206155711206895,0.493896484375,0.2004765625,-0.0203857421875,0.4796142578125,0.2,0.00022949218750000001,0.0,0.006109375,0.0,16
887,88.70144698599961,7353.523463256,88699231,0,1,none,-0.103759765625,-0.110595703125,-0.107177734375,-0.0194091796875,4.56e-07,0.43764348615679827,0.491943359375,0.19956542968750002,-0.0238037109375,0.4761962890625,0.2,-0.001583984375,-0.000486328125,0.0060703125,0.0,16
888,88.80145939500017,7353.623465592,88799234,0,1,none,-0.10693359375,-0.1109619140625,-0.10894775390625,-0.02001953125,4.64e-07,0.4308576912715517,0.48828125,0.19991796875,-0.0194091796875,0.4805908203125,0.2,-0.0005556640625000001,-0.00046191406250000003,0.0059960937500000006,0.0,16
889,88.90145709199987,7353.72346492,88899234,0,1,none,-0.1055908203125,-0.111328125,-0.10845947265625,-0.0208740234375,4.56e-07,0.43516995614035087,0.4920654296875,0.19843750000000002,-0.01806640625,0.48193359375,0.2,-0.0012509765625,-0.00062890625,0.00590625,0.0,16
890,89.00145189999967,7353.823467256,88999237,0,1,none,-0.107177734375,-0.1085205078125,-0.10784912109375,-0.0203857421875,4.64e-07,0.4300747575431034,0.4935302734375,0.1995546875,-0.0186767578125,0.4813232421875,0.2,0.0003671875,0.0,0.00583203125,0.0,3
891,89.10145002900026,7353.923469584,89099240,0,1,none,-0.10986328125,-0.111083984375,-0.1104736328125,-0.020751953125,4.64e-07,0.4324635472790948,0.501220703125,0.2006630859375,-0.018798828125,0.481201171875,0.2,-0.0009990234375000001,0.0,0.00578125,0.0,16
892,89.2014491660002,7354.02347092,89199242,0,1,none,-0.1065673828125,-0.10986328125,-0.10821533203125,-0.019775390625,4.64e-07,0.43122600686961204,0.49951171875,0.2000888671875,-0.0208740234375,0.4791259765625,0.2,0.00082421875,0.0002822265625,0.0057431640625,0.0,16
893,89.30145422199985,7354.123474248,89299246,0,1,none,-0.103759765625,-0.1107177734375,-0.10723876953125,-0.0191650390625,4.56e-07,0.4358060067160088,0.4951171875,0.1987275390625,-0.0174560546875,0.4825439453125,0.2,0.0003037109375,0.0,0.005734375,0.0,3
894,89.4014457659996,7354.223468584,89399241,0,1,none,-0.10693359375,-0.109619140625,-0.1082763671875,-0.0194091796875,4.64e-07,0.4309629242995689,0.493408203125,0.199966796875,-0.0220947265625,0.4779052734375,0.2,-0.000271484375,-0.00029296875,0.0057685546875,0.0,3
895,89.50144736899983,7354.323472912,89499246,0,1,none,-0.1043701171875,-0.1107177734375,-0.1075439453125,-0.0196533203125,4.56e-07,0.4375471148574561,0.4949951171875,0.199521484375,-0.019287109375,0.480712890625,0.2,0.00070703125,0.0,0.0058408203125,0.0,3
896,89.60145078999994,7354.423470248,89599244,0,1,none,-0.108154296875,-0.1104736328125,-0.10931396484375,-0.02099609375,4.64e-07,0.431952114762931,0.499267578125,0.20042578125000002,-0.0225830078125,0.4774169921875,0.2,0.0002109375,0.000453125,0.005927734375,0.0,3
897,89.70146261700029,7354.523481576,89699256,0,1,none,-0.1094970703125,-0.109619140625,-0.10955810546875,-0.0208740234375,4.64e-07,0.43039677060883624,0.4979248046875,0.1997041015625,-0.0233154296875,0.4766845703125,0.2,0.0001474609375,0.0,0.0060068359375,0.0,16
898,89.80145490500036,7354.623479912,89799255,0,1,none,-0.1060791015625,-0.109619140625,-0.10784912109375,-0.0189208984375,4.64e-07,0.4317500673491379,0.4976806640625,0.20033203125000001,-0.02294921875,0.47705078125,0.2,0.0006718750000000001,0.0003154296875,0.0060693359375,0.0,16
899,89.90145658599977,7354.72347924,89899255,0,1,none,-0.1041259765625,-0.1116943359375,-0.10791015625,-0.019287109375,4.56e-07,0.4367354543585526,0.4952392578125,0.1991513671875,-0.0198974609375,0.4801025390625,0.2,-8.88671875e-05,-0.000291015625,0.0061152343750000004,0.0,3
900,90.00144155700036,7354.823477576,89999254,0,1,none,-0.1077880859375,-0.1099853515625,-0.10888671875,-0.0208740234375,4.64e-07,0.43115444841056033,0.5006103515625,0.2000556640625,-0.0233154296875,0.4766845703125,0.2,6.8359375e-06,0.000369140625,0.0061591796875,0.0,16
901,90.10145028199986,7354.923479904,90099257,0,1,none,-0.1015625,-0.109375,-0.10546875,-0.016357421875,4.56e-07,0.4367161800986842,0.4935302734375,0.199142578125,-0.022705078125,0.477294921875,0.2,0.00030078125,-0.0003076171875,0.006203125,0.0,3
902,90.20145065500037,7355.02348024,90199258,0,1,none,-0.10595703125,-0.10986328125,-0.10791015625,-0.0184326171875,4.64e-07,0.4320215685614224,0.4981689453125,0.2004580078125,-0.0205078125,0.4794921875,0.2,-0.000103515625,0.0,0.0062431640625,0.0,3
903,90.30144458399991,7355.123479568,90299258,0,1,none,-0.1026611328125,-0.1090087890625,-0.1058349609375,-0.018310546875,4.56e-07,0.43602873149671045,0.4891357421875,0.1988291015625,-0.0235595703125,0.4764404296875,0.2,9.08203125e-05,0.0,0.0062783203125,0.0,3
904,90.40144759699979,7355.223481904,90399261,0,1,none,-0.106689453125,-0.10986328125,-0.1082763671875,-0.0196533203125,4.64e-07,0.4302999562230603,0.4949951171875,0.1996591796875,-0.023193359375,0.476806640625,0.2,0.000814453125,0.0,0.0063095703125,0.0,16
905,90.501444085,7355.323482232,90499262,0,1,none,-0.1038818359375,-0.111572265625,-0.10772705078125,-0.019287109375,4.56e-07,0.4393439041940789,0.49755859375,0.2003408203125,-0.0211181640625,0.4788818359375,0.2,0.0011171875000000001,0.0,0.0063349609375,0.0,16
906,90.60145986000043,7355.423489568,90599270,0,1,none,-0.10693359375,-0.108642578125,-0.1077880859375,-0.019287109375,4.64e-07,0.430426235856681,0.4964599609375,0.1997177734375,-0.0240478515625,0.4759521484375,0.2,-0.000158203125,0.0003330078125,0.006353515625,0.0,3
907,90.70146156800001,7355.523489896,90699271,0,1,none,-0.103759765625,-0.1104736328125,-0.10711669921875,-0.018798828125,4.56e-07,0.4359216522752193,0.4998779296875,0.19878027343750002,-0.021240234375,0.478759765625,0.2,-0.00056640625,0.0,0.0063623046875000006,0.0,3
908,90.80146389099991,7355.623489232,90799271,0,1,none,-0.107666015625,-0.110107421875,-0.10888671875,-0.020263671875,4.64e-07,0.4298285122575431,0.4949951171875,0.1994404296875,-0.024169921875,0.475830078125,0.2,0.000322265625,0.0,0.0063681640625,0.0,16
909,90.90146803199968,7355.72349756,90899280,0,1,none,-0.108642578125,-0.110595703125,-0.109619140625,-0.0201416015625,4.64e-07,0.43131440261314646,0.49951171875,0.2001298828125,-0.0211181640625,0.4788818359375,0.2,-0.00026953125,0.0,0.0063681640625,0.0,16
910,91.00145719700049,7355.823491896,90999275,0,1,none,-0.1063232421875,-0.108154296875,-0.10723876953125,-0.0191650390625,4.64e-07,0.43351587755926724,0.494873046875,0.2011513671875,-0.023681640625,0.476318359375,0.2,0.0006875,0.0,0.0063593750000000004,0.0,3
911,91.10144782000043,7355.923489224,91099273,0,1,none,-0.103515625,-0.1092529296875,-0.10638427734375,-0.0185546875,4.56e-07,0.43520422149122806,0.4930419921875,0.198453125,-0.0208740234375,0.4791259765625,0.2,-0.00064453125,0.0,0.0063466796875000005,0.0,3
912,91.20144315899961,7356.02348856,91199273,0,1,none,-0.109375,-0.1099853515625,-0.10968017578125,-0.02099609375,4.64e-07,0.43270768790409475,0.5010986328125,0.2007763671875,-0.021240234375,0.478759765625,0.2,0.000525390625,0.0,0.006328125,0.0,3
913,91.30144338799983,7356.123489888,91299275,0,1,none,-0.1041259765625,-0.11083984375,-0.10748291015625,-0.018798828125,4.56e-07,0.4364720394736842,0.4923095703125,0.19903125,-0.0208740234375,0.4791259765625,0.2,-0.0002060546875,0.0,0.006314453125,0.0,3
914,91.40145053200013,7356.223492224,91399278,0,1,none,-0.107177734375,-0.1087646484375,-0.10797119140625,-0.01953125,4.64e-07,0.430188409213362,0.4979248046875,0.199607421875,-0.0230712890625,0.4769287109375,0.2,0.000158203125,0.0,0.0063017578125,0.0,16
915,91.50144105900017,7356.323493552,91499280,0,1,none,-0.103515625,-0.1107177734375,-0.10711669921875,-0.018798828125,4.56e-07,0.4354719195449561,0.494873046875,0.1985751953125,-0.02001953125,0.47998046875,0.2,-0.00046582031250000003,0.0,0.0062919921875000005,0.0,3
916,91.60144885400041,7356.423493888,91599281,0,1,none,-0.1063232421875,-0.1094970703125,-0.10791015625,-0.0186767578125,4.64e-07,0.4334464237607758,0.4967041015625,0.201119140625,-0.0228271484375,0.4771728515625,0.2,0.00070703125,0.00053125,0.00628125,0.0,16
917,91.70145554499959,7356.523503216,91699291,0,1,none,-0.105224609375,-0.111572265625,-0.1083984375,-0.0196533203125,4.56e-07,0.4384787040844298,0.4967041015625,0.1999462890625,-0.0208740234375,0.4791259765625,0.2,-0.00039941406250000003,0.0,0.00627734375,0.0,16
918,91.80148663799991,7356.623506552,91799295,0,1,none,-0.1075439453125,-0.1107177734375,-0.109130859375,-0.0201416015625,4.64e-07,0.4320699757543103,0.504638671875,0.20048046875,-0.0235595703125,0.4764404296875,0.2,0.0006796875000000001,0.00027636718750000003,0.006279296875,0.0,3
919,91.90146611300042,7356.72350488,91899294,0,1,none,-0.105224609375,-0.111083984375,-0.108154296875,-0.01953125,4.56e-07,0.4391019051535088,0.50537109375,0.20023046875,-0.020751953125,0.479248046875,0.2,-0.0008388671875,-0.00041796875,0.006291015625,0.0,16
920,92.00145664000047,7356.823499216,91999289,0,1,none,-0.1075439453125,-0.10986328125,-0.10870361328125,-0.020263671875,4.64e-07,0.4312302161907327,0.4990234375,0.2000908203125,-0.02294921875,0.47705078125,0.2,0.0006630859375,0.0,0.00630859375,0.0,3
921,92.10145000200009,7356.923503544,92099294,0,1,none,-0.1036376953125,-0.111083984375,-0.10736083984375,-0.0189208984375,4.56e-07,0.4396158854166667,0.4991455078125,0.20046484375,-0.020263671875,0.479736328125,0.2,-0.000427734375,0.0,0.00632421875,0.0,3
922,92.20145119100016,7357.02350288,92199294,0,1,none,-0.10693359375,-0.110107421875,-0.1085205078125,-0.0191650390625,4.64e-07,0.43088294719827586,0.4918212890625,0.1999296875,-0.0233154296875,0.4766845703125,0.2,9.960937500000001e-05,0.0,0.00633203125,0.0,3
923,92.30145504099983,7357.123503208,92299295,0,1,none,-0.103271484375,-0.109130859375,-0.106201171875,-0.01806640625,4.56e-07,0.43798613966557015,0.5015869140625,0.19972167968750001,-0.021240234375,0.478759765625,0.2,-0.0003525390625,0.0,0.0063359375,0.0,3
924,92.401453941,7357.223504544,92399297,0,1,none,-0.1082763671875,-0.1112060546875,-0.1097412109375,-0.0201416015625,4.64e-07,0.4321562668372844,0.4964599609375,0.2005205078125,-0.0230712890625,0.4769287109375,0.2,0.0002080078125,0.0,0.006330078125,0.0,3
925,92.501447783,7357.323504872,92499298,0,1,none,-0.1060791015625,-0.1103515625,-0.10821533203125,-0.021240234375,4.56e-07,0.4396158854166667,0.4989013671875,0.20046484375,-0.020263671875,0.479736328125,0.2,9.47265625e-05,0.0,0.0063193359375,0.0,3
926,92.6014591209996,7357.423507208,92599301,0,1,none,-0.1085205078125,-0.11181640625,-0.11016845703125,-0.0208740234375,4.64e-07,0.43026838631465514,0.498779296875,0.19964453125,-0.0211181640625,0.4788818359375,0.2,0.0003837890625,0.0,0.006296875,0.0,3
927,92.70144852300018,7357.523506536,92699301,0,1,none,-0.104248046875,-0.1099853515625,-0.10711669921875,-0.019775390625,4.56e-07,0.43716591282894735,0.488525390625,0.19934765625,-0.02099609375,0.47900390625,0.2,-0.0007099609375,-0.0002666015625,0.0062666015625,0.0,3
928,92.80146142099966,7357.623511872,92799307,0,1,none,-0.1082763671875,-0.1112060546875,-0.1097412109375,-0.0213623046875,4.64e-07,0.4326319201239224,0.5006103515625,0.2007412109375,-0.0228271484375,0.4771728515625,0.2,0.0006123046875,0.0,0.006234375,0.0,3
929,92.90145884499998,7357.7235122,92899308,0,1,none,-0.1033935546875,-0.110595703125,-0.10699462890625,-0.0186767578125,4.56e-07,0.43769274259868424,0.49462890625,0.19958789062500001,-0.0225830078125,0.4774169921875,0.2,-0.000734375,0.0,0.0062080078125,0.0,3
930,93.00145386799977,7357.823511536,92999308,0,1,none,-0.10791015625,-0.10986328125,-0.10888671875,-0.020751953125,4.64e-07,0.4313438678609914,0.500732421875,0.2001435546875,-0.023193359375,0.476806640625,0.2,-0.000251953125,0.0,0.0061855468750000005,0.0,3
931,93.10144608399969,7357.923507864,93099305,0,1,none,-0.1058349609375,-0.1099853515625,-0.10791015625,-0.020263671875,4.56e-07,0.43803967927631576,0.496826171875,0.19974609375,-0.0194091796875,0.4805908203125,0.2,0.0002685546875,0.0,0.0061689453125,0.0,16
932,93.20145756300008,7358.0235132,93199311,0,1,none,-0.1077880859375,-0.1107177734375,-0.1092529296875,-0.0201416015625,4.64e-07,0.4309839709051724,0.494873046875,0.1999765625,-0.0224609375,0.4775390625,0.2,-0.00034375,0.0,0.0061611328125,0.0,3
933,93.30146182099998,7358.123518528,93299317,0,1,none,-0.104248046875,-0.109130859375,-0.106689453125,-0.01953125,4.56e-07,0.4357396175986842,0.4915771484375,0.198697265625,-0.0225830078125,0.4774169921875,0.2,0.000369140625,0.0,0.00616015625,0.0,3
934,93.40145282200046,7358.223519864,93399319,0,1,none,-0.1090087890625,-0.110107421875,-0.10955810546875,-0.0216064453125,4.64e-07,0.4322067786907327,0.5040283203125,0.2005439453125,-0.02294921875,0.47705078125,0.2,0.000443359375,0.00027636718750000003,0.00615625,0.0,16
935,93.50144874899979,7358.323517192,93499317,0,1,none,-0.1041259765625,-0.1092529296875,-0.106689453125,-0.0186767578125,4.56e-07,0.4370866742050438,0.4896240234375,0.1993115234375,-0.02001953125,0.47998046875,0.2,-0.0005078125,0.0,0.0061572265625,0.0,3
936,93.60144893899997,7358.423516528,93599317,0,1,none,-0.10791015625,-0.110107421875,-0.1090087890625,-0.0196533203125,4.64e-07,0.42978220972521547,0.4993896484375,0.1994189453125,-0.0224609375,0.4775390625,0.2,-0.000125,0.00030859375,0.00615625,0.0,3
937,93.70145703100025,7358.523522856,93699324,0,1,none,-0.103515625,-0.1094970703125,-0.10650634765625,-0.01806640625,4.56e-07,0.4370267098410088,0.4910888671875,0.1992841796875,-0.020263671875,0.479736328125,0.2,3.90625e-06,-0.00046875,0.0061552734375,0.0,3
938,93.80145756000002,7358.623524192,93799326,0,1,none,-0.107177734375,-0.1114501953125,-0.10931396484375,-0.0196533203125,4.64e-07,0.43131861193426724,0.494873046875,0.2001318359375,-0.0224609375,0.4775390625,0.2,0.0007900390625,0.0,0.006150390625,0.0,3
939,93.9014512370004,7358.72352152,93899324,0,1,none,-0.1041259765625,-0.1109619140625,-0.1075439453125,-0.0189208984375,4.56e-07,0.4377377158717105,0.4942626953125,0.1996083984375,-0.0205078125,0.4794921875,0.2,-0.00046191406250000003,0.000470703125,0.006142578125,0.0,3
940,94.00144787499994,7358.823521856,93999325,0,1,none,-0.10888671875,-0.109619140625,-0.1092529296875,-0.021484375,4.64e-07,0.4329497238685345,0.497314453125,0.200888671875,-0.022705078125,0.477294921875,0.2,-0.0003505859375,0.0,0.006134765625,0.0,3
941,94.10145497400026,7358.923524184,94099328,0,1,none,-0.10595703125,-0.111083984375,-0.1085205078125,-0.0206298828125,4.56e-07,0.4386007743969298,0.49609375,0.200001953125,-0.020263671875,0.479736328125,0.2,2.24609375e-05,0.0,0.0061318359375,0.0,3
942,94.20144971300033,7359.02352152,94199326,0,1,none,-0.106689453125,-0.109619140625,-0.108154296875,-0.0186767578125,4.64e-07,0.4313312398976293,0.49609375,0.2001376953125,-0.0225830078125,0.4774169921875,0.2,0.000173828125,0.00070703125,0.0061328125,0.0,3
943,94.30144462899989,7359.123523848,94299329,0,1,none,-0.1026611328125,-0.109130859375,-0.10589599609375,-0.0174560546875,4.56e-07,0.43479732044956143,0.4901123046875,0.198267578125,-0.0198974609375,0.4801025390625,0.2,0.0001435546875,0.0,0.0061357421875,0.0,3
944,94.4014541610004,7359.223527184,94399333,0,1,none,-0.107421875,-0.1102294921875,-0.10882568359375,-0.0198974609375,4.64e-07,0.4307798188308189,0.488037109375,0.1998818359375,-0.0225830078125,0.4774169921875,0.2,-0.000142578125,0.0,0.0061474609375,0.0,16
945,94.50145156400049,7359.323528512,94499335,0,1,none,-0.105712890625,-0.1097412109375,-0.10772705078125,-0.0205078125,4.56e-07,0.4387164199561403,0.4954833984375,0.2000546875,-0.020263671875,0.479736328125,0.2,0.0001240234375,-0.00033203125,0.0061552734375,0.0,3
946,94.60144941100043,7359.423529848,94599337,0,1,none,-0.108642578125,-0.11083984375,-0.1097412109375,-0.0206298828125,4.64e-07,0.43280029296875,0.499755859375,0.2008193359375,-0.0233154296875,0.4766845703125,0.2,0.00078125,0.0002841796875,0.0061669921875,0.0,3
947,94.70145818699984,7359.523532176,94699340,0,1,none,-0.1051025390625,-0.1099853515625,-0.1075439453125,-0.019287109375,4.56e-07,0.43964800918311403,0.496826171875,0.2004794921875,-0.0205078125,0.4794921875,0.2,-0.00027734375000000003,0.0,0.00618359375,0.0,3
948,94.80146400800004,7359.623534512,94799343,0,1,none,-0.1072998046875,-0.1087646484375,-0.1080322265625,-0.0194091796875,4.64e-07,0.43193948679956895,0.4949951171875,0.20041992187500002,-0.0225830078125,0.4774169921875,0.2,0.001154296875,0.00040039062500000003,0.00620703125,0.0,16
949,94.90145597799983,7359.72353484,94899344,0,1,none,-0.1046142578125,-0.111328125,-0.10797119140625,-0.01953125,4.56e-07,0.43767989309210525,0.4910888671875,0.19958203125,-0.020751953125,0.479248046875,0.2,0.000119140625,0.0,0.0062255859375,0.0,3
950,95.00145258900011,7359.823536176,94999346,0,1,none,-0.1072998046875,-0.11083984375,-0.10906982421875,-0.019287109375,4.64e-07,0.4317900558997844,0.4990234375,0.2003505859375,-0.023193359375,0.476806640625,0.2,0.0010625,0.0,0.0062412109375,0.0,16
951,95.10145509199992,7359.923535504,95099346,0,1,none,-0.1063232421875,-0.113037109375,-0.10968017578125,-0.0208740234375,4.56e-07,0.43947668242872806,0.4945068359375,0.2004013671875,-0.020751953125,0.479248046875,0.2,-0.000107421875,0.0,0.0062626953125,0.0,3
952,95.20144414599963,7360.02353584,95199347,0,1,none,-0.107666015625,-0.1097412109375,-0.10870361328125,-0.01953125,4.64e-07,0.4321878367456896,0.498046875,0.20053515625,-0.0228271484375,0.4771728515625,0.2,0.0013447265625,0.0003232421875,0.0062783203125,0.0,16
953,95.30144598300012,7360.123536168,95299348,0,1,none,-0.106201171875,-0.1109619140625,-0.10858154296875,-0.0205078125,4.56e-07,0.43894128632127194,0.4989013671875,0.2001572265625,-0.0206298828125,0.4793701171875,0.2,-0.0007900390625,0.0,0.0062958984375,0.0,3
954,95.40145235599994,7360.223537504,95399350,0,1,none,-0.108154296875,-0.1104736328125,-0.10931396484375,-0.0201416015625,4.64e-07,0.43211838294719823,0.4951171875,0.2005029296875,-0.023193359375,0.476806640625,0.2,0.0004931640625,0.0,0.0063095703125,0.0,3
955,95.50143966700034,7360.323539832,95499353,0,1,none,-0.1060791015625,-0.11083984375,-0.10845947265625,-0.0201416015625,4.56e-07,0.4385386684484649,0.4991455078125,0.1999736328125,-0.020751953125,0.479248046875,0.2,0.0,0.0,0.0063173828125,0.0,3
956,95.60144696099997,7360.423541168,95599355,0,1,none,-0.1082763671875,-0.11083984375,-0.10955810546875,-0.020751953125,4.64e-07,0.4317500673491379,0.4954833984375,0.20033203125000001,-0.02294921875,0.47705078125,0.2,0.000609375,0.000388671875,0.0063212890625,0.0,3
957,95.70146218100035,7360.523546496,95699361,0,1,none,-0.103515625,-0.111328125,-0.107421875,-0.018798828125,4.56e-07,0.4374807257401316,0.4954833984375,0.1994912109375,-0.0211181640625,0.4788818359375,0.2,-0.0007333984375,0.0,0.0063232421875000005,0.0,3
958,95.80145668600017,7360.623543832,95799359,0,1,none,-0.107177734375,-0.1102294921875,-0.10870361328125,-0.0191650390625,4.64e-07,0.43177532327586204,0.498779296875,0.20034375000000001,-0.0230712890625,0.4769287109375,0.2,0.0007626953125,0.0,0.0063212890625,0.0,3
959,95.90151842100022,7360.72356816,95899384,0,1,none,-0.1060791015625,-0.1131591796875,-0.109619140625,-0.0205078125,4.56e-07,0.4392625239857456,0.500732421875,0.20030371093750002,-0.0203857421875,0.4796142578125,0.2,-0.000173828125,0.0,0.00632421875,0.0,16
960,96.00148891400022,7360.823555496,95999372,0,1,none,-0.1075439453125,-0.11083984375,-0.10919189453125,-0.019775390625,4.64e-07,0.4308955751616379,0.4969482421875,0.199935546875,-0.02294921875,0.47705078125,0.2,0.00044140625,0.0,0.0063232421875000005,0.0,16
961,96.10146256299959,7360.923553824,96099371,0,1,none,-0.1058349609375,-0.1094970703125,-0.107666015625,-0.0198974609375,4.56e-07,0.43807180304276316,0.4959716796875,0.1997607421875,-0.020263671875,0.479736328125,0.2,0.0004482421875,0.0,0.0063271484375,0.0,3
962,96.20145821999995,7361.02354916,96199367,0,1,none,-0.1082763671875,-0.111083984375,-0.10968017578125,-0.020751953125,4.64e-07,0.43163220635775856,0.4947509765625,0.20027734375,-0.023193359375,0.476806640625,0.2,0.0008193359375,0.0,0.006330078125,0.0,3
963,96.30144651499995,7361.123549488,96299368,0,1,none,-0.104248046875,-0.1104736328125,-0.10736083984375,-0.019287109375,4.56e-07,0.43731582373903505,0.4908447265625,0.199416015625,-0.0211181640625,0.4788818359375,0.2,-0.0002412109375,0.0,0.0063359375,0.0,3
964,96.4014928810002,7361.223563824,96399383,0,1,none,-0.107666015625,-0.111328125,-0.1094970703125,-0.0201416015625,4.64e-07,0.4319142308728448,0.4927978515625,0.20040820312500002,-0.024169921875,0.475830078125,0.2,0.0003583984375,0.0002685546875,0.006341796875,0.0,16
965,96.50146362899977,7361.323555152,96499375,0,1,none,-0.104248046875,-0.1121826171875,-0.10821533203125,-0.0189208984375,4.56e-07,0.4383330763432017,0.49365234375,0.1998798828125,-0.02099609375,0.47900390625,0.2,0.000734375,0.0,0.006349609375,0.0,3
966,96.60145363399988,7361.423553488,96599374,0,1,none,-0.1080322265625,-0.1104736328125,-0.1092529296875,-0.0206298828125,4.64e-07,0.4314217403017241,0.4901123046875,0.2001796875,-0.0230712890625,0.4769287109375,0.2,0.0011318359375,0.0,0.006361328125,0.0,16
967,96.70145335600046,7361.523550816,96699372,0,1,none,-0.1025390625,-0.1097412109375,-0.10614013671875,-0.0169677734375,4.56e-07,0.43698387815241224,0.496826171875,0.1992646484375,-0.0211181640625,0.4788818359375,0.2,0.000326171875,0.0002490234375,0.0063759765625,0.0,3
968,96.80145273899961,7361.623554152,96799376,0,1,none,-0.107421875,-0.110107421875,-0.1087646484375,-0.0203857421875,4.64e-07,0.4308029700969827,0.4976806640625,0.199892578125,-0.0233154296875,0.4766845703125,0.2,0.000197265625,0.0,0.0063896484375,0.0,16
969,96.90150246200028,7361.72357348,96899396,0,1,none,-0.10400390625,-0.1114501953125,-0.10772705078125,-0.019775390625,4.56e-07,0.4387870922423246,0.49560546875,0.2000869140625,-0.0206298828125,0.4793701171875,0.2,-0.0002412109375,0.0,0.006412109375,0.0,3
970,97.00146605500049,7361.823561816,96999385,0,1,none,-0.107177734375,-0.11083984375,-0.1090087890625,-0.0196533203125,4.64e-07,0.43095871497844823,0.4923095703125,0.19996484375,-0.0242919921875,0.4757080078125,0.2,7.421875e-05,0.0003271484375,0.0064365234375,0.0,16
971,97.10145550499965,7361.923558144,97099382,0,1,none,-0.1048583984375,-0.1114501953125,-0.108154296875,-0.02001953125,4.56e-07,0.4384315892269737,0.4959716796875,0.1999248046875,-0.02099609375,0.47900390625,0.2,-0.0001728515625,0.0,0.0064609375000000005,0.0,3
972,97.20145223300005,7362.02355848,97199383,0,1,none,-0.1075439453125,-0.109375,-0.10845947265625,-0.0203857421875,4.64e-07,0.4307798188308189,0.4969482421875,0.1998818359375,-0.0238037109375,0.4761962890625,0.2,0.000697265625,0.0,0.0064843750000000006,0.0,3
973,97.30145051799991,7362.123558808,97299384,0,1,none,-0.1080322265625,-0.1094970703125,-0.1087646484375,-0.0191650390625,4.64e-07,0.4335074589170258,0.497314453125,0.2011474609375,-0.02392578125,0.47607421875,0.2,-0.0001669921875,-0.0002705078125,0.00649609375,0.0,16
974,97.40145122400008,7362.223561144,97399387,0,1,none,-0.1082763671875,-0.1103515625,-0.10931396484375,-0.02099609375,4.64e-07,0.4318763469827586,0.4954833984375,0.20039062500000002,-0.023681640625,0.476318359375,0.2,0.000826171875,0.0,0.006500000000000001,0.0,3
975,97.5014547589999,7362.323562472,97499389,0,1,none,-0.109619140625,-0.112060546875,-0.11083984375,-0.0205078125,4.64e-07,0.4311270878232758,0.494140625,0.20004296875,-0.0257568359375,0.4742431640625,0.2,-0.000154296875,-0.0003330078125,0.0064912109375,0.0,16
976,97.60144804300035,7362.423561808,97599389,0,1,none,-0.10693359375,-0.109619140625,-0.1082763671875,-0.0196533203125,4.64e-07,0.4313543911637931,0.494384765625,0.2001484375,-0.0235595703125,0.4764404296875,0.2,0.000224609375,0.0,0.0064794921875,0.0,3
977,97.70146528500027,7362.523568136,97699396,0,1,none,-0.10791015625,-0.10986328125,-0.10888671875,-0.0191650390625,4.64e-07,0.43078402815193967,0.494140625,0.1998837890625,-0.0250244140625,0.4749755859375,0.2,-0.00039746093750000003,0.0,0.00645703125,0.0,3
978,97.80145482500029,7362.623570464,97799399,0,1,none,-0.10693359375,-0.11083984375,-0.10888671875,-0.0194091796875,4.56e-07,0.43748929207785087,0.5059814453125,0.19949511718750002,-0.0234375,0.4765625,0.2,-3.41796875e-05,-0.00026953125,0.0064296875000000005,0.0,3
979,97.9014559719999,7362.7235658,97899395,0,1,none,-0.1090087890625,-0.110595703125,-0.10980224609375,-0.020751953125,4.64e-07,0.43145120554956895,0.5006103515625,0.200193359375,-0.023681640625,0.476318359375,0.2,-0.0007041015625,-0.0005380859375,0.0064033203125,0.0,3
980,98.00145501000043,7362.823567136,97999397,0,1,none,-0.1060791015625,-0.1097412109375,-0.10791015625,-0.0198974609375,4.64e-07,0.43083664466594823,0.4952392578125,0.19990820312500002,-0.0213623046875,0.4786376953125,0.2,-0.0005546875000000001,0.0,0.006373046875,0.0,3
981,98.1014482849996,7362.923569464,98099400,0,1,none,-0.1094970703125,-0.11083984375,-0.11016845703125,-0.02099609375,4.64e-07,0.43250143116918105,0.5018310546875,0.2006806640625,-0.0234375,0.4765625,0.2,0.00028515625,0.0003876953125,0.00633203125,0.0,3
982,98.20145651199982,7363.023567792,98199399,0,1,none,-0.106201171875,-0.1097412109375,-0.10797119140625,-0.020263671875,4.56e-07,0.43841231496710525,0.497802734375,0.199916015625,-0.0206298828125,0.4793701171875,0.2,-6.73828125e-05,-0.000349609375,0.0062919921875000005,0.0,3
983,98.30145790799997,7363.123571128,98299403,0,1,none,-0.1082763671875,-0.1112060546875,-0.1097412109375,-0.02001953125,4.64e-07,0.4318826609644396,0.4979248046875,0.2003935546875,-0.0228271484375,0.4771728515625,0.2,-0.0009140625,-0.0008984375,0.0062587890625,0.0,3
984,98.40144104899991,7363.223569456,98399402,0,1,none,-0.1072998046875,-0.111328125,-0.10931396484375,-0.02099609375,4.56e-07,0.43761564555921056,0.4903564453125,0.199552734375,-0.0208740234375,0.4791259765625,0.2,0.000177734375,0.0,0.00622265625,0.0,3
985,98.50145619399973,7363.323574792,98499408,0,1,none,-0.1080322265625,-0.109130859375,-0.10858154296875,-0.019775390625,4.64e-07,0.4304136078933189,0.4949951171875,0.1997119140625,-0.0230712890625,0.4769287109375,0.2,0.00051171875,0.0,0.0061845703125,0.0,3
986,98.60144372099967,7363.42357412,98599408,0,1,none,-0.1044921875,-0.110107421875,-0.1072998046875,-0.0191650390625,4.56e-07,0.4387699595668859,0.4949951171875,0.2000791015625,-0.0205078125,0.4794921875,0.2,-0.0003896484375,0.0,0.0061484375,0.0,16
987,98.70144694400005,7363.523573456,98699408,0,1,none,-0.107421875,-0.109375,-0.1083984375,-0.0194091796875,4.64e-07,0.430731411637931,0.4964599609375,0.199859375,-0.0224609375,0.4775390625,0.2,0.00062890625,0.0,0.0061103515625000005,0.0,3
988,98.80146272500042,7363.623578784,98799414,0,1,none,-0.105224609375,-0.1112060546875,-0.10821533203125,-0.01953125,4.56e-07,0.4357952987938596,0.4935302734375,0.19872265625,-0.020263671875,0.479736328125,0.2,0.00022949218750000001,-0.000302734375,0.0060703125,0.0,3
989,98.9014690619997,7363.72358112,98899417,0,1,none,-0.107666015625,-0.109619140625,-0.108642578125,-0.02001953125,4.64e-07,0.43060092268318956,0.499267578125,0.199798828125,-0.0224609375,0.4775390625,0.2,0.0004443359375,0.0,0.0060361328125,0.0,3
990,99.00146436199975,7363.823583448,98999420,0,1,none,-0.1046142578125,-0.111572265625,-0.10809326171875,-0.0185546875,4.56e-07,0.43811463473135964,0.491943359375,0.19978027343750002,-0.0196533203125,0.4803466796875,0.2,-0.0008779296875,-0.0004150390625,0.006001953125,0.0,16
991,99.10145160400043,7363.923578784,99099416,0,1,none,-0.109619140625,-0.1097412109375,-0.10968017578125,-0.0220947265625,4.64e-07,0.43077560950969823,0.497802734375,0.1998798828125,-0.0220947265625,0.4779052734375,0.2,0.00046191406250000003,0.0,0.0059755859375,0.0,3
992,99.2014479239997,7364.023580112,99199418,0,1,none,-0.10400390625,-0.1112060546875,-0.10760498046875,-0.019287109375,4.56e-07,0.4365084464089912,0.492919921875,0.19904785156250002,-0.0198974609375,0.4801025390625,0.2,-0.0003583984375,0.0,0.0059648437500000005,0.0,16
993,99.30144809900048,7364.123579448,99299418,0,1,none,-0.1072998046875,-0.1094970703125,-0.1083984375,-0.019775390625,4.64e-07,0.43136701912715514,0.4959716796875,0.200154296875,-0.02197265625,0.47802734375,0.2,0.00028125000000000003,0.0,0.0059384765625,0.0,3
994,99.40145259400015,7364.223583776,99399423,0,1,none,-0.1041259765625,-0.1104736328125,-0.1072998046875,-0.0185546875,4.56e-07,0.43743575246710525,0.494140625,0.199470703125,-0.0194091796875,0.4805908203125,0.2,-0.00035546875,-0.000248046875,0.005916015625,0.0,16
995,99.50144634000026,7364.323582112,99499422,0,1,none,-0.1080322265625,-0.11083984375,-0.10943603515625,-0.020263671875,4.64e-07,0.43125757677801724,0.496826171875,0.200103515625,-0.021728515625,0.478271484375,0.2,0.00078515625,0.0,0.005900390625,0.0,3
996,99.60144271700028,7364.42358144,99599422,0,1,none,-0.1036376953125,-0.110107421875,-0.10687255859375,-0.0191650390625,4.56e-07,0.43670975534539475,0.494140625,0.1991396484375,-0.0194091796875,0.4805908203125,0.2,-0.0004208984375,0.0,0.0058916015625,0.0,3
997,99.70145516499997,7364.523587776,99699429,0,1,none,-0.1058349609375,-0.110107421875,-0.10797119140625,-0.0186767578125,4.64e-07,0.43039256128771547,0.49560546875,0.1997021484375,-0.0216064453125,0.4783935546875,0.2,-0.0003017578125,0.0,0.005892578125,0.0,3
998,99.80145113399976,7364.623589104,99799431,0,1,none,-0.107177734375,-0.1102294921875,-0.10870361328125,-0.0186767578125,4.64e-07,0.43181531182650856,0.493408203125,0.2003623046875,-0.0228271484375,0.4771728515625,0.2,-0.0009638671875,-0.0004287109375,0.0058779296875,0.0,3
999,99.90145869200023,7364.72358844,99899431,0,1,none,-0.107177734375,-0.11083984375,-0.1090087890625,-0.0203857421875,4.64e-07,0.4302347117456896,0.4962158203125,0.19962890625000002,-0.021484375,0.478515625,0.2,-0.000291015625,0.00034375,0.005865234375,0.0,3
