sample_index,host_elapsed_s,pulse_fpga_time_s,group_id,pulse_id,valid,invalid_reason,baseline_pre_v,baseline_post_v,baseline_for_area_v,threshold_v,pulse_duration_s,pulse_height_v,peak_height_v,pulse_area_v_us,correction_active_v,effective_high_v,live_target_area_v_us,live_area_error_v_us,live_p_term_v_us,live_i_term_v_us,live_d_term_v_us,live_pid_latency_cycles
0,0.004328271000304085,7064.92557328,230,0,1,none,-0.108154296875,-0.10986328125,-0.1090087890625,-0.0201416015625,4.64e-07,0.42958016231142243,0.4910888671875,0.1993251953125,0.0,0.5,0.16,0.039590820312500004,0.0,0.0,0.0,1
1,0.1014803629996095,7065.022734632,97392,0,1,none,-0.1085205078125,-0.111083984375,-0.10980224609375,-0.02001953125,4.64e-07,0.431884765625,0.493896484375,0.20039453125,0.0,0.5,0.16,0.0379853515625,0.0,0.0,0.0,1
2,0.20147292999990896,7065.122732968,197391,0,1,none,-0.108154296875,-0.109619140625,-0.10888671875,-0.0198974609375,4.64e-07,0.42878460061961204,0.49365234375,0.1989560546875,0.0,0.5,0.16,0.039596679687500004,0.0,0.0,0.0,1
3,0.30146928900012426,7065.222729304,297388,0,1,none,-0.107666015625,-0.10986328125,-0.1087646484375,-0.019775390625,4.64e-07,0.4302978515625,0.4991455078125,0.19965820312500002,0.0,0.5,0.16,0.040017578125,0.0,0.0,0.0,1
4,0.40147198399972694,7065.32273764,397397,0,1,none,-0.1083984375,-0.1097412109375,-0.10906982421875,-0.0203857421875,4.64e-07,0.42938232421875,0.4969482421875,0.19923339843750001,0.0,0.5,0.16,0.0394873046875,0.0,0.0,0.0,1
5,0.5014601350003431,7065.422735976,497396,0,1,none,-0.1075439453125,-0.1087646484375,-0.108154296875,-0.0201416015625,4.64e-07,0.42895928744612066,0.494873046875,0.199037109375,0.0,0.5,0.16,0.039531250000000004,0.0,0.0,0.0,1
6,0.601566719999937,7065.522734312,597395,0,1,none,-0.106201171875,-0.1097412109375,-0.10797119140625,-0.01953125,4.64e-07,0.42974432583512934,0.4876708984375,0.1994013671875,0.0,0.5,0.16,0.0392548828125,0.0,0.0,0.0,1
7,0.7014676759999929,7065.622738648,697400,0,1,none,-0.105712890625,-0.1099853515625,-0.10784912109375,-0.0194091796875,4.64e-07,0.4304893756734913,0.4937744140625,0.1997470703125,0.0,0.5,0.16,0.0395244140625,0.0,0.0,0.0,1
8,0.8014770970003156,7065.722741976,797404,0,1,none,-0.10546875,-0.1109619140625,-0.10821533203125,-0.0194091796875,4.56e-07,0.4360030324835526,0.4912109375,0.1988173828125,0.0,0.5,0.16,0.038109375,0.0,0.0,0.0,1
9,0.9014680560003399,7065.822740312,897403,0,1,none,-0.1048583984375,-0.1109619140625,-0.10791015625,-0.01953125,4.56e-07,0.4353905393366228,0.4903564453125,0.1985380859375,0.0,0.5,0.16,0.0382939453125,0.0,0.0,0.0,1
10,1.0014667730001747,7065.922738648,997402,0,1,none,-0.10791015625,-0.110595703125,-0.1092529296875,-0.0196533203125,4.64e-07,0.4300642342403017,0.4906005859375,0.1995498046875,0.0,0.5,0.16,0.0382001953125,0.0,0.0,0.0,1
11,1.1014579570000933,7066.022735984,1097400,0,1,none,-0.1085205078125,-0.10986328125,-0.10919189453125,-0.019775390625,4.64e-07,0.4313228212553879,0.49658203125,0.2001337890625,0.0,0.5,0.16,0.038615234375,0.0,0.0,0.0,1
12,1.2014658030002465,7066.12274132,1197406,0,1,none,-0.1085205078125,-0.1112060546875,-0.10986328125,-0.0205078125,4.64e-07,0.4325919315732758,0.498291015625,0.20072265625,0.0,0.5,0.16,0.038316406250000004,0.0,0.0,0.0,1
13,1.3014544159996149,7066.222740656,1297406,0,1,none,-0.1077880859375,-0.1099853515625,-0.10888671875,-0.01953125,4.64e-07,0.4315374966325431,0.4957275390625,0.20023339843750002,0.0,0.5,0.16,0.03968359375,0.0,0.0,0.0,1
14,1.4014627839997047,7066.322740992,1397407,0,1,none,-0.1080322265625,-0.110595703125,-0.10931396484375,-0.0203857421875,4.64e-07,0.4322530812230603,0.5010986328125,0.2005654296875,0.0,0.5,0.16,0.040022460937500004,0.0,0.0,0.0,1
15,1.5014569710001524,7066.422740328,1497407,0,1,none,-0.10791015625,-0.10986328125,-0.10888671875,-0.0203857421875,4.64e-07,0.4325750942887931,0.4952392578125,0.20071484375,0.0,0.5,0.16,0.040257812500000004,0.0,0.0,0.0,1
16,1.6014580849996491,7066.522744664,1597412,0,1,none,-0.107666015625,-0.110595703125,-0.109130859375,-0.0206298828125,4.64e-07,0.4312407394935344,0.4906005859375,0.200095703125,0.0,0.5,0.16,0.040498046875,0.0,0.0,0.0,1
17,1.7014687029995912,7066.622745,1697413,0,1,none,-0.1060791015625,-0.1103515625,-0.10821533203125,-0.01953125,4.64e-07,0.43072720231681033,0.49365234375,0.199857421875,0.0,0.5,0.16,0.040130859375,0.0,0.0,0.0,1
18,1.8014655899996797,7066.722749336,1797418,0,1,none,-0.1063232421875,-0.1097412109375,-0.1080322265625,-0.0201416015625,4.64e-07,0.4299863617995689,0.489501953125,0.199513671875,0.0,0.5,0.16,0.040296875,0.0,0.0,0.0,1
19,1.9014625310001065,7066.822747664,1897417,0,1,none,-0.105712890625,-0.11083984375,-0.1082763671875,-0.02001953125,4.56e-07,0.43759851288377194,0.4912109375,0.199544921875,0.0,0.5,0.16,0.039830078125,0.0,0.0,0.0,1
20,2.00146064799992,7066.922748,1997418,0,1,none,-0.1048583984375,-0.1094970703125,-0.107177734375,-0.0194091796875,4.56e-07,0.4366797731633772,0.4942626953125,0.1991259765625,0.0,0.5,0.16,0.039962890625000004,0.0,0.0,0.0,1
21,2.1014582489997338,7067.022749336,2097420,0,1,none,-0.104736328125,-0.1114501953125,-0.10809326171875,-0.0201416015625,4.56e-07,0.43671403851425433,0.489013671875,0.1991416015625,0.0,0.5,0.16,0.0388212890625,0.0,0.0,0.0,1
22,2.201461304000077,7067.122750672,2197422,0,1,none,-0.1021728515625,-0.11083984375,-0.10650634765625,-0.017822265625,4.56e-07,0.4363949424342105,0.4921875,0.19899609375,0.0,0.5,0.16,0.03920703125,0.0,0.0,0.0,1
23,2.3014526169999954,7067.222748008,2297420,0,1,none,-0.1107177734375,-0.110595703125,-0.11065673828125,-0.0213623046875,4.64e-07,0.43393049568965514,0.5032958984375,0.20134375000000002,0.0,0.5,0.16,0.0390205078125,0.0,0.0,0.0,1
24,2.4014597730001697,7067.322752344,2397425,0,1,none,-0.109375,-0.109619140625,-0.1094970703125,-0.0211181640625,4.64e-07,0.43206787109374994,0.499267578125,0.2004794921875,0.0,0.5,0.16,0.0390595703125,0.0,0.0,0.0,1
25,2.5014600590002374,7067.42275568,2497429,0,1,none,-0.1070556640625,-0.1094970703125,-0.1082763671875,-0.0184326171875,4.64e-07,0.43174375336745685,0.4957275390625,0.2003291015625,0.0,0.5,0.16,0.040759765625,0.0,0.0,0.0,1
26,2.601586924000003,7067.522755016,2597429,0,1,none,-0.1082763671875,-0.111083984375,-0.10968017578125,-0.0203857421875,4.64e-07,0.43442088160021547,0.4976806640625,0.2015712890625,0.0,0.5,0.16,0.0407197265625,0.0,0.0,0.0,1
27,2.7014712930003952,7067.622759352,2697434,0,1,none,-0.106689453125,-0.109619140625,-0.108154296875,-0.018798828125,4.64e-07,0.43236462823275856,0.505615234375,0.20061718750000002,0.0,0.5,0.16,0.0409658203125,0.0,0.0,0.0,1
28,2.801466949999849,7067.722765688,2797441,0,1,none,-0.1087646484375,-0.110107421875,-0.10943603515625,-0.021728515625,4.64e-07,0.4312702047413793,0.500244140625,0.200109375,0.0,0.5,0.16,0.0410576171875,0.0,0.0,0.0,1
29,2.901460338999641,7067.822760024,2897436,0,1,none,-0.1063232421875,-0.10888671875,-0.10760498046875,-0.0191650390625,4.64e-07,0.4324972218480603,0.49365234375,0.2006787109375,0.0,0.5,0.16,0.041228515625,0.0,0.0,0.0,1
30,3.001467035999667,7067.92276136,2997438,0,1,none,-0.1082763671875,-0.109619140625,-0.10894775390625,-0.0218505859375,4.64e-07,0.43391365840517243,0.4957275390625,0.2013359375,0.0,0.5,0.16,0.040947265625,0.0,0.0,0.0,1
31,3.10146505099965,7068.022759696,3097437,0,1,none,-0.1070556640625,-0.111328125,-0.10919189453125,-0.0206298828125,4.64e-07,0.43401468211206895,0.4932861328125,0.2013828125,0.0,0.5,0.16,0.0407685546875,0.0,0.0,0.0,1
32,3.201462664000246,7068.122766024,3197444,0,1,none,-0.103759765625,-0.111328125,-0.1075439453125,-0.0184326171875,4.56e-07,0.43669262266995607,0.4930419921875,0.1991318359375,0.0,0.5,0.16,0.03992578125,0.0,0.0,0.0,1
33,3.3014621640004407,7068.22276436,3297443,0,1,none,-0.1041259765625,-0.1109619140625,-0.1075439453125,-0.0185546875,4.56e-07,0.4373757881030702,0.491455078125,0.19944335937500002,0.0,0.5,0.16,0.040181640625,0.0,0.0,0.0,1
34,3.401468095999917,7068.322766696,3397446,0,1,none,-0.103271484375,-0.1102294921875,-0.10675048828125,-0.0181884765625,4.56e-07,0.4379368832236842,0.4954833984375,0.19969921875,0.0,0.5,0.16,0.0404794921875,0.0,0.0,0.0,1
35,3.501462459999857,7068.422767032,3497447,0,1,none,-0.1024169921875,-0.1107177734375,-0.1065673828125,-0.017822265625,4.56e-07,0.43808679413377194,0.493408203125,0.199767578125,0.0,0.5,0.16,0.0397763671875,0.0,0.0,0.0,1
36,3.601496430000225,7068.522769368,3597450,0,1,none,-0.1092529296875,-0.1112060546875,-0.1102294921875,-0.0206298828125,4.64e-07,0.4322678138469827,0.4991455078125,0.200572265625,0.0,0.5,0.16,0.039822265625,0.0,0.0,0.0,1
37,3.7014739010000994,7068.622767704,3697449,0,1,none,-0.1094970703125,-0.1099853515625,-0.1097412109375,-0.0213623046875,4.64e-07,0.4346692315463362,0.49951171875,0.20168652343750001,0.0,0.5,0.16,0.0411220703125,0.0,0.0,0.0,1
38,3.8014637830001448,7068.72277004,3797452,0,1,none,-0.1072998046875,-0.1104736328125,-0.10888671875,-0.0184326171875,4.64e-07,0.43534693224676724,0.497802734375,0.20200097656250002,0.0,0.5,0.16,0.042013671875,0.0,0.0,0.0,1
39,3.9014674649997687,7068.822770376,3897453,0,1,none,-0.10888671875,-0.110595703125,-0.1097412109375,-0.0206298828125,4.64e-07,0.43437247440732757,0.498291015625,0.201548828125,0.0,0.5,0.16,0.0418427734375,0.0,0.0,0.0,1
40,4.001456885000152,7068.922771712,3997455,0,1,none,-0.1072998046875,-0.110107421875,-0.10870361328125,-0.0196533203125,4.64e-07,0.4318510910560345,0.4976806640625,0.20037890625000002,0.0,0.5,0.16,0.0409169921875,0.0,0.0,0.0,1
41,4.101462315999925,7069.022772048,4097456,0,1,none,-0.108154296875,-0.110107421875,-0.109130859375,-0.0206298828125,4.64e-07,0.43420620622306033,0.498046875,0.20147167968750002,0.0,0.5,0.16,0.041481445312500004,0.0,0.0,0.0,1
42,4.201458726000055,7069.122773384,4197458,0,1,none,-0.10595703125,-0.110595703125,-0.1082763671875,-0.0191650390625,4.64e-07,0.43325910897090514,0.494384765625,0.2010322265625,0.0,0.5,0.16,0.04115234375,0.0,0.0,0.0,1
43,4.301453263999974,7069.22277272,4297458,0,1,none,-0.1075439453125,-0.1097412109375,-0.108642578125,-0.0205078125,4.64e-07,0.43287395608836204,0.4962158203125,0.200853515625,0.0,0.5,0.16,0.040875,0.0,0.0,0.0,1
44,4.4014572940004655,7069.322776048,4397462,0,1,none,-0.10595703125,-0.1104736328125,-0.10821533203125,-0.0196533203125,4.56e-07,0.43795829906798245,0.490234375,0.199708984375,0.0,0.5,0.16,0.0407275390625,0.0,0.0,0.0,1
45,4.501453341000342,7069.422777384,4497464,0,1,none,-0.1048583984375,-0.110595703125,-0.10772705078125,-0.0186767578125,4.56e-07,0.43924753289473684,0.4957275390625,0.200296875,0.0,0.5,0.16,0.0401826171875,0.0,0.0,0.0,1
46,4.601466631999756,7069.52278072,4597468,0,1,none,-0.1070556640625,-0.1112060546875,-0.109130859375,-0.0208740234375,4.56e-07,0.4393953022203947,0.4940185546875,0.2003642578125,0.0,0.5,0.16,0.0404169921875,0.0,0.0,0.0,1
47,4.701487735000228,7069.622782056,4697470,0,1,none,-0.10595703125,-0.1121826171875,-0.10906982421875,-0.0203857421875,4.56e-07,0.4397315309758772,0.497314453125,0.200517578125,0.0,0.5,0.16,0.03980078125,0.0,0.0,0.0,1
48,4.80147335699985,7069.722782392,4797471,0,1,none,-0.104248046875,-0.11181640625,-0.1080322265625,-0.0189208984375,4.56e-07,0.43890059621710525,0.4991455078125,0.200138671875,0.0,0.5,0.16,0.040185546875,0.0,0.0,0.0,1
49,4.901472448000277,7069.822782728,4897472,0,1,none,-0.110107421875,-0.111572265625,-0.11083984375,-0.0213623046875,4.64e-07,0.4351932920258621,0.4945068359375,0.2019296875,0.0,0.5,0.16,0.0403974609375,0.0,0.0,0.0,1
50,5.001457712999581,7069.922782064,4997472,0,1,none,-0.103271484375,-0.1109619140625,-0.10711669921875,-0.018310546875,4.56e-07,0.4374528851425438,0.49169921875,0.199478515625,0.0,0.5,0.16,0.0402197265625,0.0,0.0,0.0,1
51,5.101498228999844,7070.0227934,5097484,0,1,none,-0.1041259765625,-0.1085205078125,-0.1063232421875,-0.01953125,4.56e-07,0.43807394462719296,0.49609375,0.19976171875,0.0,0.5,0.16,0.04030078125,0.0,0.0,0.0,1
52,5.201483503000418,7070.122788736,5197480,0,1,none,-0.1082763671875,-0.1103515625,-0.10931396484375,-0.0198974609375,4.64e-07,0.4345576845366379,0.5010986328125,0.20163476562500002,0.0,0.5,0.16,0.0406181640625,0.0,0.0,0.0,1
53,5.301461981999637,7070.222786072,5297478,0,1,none,-0.10791015625,-0.1102294921875,-0.10906982421875,-0.02001953125,4.64e-07,0.4348565463362069,0.498046875,0.2017734375,0.0,0.5,0.16,0.040390625,0.0,0.0,0.0,1
54,5.401469989999896,7070.322786408,5397479,0,1,none,-0.108154296875,-0.1119384765625,-0.11004638671875,-0.0201416015625,4.64e-07,0.43566052667025856,0.4979248046875,0.202146484375,0.0,0.5,0.16,0.0420625,0.0,0.0,0.0,1
55,5.501462221000111,7070.422785744,5497479,0,1,none,-0.1080322265625,-0.11181640625,-0.10992431640625,-0.019775390625,4.64e-07,0.434149380387931,0.504150390625,0.2014453125,0.0,0.5,0.16,0.040978515625,0.0,0.0,0.0,1
56,5.601465335999819,7070.52279408,5597488,0,1,none,-0.108154296875,-0.1102294921875,-0.10919189453125,-0.0201416015625,4.64e-07,0.4338420999461207,0.498779296875,0.20130273437500001,0.0,0.5,0.16,0.04189453125,0.0,0.0,0.0,1
57,5.701473260000057,7070.622791416,5697486,0,1,none,-0.1072998046875,-0.1102294921875,-0.1087646484375,-0.020263671875,4.64e-07,0.43336013267780166,0.4974365234375,0.2010791015625,0.0,0.5,0.16,0.041337890625,0.0,0.0,0.0,1
58,5.801468122000188,7070.722797752,5797493,0,1,none,-0.10888671875,-0.109619140625,-0.1092529296875,-0.02099609375,4.64e-07,0.4338084253771551,0.4942626953125,0.201287109375,0.0,0.5,0.16,0.0411669921875,0.0,0.0,0.0,1
59,5.901468359999853,7070.822793088,5897489,0,1,none,-0.1072998046875,-0.109619140625,-0.10845947265625,-0.0198974609375,4.64e-07,0.4343893116918103,0.497802734375,0.201556640625,0.0,0.5,0.16,0.041796875000000004,0.0,0.0,0.0,1
60,6.0014678690004075,7070.922794424,5997491,0,1,none,-0.106201171875,-0.1099853515625,-0.10809326171875,-0.0194091796875,4.64e-07,0.43286343278556033,0.4923095703125,0.2008486328125,0.0,0.5,0.16,0.0419375,0.0,0.0,0.0,1
61,6.101463642999988,7071.022794752,6097492,0,1,none,-0.1055908203125,-0.1097412109375,-0.107666015625,-0.0189208984375,4.56e-07,0.4393439041940789,0.49951171875,0.2003408203125,0.0,0.5,0.16,0.04066015625,0.0,0.0,0.0,1
62,6.201471008999761,7071.122796088,6197494,0,1,none,-0.106689453125,-0.112548828125,-0.109619140625,-0.02099609375,4.56e-07,0.44004206071820173,0.494384765625,0.2006591796875,0.0,0.5,0.16,0.0413310546875,0.0,0.0,0.0,1
63,6.301501058000213,7071.222808424,6297507,0,1,none,-0.105224609375,-0.1114501953125,-0.10833740234375,-0.0194091796875,4.56e-07,0.4390355160361842,0.4964599609375,0.2002001953125,0.0,0.5,0.16,0.0405537109375,0.0,0.0,0.0,1
64,6.401474295999833,7071.32280276,6397502,0,1,none,-0.10693359375,-0.1102294921875,-0.10858154296875,-0.021484375,4.56e-07,0.43846585457785087,0.4996337890625,0.1999404296875,0.0,0.5,0.16,0.039869140625,0.0,0.0,0.0,1
65,6.50147407500026,7071.422799096,6497499,0,1,none,-0.1051025390625,-0.10888671875,-0.10699462890625,-0.020263671875,4.56e-07,0.43658982661732454,0.4906005859375,0.1990849609375,0.0,0.5,0.16,0.03986328125,0.0,0.0,0.0,1
66,6.601560500000232,7071.522800432,6597501,0,1,none,-0.1041259765625,-0.1097412109375,-0.10693359375,-0.0194091796875,4.56e-07,0.4359216522752193,0.49462890625,0.19878027343750002,0.0,0.5,0.16,0.0398818359375,0.0,0.0,0.0,1
67,6.701460346000204,7071.622800768,6697502,0,1,none,-0.1090087890625,-0.110595703125,-0.10980224609375,-0.0206298828125,4.64e-07,0.43466081290409475,0.4967041015625,0.2016826171875,0.0,0.5,0.16,0.0395859375,0.0,0.0,0.0,1
68,6.801462555000398,7071.722808104,6797510,0,1,none,-0.107421875,-0.1097412109375,-0.10858154296875,-0.0194091796875,4.64e-07,0.43319596915409475,0.4986572265625,0.2010029296875,0.0,0.5,0.16,0.0397578125,0.0,0.0,0.0,1
69,6.901461692000339,7071.82280244,6897505,0,1,none,-0.108154296875,-0.10986328125,-0.1090087890625,-0.0198974609375,4.64e-07,0.43370108768857757,0.4979248046875,0.2012373046875,0.0,0.5,0.16,0.039853515625,0.0,0.0,0.0,1
70,7.00145877399973,7071.922803776,6997507,0,1,none,-0.10888671875,-0.110107421875,-0.1094970703125,-0.020751953125,4.64e-07,0.43196895204741376,0.499267578125,0.20043359375,0.0,0.5,0.16,0.041458984375,0.0,0.0,0.0,1
71,7.101451133999944,7072.022802112,7097506,0,1,none,-0.1077880859375,-0.1099853515625,-0.10888671875,-0.0203857421875,4.64e-07,0.4323709422144396,0.4990234375,0.2006201171875,0.0,0.5,0.16,0.04120703125,0.0,0.0,0.0,1
72,7.201449803000287,7072.122806448,7197511,0,1,none,-0.107666015625,-0.1103515625,-0.1090087890625,-0.0198974609375,4.64e-07,0.43377054148706895,0.497802734375,0.20126953125,0.0,0.5,0.16,0.0414287109375,0.0,0.0,0.0,1
73,7.301463019000039,7072.222807784,7297513,0,1,none,-0.1068115234375,-0.1099853515625,-0.1083984375,-0.0194091796875,4.64e-07,0.4331286200161638,0.5,0.20097167968750002,0.0,0.5,0.16,0.0409189453125,0.0,0.0,0.0,1
74,7.401454431000275,7072.32280812,7397514,0,1,none,-0.1065673828125,-0.1099853515625,-0.1082763671875,-0.0194091796875,4.64e-07,0.43183635843211204,0.497802734375,0.2003720703125,0.0,0.5,0.16,0.041556640625,0.0,0.0,0.0,1
75,7.501465174999794,7072.422808448,7497515,0,1,none,-0.106689453125,-0.1102294921875,-0.10845947265625,-0.0201416015625,4.56e-07,0.43895413582785087,0.4964599609375,0.2001630859375,0.0,0.5,0.16,0.041482421875,0.0,0.0,0.0,1
76,7.601460232000136,7072.522815792,7597523,0,1,none,-0.1063232421875,-0.112060546875,-0.10919189453125,-0.020263671875,4.64e-07,0.43321280643857757,0.4930419921875,0.2010107421875,0.0,0.5,0.16,0.0417412109375,0.0,0.0,0.0,1
77,7.7014637490001405,7072.62281412,7697522,0,1,none,-0.1055908203125,-0.111083984375,-0.10833740234375,-0.0196533203125,4.56e-07,0.4388963130482456,0.500244140625,0.20013671875,0.0,0.5,0.16,0.041771484375,0.0,0.0,0.0,1
78,7.801463701999637,7072.722813456,7797522,0,1,none,-0.10595703125,-0.11083984375,-0.1083984375,-0.019775390625,4.56e-07,0.4393588952850877,0.4927978515625,0.20034765625,0.0,0.5,0.16,0.040916015625,0.0,0.0,0.0,1
79,7.901462091999747,7072.822814792,7897524,0,1,none,-0.1048583984375,-0.1104736328125,-0.107666015625,-0.01953125,4.56e-07,0.4381874486019737,0.493408203125,0.1998134765625,0.0,0.5,0.16,0.039654296875,0.0,0.0,0.0,1
80,8.001454803000343,7072.922821128,7997531,0,1,none,-0.103759765625,-0.1097412109375,-0.10675048828125,-0.019287109375,4.56e-07,0.4363456859923245,0.4921875,0.1989736328125,0.0,0.5,0.16,0.0407333984375,0.0,0.0,0.0,1
81,8.101459634000094,7073.022817464,8097528,0,1,none,-0.10791015625,-0.11083984375,-0.109375,-0.0186767578125,4.64e-07,0.43449664938038784,0.4981689453125,0.2016064453125,0.0,0.5,0.16,0.040158203125,0.0,0.0,0.0,1
82,8.20146774099976,7073.1228188,8197530,0,1,none,-0.1015625,-0.1085205078125,-0.10504150390625,-0.0169677734375,4.56e-07,0.4371230811403508,0.4925537109375,0.199328125,0.0,0.5,0.16,0.039560546875,0.0,0.0,0.0,1
83,8.301450038999974,7073.222819136,8297531,0,1,none,-0.1075439453125,-0.1109619140625,-0.1092529296875,-0.019287109375,4.64e-07,0.4337326575969827,0.49951171875,0.201251953125,0.0,0.5,0.16,0.039068359375,0.0,0.0,0.0,1
84,8.401453700000275,7073.322823472,8397536,0,1,none,-0.109375,-0.1099853515625,-0.10968017578125,-0.021484375,4.64e-07,0.4342461947737068,0.5037841796875,0.201490234375,0.0,0.5,0.16,0.0414521484375,0.0,0.0,0.0,1
85,8.501464369000132,7073.422821808,8497535,0,1,none,-0.10791015625,-0.1107177734375,-0.10931396484375,-0.0201416015625,4.64e-07,0.4351975013469827,0.49853515625,0.201931640625,0.0,0.5,0.16,0.0422470703125,0.0,0.0,0.0,1
86,8.601573707999705,7073.522824144,8597538,0,1,none,-0.1077880859375,-0.111083984375,-0.10943603515625,-0.0198974609375,4.64e-07,0.4350059772359913,0.5,0.2018427734375,0.0,0.5,0.16,0.041873046875,0.0,0.0,0.0,1
87,8.701464122000289,7073.62282548,8697540,0,1,none,-0.1077880859375,-0.1104736328125,-0.109130859375,-0.0198974609375,4.64e-07,0.435553188981681,0.498291015625,0.2020966796875,0.0,0.5,0.16,0.042125,0.0,0.0,0.0,1
88,8.801473815999998,7073.722829816,8797545,0,1,none,-0.10791015625,-0.109375,-0.108642578125,-0.0208740234375,4.64e-07,0.43433038119612066,0.49951171875,0.201529296875,0.0,0.5,0.16,0.041963867187500004,0.0,0.0,0.0,1
89,8.901466860000255,7073.822825152,8897541,0,1,none,-0.10791015625,-0.1109619140625,-0.10943603515625,-0.0206298828125,4.64e-07,0.4349070581896552,0.5008544921875,0.20179687500000001,0.0,0.5,0.16,0.041657226562500003,0.0,0.0,0.0,1
90,9.00145387700013,7073.922827488,8997544,0,1,none,-0.1075439453125,-0.1094970703125,-0.1085205078125,-0.020263671875,4.64e-07,0.4354121767241379,0.5008544921875,0.20203125,0.0,0.5,0.16,0.042163085937500004,0.0,0.0,0.0,1
91,9.10146658299982,7074.022827824,9097545,0,1,none,-0.106201171875,-0.1080322265625,-0.10711669921875,-0.01953125,4.64e-07,0.43305495689655166,0.4915771484375,0.2009375,0.0,0.5,0.16,0.04167578125,0.0,0.0,0.0,1
92,9.201456789000076,7074.122828152,9197546,0,1,none,-0.1053466796875,-0.10986328125,-0.10760498046875,-0.018798828125,4.56e-07,0.4402133874725877,0.5042724609375,0.2007373046875,0.0,0.5,0.16,0.0412958984375,0.0,0.0,0.0,1
93,9.301453619000313,7074.222830488,9297549,0,1,none,-0.1058349609375,-0.1102294921875,-0.1080322265625,-0.020263671875,4.56e-07,0.4402947676809211,0.4998779296875,0.20077441406250002,0.0,0.5,0.16,0.041189453125000004,0.0,0.0,0.0,1
94,9.40145820700036,7074.322833824,9397553,0,1,none,-0.1038818359375,-0.111083984375,-0.10748291015625,-0.0185546875,4.56e-07,0.44014271518640347,0.494384765625,0.200705078125,0.0,0.5,0.16,0.041513671875,0.0,0.0,0.0,1
95,9.501465614999688,7074.42283116,9497551,0,1,none,-0.106201171875,-0.110595703125,-0.1083984375,-0.020751953125,4.56e-07,0.4393439041940789,0.4981689453125,0.2003408203125,0.0,0.5,0.16,0.040623046875,0.0,0.0,0.0,1
96,9.601458097999966,7074.522838496,9597559,0,1,none,-0.10498046875,-0.1124267578125,-0.10870361328125,-0.0201416015625,4.56e-07,0.4387356942160088,0.4967041015625,0.2000634765625,0.0,0.5,0.16,0.04018359375,0.0,0.0,0.0,1
97,9.701464638999823,7074.622835832,9697557,0,1,none,-0.1025390625,-0.1099853515625,-0.10626220703125,-0.0181884765625,4.56e-07,0.4370438425164474,0.4967041015625,0.19929199218750002,0.0,0.5,0.16,0.0403310546875,0.0,0.0,0.0,1
98,9.801461289000144,7074.722837168,9797559,0,1,none,-0.10888671875,-0.1104736328125,-0.10968017578125,-0.020263671875,4.64e-07,0.434515591325431,0.4991455078125,0.201615234375,0.0,0.5,0.16,0.039840820312500004,0.0,0.0,0.0,1
99,9.901469159000044,7074.822837504,9897560,0,1,none,-0.1087646484375,-0.1109619140625,-0.10986328125,-0.0205078125,4.64e-07,0.4359004579741379,0.4991455078125,0.2022578125,0.0,0.5,0.16,0.040267578125,0.0,0.0,0.0,1
100,10.001452741000321,7074.92283984,9997563,0,1,none,-0.1080322265625,-0.110595703125,-0.10931396484375,-0.019775390625,4.64e-07,0.43293920056573276,0.501220703125,0.2008837890625,0.0,0.5,0.16,0.041597656250000004,0.0,0.0,0.0,1
101,10.10145917400041,7075.022841176,10097565,0,1,none,-0.1077880859375,-0.1099853515625,-0.10888671875,-0.0198974609375,4.64e-07,0.43298339843749994,0.5028076171875,0.200904296875,0.0,0.5,0.16,0.041275390625,0.0,0.0,0.0,1
102,10.20150434900006,7075.122850512,10197575,0,1,none,-0.105712890625,-0.11083984375,-0.1082763671875,-0.0184326171875,4.64e-07,0.43346115638469823,0.49169921875,0.2011259765625,0.0,0.5,0.16,0.040615234375,0.0,0.0,0.0,1
103,10.301469889000145,7075.222844848,10297570,0,1,none,-0.10791015625,-0.1104736328125,-0.10919189453125,-0.0203857421875,4.64e-07,0.4336147966056034,0.502197265625,0.201197265625,0.0,0.5,0.16,0.0423291015625,0.0,0.0,0.0,1
104,10.401470280000467,7075.322844184,10397570,0,1,none,-0.10791015625,-0.110107421875,-0.1090087890625,-0.0203857421875,4.64e-07,0.4321436388739224,0.4990234375,0.2005146484375,0.0,0.5,0.16,0.0407158203125,0.0,0.0,0.0,1
105,10.501559326999995,7075.42288152,10497608,0,1,none,-0.106201171875,-0.1099853515625,-0.10809326171875,-0.02001953125,4.64e-07,0.43348220299030166,0.4981689453125,0.2011357421875,0.0,0.5,0.16,0.0415302734375,0.0,0.0,0.0,1
106,10.601497425999696,7075.522850848,10597578,0,1,none,-0.1058349609375,-0.111083984375,-0.10845947265625,-0.019287109375,4.56e-07,0.4393995853892544,0.49609375,0.2003662109375,0.0,0.5,0.16,0.041697265625,0.0,0.0,0.0,1
107,10.70147672100029,7075.622850184,10697578,0,1,none,-0.1068115234375,-0.1116943359375,-0.1092529296875,-0.0206298828125,4.56e-07,0.44052605879934204,0.4990234375,0.2008798828125,0.0,0.5,0.16,0.0417021484375,0.0,0.0,0.0,1
108,10.801469216000442,7075.72285352,10797582,0,1,none,-0.1064453125,-0.1114501953125,-0.10894775390625,-0.020263671875,4.56e-07,0.4389305783991228,0.494873046875,0.20015234375000002,0.0,0.5,0.16,0.0414912109375,0.0,0.0,0.0,1
109,10.901475268000468,7075.822856856,10897586,0,1,none,-0.105712890625,-0.1123046875,-0.1090087890625,-0.0201416015625,4.56e-07,0.4404853686951754,0.4942626953125,0.20086132812500002,0.0,0.5,0.16,0.040198242187500004,0.0,0.0,0.0,1
110,11.001488210999923,7075.922859192,10997589,0,1,none,-0.106201171875,-0.111083984375,-0.108642578125,-0.021240234375,4.56e-07,0.43953236362390347,0.4962158203125,0.2004267578125,0.0,0.5,0.16,0.040130859375,0.0,0.0,0.0,1
111,11.101480385000286,7076.022854528,11097585,0,1,none,-0.1077880859375,-0.110107421875,-0.10894775390625,-0.019287109375,4.64e-07,0.43461240571120685,0.499267578125,0.20166015625,0.0,0.5,0.16,0.040123046875,0.0,0.0,0.0,1
112,11.201464531000056,7076.122854864,11197586,0,1,none,-0.103759765625,-0.11083984375,-0.1072998046875,-0.019287109375,4.56e-07,0.43973367256030704,0.495849609375,0.20051855468750002,0.0,0.5,0.16,0.0402861328125,0.0,0.0,0.0,1
113,11.301464189999933,7076.2228532,11297585,0,1,none,-0.109619140625,-0.1082763671875,-0.10894775390625,-0.02099609375,4.64e-07,0.43608145878232757,0.5035400390625,0.202341796875,0.0,0.5,0.16,0.040084960937500004,0.0,0.0,0.0,1
114,11.401462529000128,7076.322855536,11397588,0,1,none,-0.107421875,-0.110595703125,-0.1090087890625,-0.019287109375,4.64e-07,0.43460819639008613,0.502685546875,0.201658203125,0.0,0.5,0.16,0.0401962890625,0.0,0.0,0.0,1
115,11.501458423000258,7076.422852872,11497586,0,1,none,-0.1094970703125,-0.1121826171875,-0.11083984375,-0.0213623046875,4.64e-07,0.43483129040948276,0.501708984375,0.20176171875,0.0,0.5,0.16,0.0425224609375,0.0,0.0,0.0,1
116,11.601461502000348,7076.522859208,11597593,0,1,none,-0.107421875,-0.1092529296875,-0.10833740234375,-0.019775390625,4.64e-07,0.4321604761584052,0.4986572265625,0.2005224609375,0.0,0.5,0.16,0.0419580078125,0.0,0.0,0.0,1
117,11.701466491999781,7076.622856544,11697591,0,1,none,-0.108642578125,-0.1090087890625,-0.10882568359375,-0.020751953125,4.64e-07,0.4346418709590517,0.501220703125,0.201673828125,0.0,0.5,0.16,0.041666015625000004,0.0,0.0,0.0,1
118,11.801462931999595,7076.72285788,11797593,0,1,none,-0.1072998046875,-0.110107421875,-0.10870361328125,-0.02001953125,4.64e-07,0.4338336813038792,0.4964599609375,0.201298828125,0.0,0.5,0.16,0.0423076171875,0.0,0.0,0.0,1
119,11.901457799999662,7076.822857216,11897593,0,1,none,-0.105224609375,-0.1114501953125,-0.10833740234375,-0.018310546875,4.64e-07,0.4332548996497845,0.4954833984375,0.20103027343750002,0.0,0.5,0.16,0.0413251953125,0.0,0.0,0.0,1
120,12.001456250000047,7076.922860552,11997597,0,1,none,-0.1044921875,-0.1090087890625,-0.10675048828125,-0.017822265625,4.64e-07,0.4336632037984914,0.494873046875,0.2012197265625,0.0,0.5,0.16,0.0409599609375,0.0,0.0,0.0,1
121,12.101465904999714,7077.02286188,12097599,0,1,none,-0.1077880859375,-0.111083984375,-0.10943603515625,-0.021728515625,4.56e-07,0.44189238966557015,0.495849609375,0.2015029296875,0.0,0.5,0.16,0.04204296875,0.0,0.0,0.0,1
122,12.201457242000288,7077.122862216,12197600,0,1,none,-0.1060791015625,-0.111572265625,-0.10882568359375,-0.0201416015625,4.56e-07,0.4413441440515351,0.5003662109375,0.2012529296875,0.0,0.5,0.16,0.041493164062500004,0.0,0.0,0.0,1
123,12.301460753000356,7077.222864552,12297603,0,1,none,-0.106201171875,-0.111572265625,-0.10888671875,-0.0206298828125,4.56e-07,0.44078090734649117,0.4964599609375,0.20099609375,0.0,0.5,0.16,0.040504882812500004,0.0,0.0,0.0,1
124,12.401467818999663,7077.322862888,12397602,0,1,none,-0.103271484375,-0.11083984375,-0.1070556640625,-0.018798828125,4.56e-07,0.4402797765899123,0.4986572265625,0.200767578125,0.0,0.5,0.16,0.04096484375,0.0,0.0,0.0,1
125,12.501460262000364,7077.422864224,12497604,0,1,none,-0.1043701171875,-0.1104736328125,-0.107421875,-0.01953125,4.56e-07,0.4402476528234649,0.4935302734375,0.2007529296875,0.0,0.5,0.16,0.0415087890625,0.0,0.0,0.0,1
126,12.601558864000253,7077.52286556,12597606,0,1,none,-0.103515625,-0.111572265625,-0.1075439453125,-0.01904296875,4.56e-07,0.4408558628015351,0.4989013671875,0.20103027343750002,0.0,0.5,0.16,0.0413955078125,0.0,0.0,0.0,1
127,12.701466638999591,7077.622868896,12697610,0,1,none,-0.109375,-0.1119384765625,-0.11065673828125,-0.02099609375,4.64e-07,0.4367507408405172,0.502685546875,0.20265234375,0.0,0.5,0.16,0.040888671875,0.0,0.0,0.0,1
128,12.801473921000252,7077.722869232,12797611,0,1,none,-0.1083984375,-0.1112060546875,-0.10980224609375,-0.0201416015625,4.64e-07,0.43735477842133613,0.5050048828125,0.2029326171875,0.0,0.5,0.16,0.0434013671875,0.0,0.0,0.0,1
129,12.901452109000275,7077.822870568,12897613,0,1,none,-0.108642578125,-0.1116943359375,-0.11016845703125,-0.0203857421875,4.64e-07,0.43721166150323276,0.501220703125,0.2028662109375,0.0,0.5,0.16,0.043203125,0.0,0.0,0.0,1
130,13.001476407000155,7077.922877904,12997621,0,1,none,-0.109619140625,-0.111328125,-0.1104736328125,-0.02197265625,4.64e-07,0.43789567618534475,0.498779296875,0.20318359375,0.0,0.5,0.16,0.043366210937500003,0.0,0.0,0.0,1
131,13.101465433999692,7078.02287124,13097615,0,1,none,-0.10791015625,-0.1114501953125,-0.10968017578125,-0.0201416015625,4.64e-07,0.4377083613954741,0.5067138671875,0.2030966796875,0.0,0.5,0.16,0.0432939453125,0.0,0.0,0.0,1
132,13.2014514399998,7078.122875576,13197620,0,1,none,-0.107177734375,-0.1099853515625,-0.10858154296875,-0.02001953125,4.64e-07,0.4358310041756465,0.50439453125,0.2022255859375,0.0,0.5,0.16,0.0426533203125,0.0,0.0,0.0,1
133,13.301464809000208,7078.222873912,13297619,0,1,none,-0.106201171875,-0.1114501953125,-0.10882568359375,-0.0196533203125,4.64e-07,0.4363803205818965,0.503662109375,0.20248046875,0.0,0.5,0.16,0.042951171875,0.0,0.0,0.0,1
134,13.40145429200038,7078.32287524,13397621,0,1,none,-0.1063232421875,-0.1104736328125,-0.1083984375,-0.0196533203125,4.56e-07,0.44175104509320173,0.49951171875,0.2014384765625,0.0,0.5,0.16,0.0425458984375,0.0,0.0,0.0,1
135,13.50145191699994,7078.422875576,13497622,0,1,none,-0.10595703125,-0.11181640625,-0.10888671875,-0.0196533203125,4.56e-07,0.4421172560307018,0.5015869140625,0.20160546875000002,0.0,0.5,0.16,0.042347656250000004,0.0,0.0,0.0,1
136,13.60146328799965,7078.522881912,13597629,0,1,none,-0.1048583984375,-0.1107177734375,-0.1077880859375,-0.02001953125,4.56e-07,0.4422907243695175,0.4996337890625,0.2016845703125,0.0,0.5,0.16,0.0416435546875,0.0,0.0,0.0,1
137,13.70146788799957,7078.622879248,13697627,0,1,none,-0.10400390625,-0.11083984375,-0.107421875,-0.01904296875,4.56e-07,0.44324158785635964,0.500244140625,0.2021181640625,0.0,0.5,0.16,0.0415263671875,0.0,0.0,0.0,1
138,13.801457454999763,7078.722880584,13797629,0,1,none,-0.10498046875,-0.1116943359375,-0.10833740234375,-0.0203857421875,4.56e-07,0.4418859649122807,0.497314453125,0.2015,0.0,0.5,0.16,0.041642578125,0.0,0.0,0.0,1
139,13.901455928999894,7078.82288192,13897631,0,1,none,-0.1103515625,-0.1103515625,-0.1103515625,-0.021484375,4.64e-07,0.4369464742726293,0.5029296875,0.2027431640625,0.0,0.5,0.16,0.0413720703125,0.0,0.0,0.0,1
140,14.001457067000047,7078.922881256,13997631,0,1,none,-0.1085205078125,-0.1102294921875,-0.109375,-0.0201416015625,4.64e-07,0.43738003434806033,0.501708984375,0.2029443359375,0.0,0.5,0.16,0.041244140625,0.0,0.0,0.0,1
141,14.101461489999565,7079.022882592,14097633,0,1,none,-0.1094970703125,-0.1090087890625,-0.1092529296875,-0.0211181640625,4.64e-07,0.4370559166217672,0.5054931640625,0.2027939453125,0.0,0.5,0.16,0.0438193359375,0.0,0.0,0.0,1
142,14.20145645699995,7079.122884928,14197636,0,1,none,-0.1082763671875,-0.1104736328125,-0.109375,-0.0203857421875,4.64e-07,0.4366434031519396,0.4993896484375,0.2026025390625,0.0,0.5,0.16,0.042599609375,0.0,0.0,0.0,1
143,14.30146866799987,7079.222888264,14297640,0,1,none,-0.1082763671875,-0.1099853515625,-0.109130859375,-0.020263671875,4.64e-07,0.4370327653556034,0.505859375,0.202783203125,0.0,0.5,0.16,0.0428310546875,0.0,0.0,0.0,1
144,14.40146381500017,7079.3228916,14397644,0,1,none,-0.1080322265625,-0.1104736328125,-0.1092529296875,-0.020751953125,4.64e-07,0.43544795595366376,0.5054931640625,0.2020478515625,0.0,0.5,0.16,0.0422451171875,0.0,0.0,0.0,1
145,14.501465477999773,7079.422889936,14497643,0,1,none,-0.1058349609375,-0.111083984375,-0.10845947265625,-0.0185546875,4.64e-07,0.4363066574622845,0.496337890625,0.2024462890625,0.0,0.5,0.16,0.04284375,0.0,0.0,0.0,1
146,14.60155983200002,7079.522888264,14597642,0,1,none,-0.1055908203125,-0.1116943359375,-0.108642578125,-0.019287109375,4.56e-07,0.44112784402412275,0.497314453125,0.201154296875,0.0,0.5,0.16,0.0424150390625,0.0,0.0,0.0,1
147,14.701473963999888,7079.6228916,14697646,0,1,none,-0.105712890625,-0.1114501953125,-0.10858154296875,-0.0194091796875,4.56e-07,0.44211083127741224,0.498291015625,0.2016025390625,0.0,0.5,0.16,0.0419912109375,0.0,0.0,0.0,1
148,14.801464170000145,7079.722896936,14797652,0,1,none,-0.1064453125,-0.111572265625,-0.1090087890625,-0.020751953125,4.56e-07,0.4416632401315789,0.497314453125,0.2013984375,0.0,0.5,0.16,0.0415185546875,0.0,0.0,0.0,1
149,14.901460756999768,7079.822890272,14897646,0,1,none,-0.1051025390625,-0.1107177734375,-0.10791015625,-0.019775390625,4.56e-07,0.44199304413377194,0.4951171875,0.201548828125,0.0,0.5,0.16,0.042594726562500004,0.0,0.0,0.0,1
150,15.001460989000407,7079.922893608,14997650,0,1,none,-0.1041259765625,-0.1114501953125,-0.1077880859375,-0.0191650390625,4.56e-07,0.4406545538651316,0.5001220703125,0.2009384765625,0.0,0.5,0.16,0.0418818359375,0.0,0.0,0.0,1
151,15.101467862999925,7080.022896944,15097654,0,1,none,-0.1075439453125,-0.112060546875,-0.10980224609375,-0.0189208984375,4.64e-07,0.4371001144935345,0.50341796875,0.20281445312500002,0.0,0.5,0.16,0.0418046875,0.0,0.0,0.0,1
152,15.201458423000076,7080.12289628,15197654,0,1,none,-0.10693359375,-0.1109619140625,-0.10894775390625,-0.0186767578125,4.64e-07,0.43797986260775856,0.501708984375,0.20322265625,0.0,0.5,0.16,0.0409267578125,0.0,0.0,0.0,1
153,15.301498521999747,7080.222905616,15297664,0,1,none,-0.109375,-0.1121826171875,-0.11077880859375,-0.0208740234375,4.64e-07,0.4390300882273707,0.5068359375,0.20370996093750002,0.0,0.5,0.16,0.042890625,0.0,0.0,0.0,1
154,15.401475728999685,7080.322900952,15397660,0,1,none,-0.1082763671875,-0.109619140625,-0.10894775390625,-0.02001953125,4.64e-07,0.43601200498383613,0.501953125,0.2023095703125,0.0,0.5,0.16,0.0418310546875,0.0,0.0,0.0,1
155,15.501480455000092,7080.422904288,15497664,0,1,none,-0.1083984375,-0.1116943359375,-0.11004638671875,-0.021240234375,4.64e-07,0.4370096140894396,0.5052490234375,0.2027724609375,0.0,0.5,0.16,0.0428251953125,0.0,0.0,0.0,1
156,15.601516468000227,7080.522904624,15597665,0,1,none,-0.107666015625,-0.111083984375,-0.109375,-0.0198974609375,4.64e-07,0.4360625168372844,0.49609375,0.2023330078125,0.0,0.5,0.16,0.0419404296875,0.0,0.0,0.0,1
157,15.701466045000416,7080.62290296,15697664,0,1,none,-0.107666015625,-0.1104736328125,-0.10906982421875,-0.0206298828125,4.64e-07,0.43596570245150856,0.4964599609375,0.2022880859375,0.0,0.5,0.16,0.0422431640625,0.0,0.0,0.0,1
158,15.801460654999573,7080.722903296,15797665,0,1,none,-0.105712890625,-0.1112060546875,-0.10845947265625,-0.018798828125,4.64e-07,0.4360456795528017,0.5032958984375,0.2023251953125,0.0,0.5,0.16,0.042384765625,0.0,0.0,0.0,1
159,15.901464274000318,7080.822900624,15897663,0,1,none,-0.1053466796875,-0.111328125,-0.10833740234375,-0.01904296875,4.56e-07,0.441076445997807,0.4970703125,0.201130859375,0.0,0.5,0.16,0.042398437500000004,0.0,0.0,0.0,1
160,16.001460956999836,7080.92290996,15997673,0,1,none,-0.104736328125,-0.1124267578125,-0.10858154296875,-0.0185546875,4.56e-07,0.4416268331962719,0.496337890625,0.2013818359375,0.0,0.5,0.16,0.042375,0.0,0.0,0.0,1
161,16.101453416000368,7081.022906296,16097670,0,1,none,-0.1055908203125,-0.1109619140625,-0.1082763671875,-0.0198974609375,4.56e-07,0.43979577850877194,0.4932861328125,0.200546875,0.0,0.5,0.16,0.041186523437500004,0.0,0.0,0.0,1
162,16.201463641000373,7081.122904632,16197669,0,1,none,-0.1043701171875,-0.1109619140625,-0.107666015625,-0.0196533203125,4.56e-07,0.4424235026041667,0.5006103515625,0.20174511718750002,0.0,0.5,0.16,0.0407353515625,0.0,0.0,0.0,1
163,16.30145716199968,7081.222906968,16297672,0,1,none,-0.1085205078125,-0.110107421875,-0.10931396484375,-0.01953125,4.64e-07,0.4358899346713362,0.502685546875,0.2022529296875,0.0,0.5,0.16,0.0417431640625,0.0,0.0,0.0,1
164,16.401461894000022,7081.322908304,16397674,0,1,none,-0.1094970703125,-0.1109619140625,-0.1102294921875,-0.020751953125,4.64e-07,0.43884698275862066,0.5074462890625,0.203625,0.0,0.5,0.16,0.041049804687500004,0.0,0.0,0.0,1
165,16.501465051000196,7081.42291064,16497677,0,1,none,-0.1090087890625,-0.1119384765625,-0.1104736328125,-0.020751953125,4.64e-07,0.4370664399245689,0.5050048828125,0.202798828125,0.0,0.5,0.16,0.0416767578125,0.0,0.0,0.0,1
166,16.601552715000253,7081.522909976,16597677,0,1,none,-0.108642578125,-0.1087646484375,-0.10870361328125,-0.0208740234375,4.64e-07,0.43605830751616376,0.50634765625,0.2023310546875,0.0,0.5,0.16,0.042826171875,0.0,0.0,0.0,1
167,16.701469198999803,7081.622915312,16697683,0,1,none,-0.10791015625,-0.1103515625,-0.109130859375,-0.0205078125,4.64e-07,0.43780938510237066,0.5081787109375,0.2031435546875,0.0,0.5,0.16,0.043162109375,0.0,0.0,0.0,1
168,16.80146805700042,7081.722912648,16797681,0,1,none,-0.1085205078125,-0.110595703125,-0.10955810546875,-0.0211181640625,4.64e-07,0.4377883384967672,0.5013427734375,0.20313378906250001,0.0,0.5,0.16,0.043134765625,0.0,0.0,0.0,1
169,16.90146061500036,7081.822912984,16897682,0,1,none,-0.107177734375,-0.1094970703125,-0.10833740234375,-0.02001953125,4.64e-07,0.43580153892780166,0.5064697265625,0.2022119140625,0.0,0.5,0.16,0.042806640625,0.0,0.0,0.0,1
170,17.001457387999835,7081.922915312,16997685,0,1,none,-0.106201171875,-0.1102294921875,-0.10821533203125,-0.01953125,4.56e-07,0.44126276384320173,0.498779296875,0.20121582031250002,0.0,0.5,0.16,0.042466796875000004,0.0,0.0,0.0,1
171,17.10145292800007,7082.022915648,17097686,0,1,none,-0.1060791015625,-0.1116943359375,-0.10888671875,-0.0205078125,4.56e-07,0.4432223135964912,0.4984130859375,0.202109375,0.0,0.5,0.16,0.04268359375,0.0,0.0,0.0,1
172,17.201465871000437,7082.122916984,17197688,0,1,none,-0.1043701171875,-0.1126708984375,-0.1085205078125,-0.0185546875,4.56e-07,0.4419052391721491,0.4996337890625,0.2015087890625,0.0,0.5,0.16,0.042142578125,0.0,0.0,0.0,1
173,17.30145252500006,7082.22291632,17297688,0,1,none,-0.1046142578125,-0.1109619140625,-0.1077880859375,-0.0196533203125,4.56e-07,0.44235283031798245,0.4974365234375,0.201712890625,0.0,0.5,0.16,0.0421904296875,0.0,0.0,0.0,1
174,17.401452369999788,7082.322918656,17397691,0,1,none,-0.10888671875,-0.1103515625,-0.109619140625,-0.0203857421875,4.64e-07,0.4390427161907327,0.510009765625,0.20371582031250002,0.0,0.5,0.16,0.041237304687500004,0.0,0.0,0.0,1
175,17.501463939000132,7082.422917992,17497691,0,1,none,-0.108154296875,-0.11181640625,-0.1099853515625,-0.019287109375,4.64e-07,0.43820295662715514,0.501953125,0.20332617187500002,0.0,0.5,0.16,0.04103125,0.0,0.0,0.0,1
176,17.601458647999607,7082.522923328,17597697,0,1,none,-0.1075439453125,-0.110595703125,-0.10906982421875,-0.0191650390625,4.64e-07,0.437207452182112,0.498046875,0.2028642578125,0.0,0.5,0.16,0.040958984375,0.0,0.0,0.0,1
177,17.701462713999717,7082.622921664,17697696,0,1,none,-0.1094970703125,-0.1109619140625,-0.1102294921875,-0.0218505859375,4.64e-07,0.4375168372844827,0.497314453125,0.2030078125,0.0,0.5,0.16,0.043240234375,0.0,0.0,0.0,1
178,17.801461353000377,7082.722923,17797698,0,1,none,-0.1080322265625,-0.1114501953125,-0.1097412109375,-0.0208740234375,4.64e-07,0.43643714641702575,0.501708984375,0.2025068359375,0.0,0.5,0.16,0.043177734375,0.0,0.0,0.0,1
179,17.901466805000382,7082.822925336,17897701,0,1,none,-0.1075439453125,-0.1102294921875,-0.10888671875,-0.020263671875,4.64e-07,0.4358331088362069,0.5037841796875,0.2022265625,0.0,0.5,0.16,0.043068359375000004,0.0,0.0,0.0,1
180,18.001522909000414,7082.922945672,17997722,0,1,none,-0.1051025390625,-0.10888671875,-0.10699462890625,-0.0184326171875,4.64e-07,0.43545426993534475,0.50048828125,0.20205078125,0.0,0.5,0.16,0.0429775390625,0.0,0.0,0.0,1
181,18.101467301999946,7083.022933,18097710,0,1,none,-0.1063232421875,-0.1112060546875,-0.1087646484375,-0.0198974609375,4.56e-07,0.44213653029057015,0.499755859375,0.2016142578125,0.0,0.5,0.16,0.04242578125,0.0,0.0,0.0,1
182,18.20146330100033,7083.122928336,18197706,0,1,none,-0.1058349609375,-0.110107421875,-0.10797119140625,-0.0203857421875,4.56e-07,0.4424449184484649,0.5003662109375,0.2017548828125,0.0,0.5,0.16,0.0424248046875,0.0,0.0,0.0,1
183,18.301459870000144,7083.222928672,18297707,0,1,none,-0.1044921875,-0.1112060546875,-0.10784912109375,-0.02001953125,4.56e-07,0.4424299273574561,0.5040283203125,0.201748046875,0.0,0.5,0.16,0.04227734375,0.0,0.0,0.0,1
184,18.401464397999916,7083.322932008,18397711,0,1,none,-0.1043701171875,-0.1112060546875,-0.1077880859375,-0.020263671875,4.56e-07,0.44362707305372806,0.5008544921875,0.2022939453125,0.0,0.5,0.16,0.042314453125,0.0,0.0,0.0,1
185,18.50146081999992,7083.422934344,18497714,0,1,none,-0.107177734375,-0.1104736328125,-0.10882568359375,-0.01904296875,4.64e-07,0.43888065732758613,0.511474609375,0.203640625,0.0,0.5,0.16,0.042347656250000004,0.0,0.0,0.0,1
186,18.601465147000454,7083.52293868,18597719,0,1,none,-0.1090087890625,-0.1107177734375,-0.10986328125,-0.0206298828125,4.64e-07,0.4396783236799569,0.509765625,0.2040107421875,0.0,0.5,0.16,0.043900390625,0.0,0.0,0.0,1
187,18.701472200999888,7083.622940016,18697721,0,1,none,-0.107666015625,-0.1107177734375,-0.10919189453125,-0.02001953125,4.64e-07,0.43683282260237066,0.4981689453125,0.2026904296875,0.0,0.5,0.16,0.043177734375,0.0,0.0,0.0,1
188,18.801472090999596,7083.722937352,18797719,0,1,none,-0.1077880859375,-0.110595703125,-0.10919189453125,-0.0203857421875,4.64e-07,0.4382618871228448,0.50439453125,0.203353515625,0.0,0.5,0.16,0.0433994140625,0.0,0.0,0.0,1
189,18.90145738299998,7083.822936688,18897719,0,1,none,-0.1068115234375,-0.1097412109375,-0.1082763671875,-0.019775390625,4.64e-07,0.4380577350484914,0.5062255859375,0.2032587890625,0.0,0.5,0.16,0.0435498046875,0.0,0.0,0.0,1
190,19.0014651270003,7083.922937016,18997720,0,1,none,-0.107666015625,-0.112060546875,-0.10986328125,-0.021240234375,4.56e-07,0.44340863144188597,0.500244140625,0.2021943359375,0.0,0.5,0.16,0.04308984375,0.0,0.0,0.0,1
191,19.10146521200022,7084.022940352,19097724,0,1,none,-0.10400390625,-0.11083984375,-0.107421875,-0.0181884765625,4.56e-07,0.4422414679276316,0.494384765625,0.201662109375,0.0,0.5,0.16,0.04208203125,0.0,0.0,0.0,1
192,19.20144225399963,7084.122939688,19197724,0,1,none,-0.1038818359375,-0.111572265625,-0.10772705078125,-0.01904296875,4.56e-07,0.4433465254934211,0.49658203125,0.202166015625,0.0,0.5,0.16,0.0420087890625,0.0,0.0,0.0,1
193,19.301461136999933,7084.222940024,19297725,0,1,none,-0.1043701171875,-0.11083984375,-0.10760498046875,-0.02001953125,4.56e-07,0.4409329598410087,0.499267578125,0.2010654296875,0.0,0.5,0.16,0.0425986328125,0.0,0.0,0.0,1
194,19.401453110000148,7084.32294136,19397727,0,1,none,-0.108154296875,-0.1116943359375,-0.10992431640625,-0.019775390625,4.64e-07,0.43795250202047414,0.5003662109375,0.20320996093750002,0.0,0.5,0.16,0.0421044921875,0.0,0.0,0.0,1
195,19.501456111000152,7084.422941696,19497728,0,1,none,-0.1090087890625,-0.1109619140625,-0.1099853515625,-0.02099609375,4.64e-07,0.4390132509428879,0.499755859375,0.2037021484375,0.0,0.5,0.16,0.04351953125,0.0,0.0,0.0,1
196,19.60145861700039,7084.522948032,19597735,0,1,none,-0.1077880859375,-0.1104736328125,-0.109130859375,-0.02001953125,4.64e-07,0.4391626818426724,0.50341796875,0.203771484375,0.0,0.5,0.16,0.0425390625,0.0,0.0,0.0,1
197,19.70147077999991,7084.622944368,19697732,0,1,none,-0.1070556640625,-0.1119384765625,-0.1094970703125,-0.02001953125,4.64e-07,0.43898589035560337,0.5030517578125,0.203689453125,0.0,0.5,0.16,0.0437890625,0.0,0.0,0.0,1
198,19.801460128000144,7084.722946696,19797735,0,1,none,-0.1063232421875,-0.111328125,-0.10882568359375,-0.019287109375,4.56e-07,0.4426290947094298,0.5029296875,0.2018388671875,0.0,0.5,0.16,0.0422666015625,0.0,0.0,0.0,1
199,19.90146343499964,7084.822947032,19897736,0,1,none,-0.1068115234375,-0.1107177734375,-0.1087646484375,-0.0203857421875,4.56e-07,0.4447235642817982,0.50146484375,0.2027939453125,0.0,0.5,0.16,0.0437939453125,0.0,0.0,0.0,1
200,20.001452342000448,7084.922946368,19997736,0,1,none,-0.104736328125,-0.1114501953125,-0.10809326171875,-0.019287109375,4.56e-07,0.44203587582236836,0.4949951171875,0.201568359375,0.0,0.5,0.16,0.042298828125,0.0,0.0,0.0,1
201,20.101465466999798,7085.022951704,20097742,0,1,none,-0.1104736328125,-0.110107421875,-0.11029052734375,-0.021484375,4.64e-07,0.43889749461206895,0.5023193359375,0.2036484375,0.0,0.5,0.16,0.0420205078125,0.0,0.0,0.0,1
202,20.201462195000204,7085.12295304,20197744,0,1,none,-0.108154296875,-0.1090087890625,-0.10858154296875,-0.02001953125,4.64e-07,0.43893958782327586,0.5101318359375,0.20366796875,0.0,0.5,0.16,0.04201171875,0.0,0.0,0.0,1
203,20.301466189000166,7085.222952376,20297744,0,1,none,-0.1087646484375,-0.1107177734375,-0.1097412109375,-0.020751953125,4.64e-07,0.4380703630118534,0.5086669921875,0.2032646484375,0.0,0.5,0.16,0.043359375,0.0,0.0,0.0,1
204,20.401507151999795,7085.322962712,20397755,0,1,none,-0.107666015625,-0.10986328125,-0.1087646484375,-0.02001953125,4.64e-07,0.4361151333512931,0.5072021484375,0.202357421875,0.0,0.5,0.16,0.043767578125,0.0,0.0,0.0,1
205,20.50147764800022,7085.422957048,20497750,0,1,none,-0.107421875,-0.112548828125,-0.1099853515625,-0.0196533203125,4.64e-07,0.43777571053340514,0.49658203125,0.20312792968750001,0.0,0.5,0.16,0.0434326171875,0.0,0.0,0.0,1
206,20.60155340199981,7085.522960376,20597754,0,1,none,-0.10693359375,-0.11181640625,-0.109375,-0.0205078125,4.56e-07,0.44385836417214913,0.506591796875,0.2023994140625,0.0,0.5,0.16,0.0432578125,0.0,0.0,0.0,1
207,20.701482935999593,7085.622957712,20697752,0,1,none,-0.10595703125,-0.111572265625,-0.1087646484375,-0.0196533203125,4.56e-07,0.4438219572368421,0.501708984375,0.2023828125,0.0,0.5,0.16,0.0432841796875,0.0,0.0,0.0,1
208,20.80147058900002,7085.722963048,20797758,0,1,none,-0.1038818359375,-0.1104736328125,-0.107177734375,-0.018310546875,4.56e-07,0.4419587787828947,0.500732421875,0.201533203125,0.0,0.5,0.16,0.0422265625,0.0,0.0,0.0,1
209,20.901458788000127,7085.822961384,20897757,0,1,none,-0.102294921875,-0.1104736328125,-0.10638427734375,-0.017578125,4.56e-07,0.4402840597587719,0.4974365234375,0.20076953125,0.0,0.5,0.16,0.04205078125,0.0,0.0,0.0,1
210,21.00146361899988,7085.92295872,20997755,0,1,none,-0.108642578125,-0.1112060546875,-0.10992431640625,-0.020263671875,4.64e-07,0.4381061422413793,0.50244140625,0.20328125,0.0,0.5,0.16,0.0415732421875,0.0,0.0,0.0,1
211,21.101451206000092,7086.022959056,21097756,0,1,none,-0.10986328125,-0.1103515625,-0.110107421875,-0.0213623046875,4.64e-07,0.4380156418372844,0.5078125,0.2032392578125,0.0,0.5,0.16,0.04337890625,0.0,0.0,0.0,1
212,21.20146157199997,7086.122965392,21197763,0,1,none,-0.1080322265625,-0.1114501953125,-0.1097412109375,-0.020263671875,4.64e-07,0.43740108095366376,0.5074462890625,0.20295410156250002,0.0,0.5,0.16,0.0427001953125,0.0,0.0,0.0,1
213,21.301463718000377,7086.222962728,21297761,0,1,none,-0.1065673828125,-0.11181640625,-0.10919189453125,-0.0194091796875,4.64e-07,0.4375105233028017,0.501220703125,0.2030048828125,0.0,0.5,0.16,0.042225585937500004,0.0,0.0,0.0,1
214,21.401457896000466,7086.322963064,21397762,0,1,none,-0.1064453125,-0.1107177734375,-0.10858154296875,-0.0198974609375,4.64e-07,0.4378493736530172,0.4984130859375,0.203162109375,0.0,0.5,0.16,0.0429375,0.0,0.0,0.0,1
215,21.501462768999772,7086.422964392,21497764,0,1,none,-0.1063232421875,-0.1119384765625,-0.109130859375,-0.0201416015625,4.56e-07,0.44288180167214913,0.49658203125,0.20195410156250002,0.0,0.5,0.16,0.0426259765625,0.0,0.0,0.0,1
216,21.601489388999653,7086.522967728,21597768,0,1,none,-0.106201171875,-0.1099853515625,-0.10809326171875,-0.0201416015625,4.56e-07,0.44292891652960525,0.5003662109375,0.2019755859375,0.0,0.5,0.16,0.042865234375,0.0,0.0,0.0,1
217,21.70147191199976,7086.622968064,21697769,0,1,none,-0.102783203125,-0.1112060546875,-0.10699462890625,-0.018310546875,4.56e-07,0.4425605640076754,0.501708984375,0.2018076171875,0.0,0.5,0.16,0.041955078125,0.0,0.0,0.0,1
218,21.801453498999763,7086.7229684,21797770,0,1,none,-0.10888671875,-0.110595703125,-0.1097412109375,-0.02001953125,4.64e-07,0.4394194504310344,0.5081787109375,0.203890625,0.0,0.5,0.16,0.041844726562500004,0.0,0.0,0.0,1
219,21.90146705999996,7086.822969736,21897772,0,1,none,-0.1085205078125,-0.1109619140625,-0.1097412109375,-0.020263671875,4.64e-07,0.44024868669181033,0.5003662109375,0.204275390625,0.0,0.5,0.16,0.04407421875,0.0,0.0,0.0,1
220,22.00145971999973,7086.922973072,21997776,0,1,none,-0.10986328125,-0.1104736328125,-0.11016845703125,-0.0220947265625,4.64e-07,0.44033287311422414,0.5108642578125,0.20431445312500002,0.0,0.5,0.16,0.04409375,0.0,0.0,0.0,1
221,22.10145564100003,7087.022974408,22097778,0,1,none,-0.1083984375,-0.11181640625,-0.110107421875,-0.0208740234375,4.64e-07,0.43911006532866376,0.5050048828125,0.2037470703125,0.0,0.5,0.16,0.0438349609375,0.0,0.0,0.0,1
222,22.201455510000415,7087.122972744,22197777,0,1,none,-0.1068115234375,-0.109619140625,-0.10821533203125,-0.0196533203125,4.64e-07,0.4383187129579741,0.5047607421875,0.2033798828125,0.0,0.5,0.16,0.0439716796875,0.0,0.0,0.0,1
223,22.30146095300006,7087.22297408,22297779,0,1,none,-0.1064453125,-0.1107177734375,-0.10858154296875,-0.0201416015625,4.64e-07,0.4393710432381465,0.5062255859375,0.2038681640625,0.0,0.5,0.16,0.0441982421875,0.0,0.0,0.0,1
224,22.401458166999873,7087.322980408,22397786,0,1,none,-0.1053466796875,-0.1121826171875,-0.1087646484375,-0.019775390625,4.56e-07,0.4448199355811404,0.5015869140625,0.20283789062500002,0.0,0.5,0.16,0.0426240234375,0.0,0.0,0.0,1
225,22.50145589099975,7087.422978744,22497785,0,1,none,-0.1031494140625,-0.1102294921875,-0.106689453125,-0.0184326171875,4.56e-07,0.44324372944078944,0.5028076171875,0.202119140625,0.0,0.5,0.16,0.043857421875000004,0.0,0.0,0.0,1
226,22.601559595999788,7087.52297808,22597785,0,1,none,-0.1094970703125,-0.110107421875,-0.10980224609375,-0.02099609375,4.64e-07,0.44021501212284475,0.503173828125,0.204259765625,0.0,0.5,0.16,0.0424443359375,0.0,0.0,0.0,1
227,22.70146438000029,7087.622980416,22697788,0,1,none,-0.107666015625,-0.111083984375,-0.109375,-0.019287109375,4.64e-07,0.440497036637931,0.5040283203125,0.204390625,0.0,0.5,0.16,0.042783203125,0.0,0.0,0.0,1
228,22.801472060999913,7087.722981752,22797790,0,1,none,-0.1075439453125,-0.1107177734375,-0.109130859375,-0.0196533203125,4.64e-07,0.43975198679956895,0.510986328125,0.204044921875,0.0,0.5,0.16,0.0445380859375,0.0,0.0,0.0,1
229,22.901457406999725,7087.822981088,22897790,0,1,none,-0.107666015625,-0.1116943359375,-0.10968017578125,-0.0205078125,4.64e-07,0.4411873653017241,0.5047607421875,0.2047109375,0.0,0.5,0.16,0.045033203125000004,0.0,0.0,0.0,1
230,23.001463603000047,7087.922982424,22997792,0,1,none,-0.1055908203125,-0.1107177734375,-0.108154296875,-0.0189208984375,4.64e-07,0.4384113180226293,0.5023193359375,0.2034228515625,0.0,0.5,0.16,0.044322265625,0.0,0.0,0.0,1
231,23.101470716999756,7088.022984752,23097795,0,1,none,-0.105712890625,-0.1116943359375,-0.10870361328125,-0.0194091796875,4.56e-07,0.44628692091557015,0.495361328125,0.2035068359375,0.0,0.5,0.16,0.044173828125,0.0,0.0,0.0,1
232,23.20146557299995,7088.122984088,23197795,0,1,none,-0.106201171875,-0.110595703125,-0.1083984375,-0.020751953125,4.56e-07,0.44610060307017546,0.5054931640625,0.203421875,0.0,0.5,0.16,0.0438994140625,0.0,0.0,0.0,1
233,23.301454495000144,7088.222987424,23297799,0,1,none,-0.102783203125,-0.110595703125,-0.106689453125,-0.01806640625,4.56e-07,0.44497841282894735,0.501220703125,0.20291015625,0.0,0.5,0.16,0.042486328125,0.0,0.0,0.0,1
234,23.40145647600002,7088.32298676,23397799,0,1,none,-0.108642578125,-0.1114501953125,-0.11004638671875,-0.0203857421875,4.64e-07,0.4409579573006466,0.507568359375,0.20460449218750001,0.0,0.5,0.16,0.0431494140625,0.0,0.0,0.0,1
235,23.503185563000443,7088.424320088,23499133,0,1,none,-0.1083984375,-0.11083984375,-0.109619140625,-0.0208740234375,4.64e-07,0.4405706997575431,0.5079345703125,0.20442480468750002,0.0,0.5,0.16,0.0438212890625,0.0,0.0,0.0,1
236,23.601534178000293,7088.523016432,23597830,0,1,none,-0.10791015625,-0.110595703125,-0.1092529296875,-0.0203857421875,4.64e-07,0.4397056842672413,0.505615234375,0.20402343750000002,0.0,0.5,0.16,0.044655273437500004,0.0,0.0,0.0,1
237,23.701487424000334,7088.622999768,23697814,0,1,none,-0.1083984375,-0.110595703125,-0.1094970703125,-0.0213623046875,4.64e-07,0.43977513806573276,0.50732421875,0.2040556640625,0.0,0.5,0.16,0.0439931640625,0.0,0.0,0.0,1
238,23.801473874000294,7088.722997104,23797812,0,1,none,-0.1065673828125,-0.11083984375,-0.10870361328125,-0.0198974609375,4.64e-07,0.4383123989762931,0.50537109375,0.203376953125,0.0,0.5,0.16,0.043976562500000003,0.0,0.0,0.0,1
239,23.901461356000254,7088.822994432,23897810,0,1,none,-0.1051025390625,-0.111328125,-0.10821533203125,-0.01953125,4.56e-07,0.44356710868969296,0.50146484375,0.2022666015625,0.0,0.5,0.16,0.042892578125000004,0.0,0.0,0.0,1
240,24.001458855000237,7088.922996768,23997813,0,1,none,-0.10498046875,-0.11181640625,-0.1083984375,-0.0198974609375,4.56e-07,0.444530821683114,0.5028076171875,0.2027060546875,0.0,0.5,0.16,0.0426298828125,0.0,0.0,0.0,1
241,24.101460613999734,7089.022996104,24097813,0,1,none,-0.1036376953125,-0.10986328125,-0.10675048828125,-0.019287109375,4.56e-07,0.44365491365131576,0.50439453125,0.202306640625,0.0,0.5,0.16,0.0431123046875,0.0,0.0,0.0,1
242,24.201453061000393,7089.12299544,24197813,0,1,none,-0.1103515625,-0.1114501953125,-0.11090087890625,-0.021728515625,4.64e-07,0.4409663759428879,0.5081787109375,0.2046083984375,0.0,0.5,0.16,0.04221875,0.0,0.0,0.0,1
243,24.30146753400004,7089.222996776,24297815,0,1,none,-0.1092529296875,-0.1097412109375,-0.1094970703125,-0.0213623046875,4.64e-07,0.4397498821390086,0.5023193359375,0.2040439453125,0.0,0.5,0.16,0.0442998046875,0.0,0.0,0.0,1
244,24.401460631999726,7089.323002112,24397821,0,1,none,-0.1077880859375,-0.1094970703125,-0.108642578125,-0.020263671875,4.64e-07,0.43812087486530166,0.5050048828125,0.2032880859375,0.0,0.5,0.16,0.04370703125,0.0,0.0,0.0,1
245,24.501467611000407,7089.423001448,24497821,0,1,none,-0.1068115234375,-0.1094970703125,-0.108154296875,-0.0201416015625,4.64e-07,0.43942155509159475,0.5062255859375,0.2038916015625,0.0,0.5,0.16,0.0437646484375,0.0,0.0,0.0,1
246,24.60145581300003,7089.523000776,24597821,0,1,none,-0.1053466796875,-0.1112060546875,-0.1082763671875,-0.0189208984375,4.56e-07,0.44408751370614036,0.5013427734375,0.20250390625,0.0,0.5,0.16,0.04319140625,0.0,0.0,0.0,1
247,24.701467513999887,7089.623003112,24697824,0,1,none,-0.1051025390625,-0.1119384765625,-0.1085205078125,-0.0189208984375,4.56e-07,0.44299744723135964,0.4954833984375,0.20200683593750002,0.0,0.5,0.16,0.042404296875000004,0.0,0.0,0.0,1
248,24.801471355000103,7089.723006448,24797828,0,1,none,-0.103759765625,-0.1099853515625,-0.10687255859375,-0.0194091796875,4.56e-07,0.4438969126918859,0.50537109375,0.2024169921875,0.0,0.5,0.16,0.0421875,0.0,0.0,0.0,1
249,24.90147057000013,7089.823005784,24897828,0,1,none,-0.1090087890625,-0.1116943359375,-0.1103515625,-0.020751953125,4.64e-07,0.4386470400053879,0.5,0.2035322265625,0.0,0.5,0.16,0.04236328125,0.0,0.0,0.0,1
250,25.001471767999647,7089.92300812,24997831,0,1,none,-0.108154296875,-0.110595703125,-0.109375,-0.0201416015625,4.64e-07,0.4391247979525862,0.5006103515625,0.20375390625,0.0,0.5,0.16,0.04430859375,0.0,0.0,0.0,1
251,25.10146161099965,7090.023010456,25097834,0,1,none,-0.109130859375,-0.11083984375,-0.1099853515625,-0.0211181640625,4.64e-07,0.4387901569234914,0.5048828125,0.2035986328125,0.0,0.5,0.16,0.0442119140625,0.0,0.0,0.0,1
252,25.201459472999886,7090.123011792,25197836,0,1,none,-0.1082763671875,-0.1107177734375,-0.1094970703125,-0.02099609375,4.64e-07,0.4384449925915948,0.506591796875,0.2034384765625,0.0,0.5,0.16,0.042845703125,0.0,0.0,0.0,1
253,25.301466052999785,7090.223009128,25297834,0,1,none,-0.1064453125,-0.111083984375,-0.1087646484375,-0.02001953125,4.64e-07,0.43781780374461204,0.5009765625,0.2031474609375,0.0,0.5,0.16,0.0432802734375,0.0,0.0,0.0,1
254,25.401456051999958,7090.323011464,25397837,0,1,none,-0.1068115234375,-0.1094970703125,-0.108154296875,-0.0205078125,4.64e-07,0.4390364022090517,0.501953125,0.203712890625,0.0,0.5,0.16,0.043693359375000004,0.0,0.0,0.0,1
255,25.501494215999628,7090.423020792,25497847,0,1,none,-0.104736328125,-0.110595703125,-0.107666015625,-0.0189208984375,4.56e-07,0.44269334224232454,0.5072021484375,0.2018681640625,0.0,0.5,0.16,0.0424443359375,0.0,0.0,0.0,1
256,25.601482336999652,7090.523022128,25597849,0,1,none,-0.10498046875,-0.1112060546875,-0.10809326171875,-0.02001953125,4.56e-07,0.44281541255482454,0.5015869140625,0.201923828125,0.0,0.5,0.16,0.042532226562500004,0.0,0.0,0.0,1
257,25.70147900200027,7090.623015464,25697843,0,1,none,-0.109130859375,-0.111083984375,-0.110107421875,-0.0208740234375,4.64e-07,0.4393584152747844,0.5001220703125,0.2038623046875,0.0,0.5,0.16,0.0445146484375,0.0,0.0,0.0,1
258,25.80146667900044,7090.7230178,25797846,0,1,none,-0.1077880859375,-0.1107177734375,-0.1092529296875,-0.0194091796875,4.64e-07,0.4377209893588362,0.5001220703125,0.2031025390625,0.0,0.5,0.16,0.0429638671875,0.0,0.0,0.0,1
259,25.901466037999853,7090.823013136,25897842,0,1,none,-0.1090087890625,-0.1097412109375,-0.109375,-0.0211181640625,4.64e-07,0.43892906452047414,0.5015869140625,0.20366308593750002,0.0,0.5,0.16,0.0441884765625,0.0,0.0,0.0,1
260,26.001461658999688,7090.923017472,25997847,0,1,none,-0.107666015625,-0.1107177734375,-0.10919189453125,-0.0205078125,4.64e-07,0.4393331593480603,0.5030517578125,0.2038505859375,0.0,0.5,0.16,0.0439306640625,0.0,0.0,0.0,1
261,26.101478937000138,7091.0230218,26097852,0,1,none,-0.105224609375,-0.1109619140625,-0.10809326171875,-0.018798828125,4.56e-07,0.4420594332510965,0.4976806640625,0.2015791015625,0.0,0.5,0.16,0.042720703125,0.0,0.0,0.0,1
262,26.201471657000184,7091.123021136,26197852,0,1,none,-0.10546875,-0.111328125,-0.1083984375,-0.0206298828125,4.56e-07,0.44280042146381576,0.501220703125,0.2019169921875,0.0,0.5,0.16,0.042576171875,0.0,0.0,0.0,1
263,26.30147428300006,7091.223017472,26297849,0,1,none,-0.102294921875,-0.1103515625,-0.1063232421875,-0.017822265625,4.56e-07,0.4422072025767544,0.4993896484375,0.20164648437500002,0.0,0.5,0.16,0.04221875,0.0,0.0,0.0,1
264,26.401461180000297,7091.323022808,26397855,0,1,none,-0.1090087890625,-0.109619140625,-0.10931396484375,-0.020751953125,4.64e-07,0.437628384294181,0.508544921875,0.2030595703125,0.0,0.5,0.16,0.041125,0.0,0.0,0.0,1
265,26.501466697999604,7091.423022144,26497855,0,1,none,-0.109619140625,-0.1103515625,-0.1099853515625,-0.0216064453125,4.64e-07,0.4404233735183189,0.506103515625,0.2043564453125,0.0,0.5,0.16,0.04389453125,0.0,0.0,0.0,1
266,26.601447613000346,7091.52302348,26597857,0,1,none,-0.10693359375,-0.1103515625,-0.108642578125,-0.02001953125,4.64e-07,0.43840079471982757,0.5048828125,0.20341796875,0.0,0.5,0.16,0.0427958984375,0.0,0.0,0.0,1
267,26.701460135999696,7091.623025816,26697860,0,1,none,-0.106201171875,-0.1094970703125,-0.10784912109375,-0.0191650390625,4.64e-07,0.43931632206357757,0.50390625,0.2038427734375,0.0,0.5,0.16,0.0431982421875,0.0,0.0,0.0,1
268,26.80147483699966,7091.723028144,26797863,0,1,none,-0.1055908203125,-0.10986328125,-0.10772705078125,-0.018798828125,4.56e-07,0.4439033374451754,0.50244140625,0.202419921875,0.0,0.5,0.16,0.04374609375,0.0,0.0,0.0,1
269,26.90145889300038,7091.82302748,26897863,0,1,none,-0.10498046875,-0.1107177734375,-0.10784912109375,-0.019287109375,4.56e-07,0.4419459292763158,0.49462890625,0.20152734375,0.0,0.5,0.16,0.042630859375,0.0,0.0,0.0,1
270,27.001469580000048,7091.923027816,26997864,0,1,none,-0.1060791015625,-0.1112060546875,-0.108642578125,-0.021240234375,4.56e-07,0.44269976699561403,0.4959716796875,0.20187109375,0.0,0.5,0.16,0.0411201171875,0.0,0.0,0.0,1
271,27.101457916999607,7092.023029152,27097866,0,1,none,-0.1087646484375,-0.1112060546875,-0.1099853515625,-0.0205078125,4.64e-07,0.437567349137931,0.5047607421875,0.20303125,0.0,0.5,0.16,0.044388671875,0.0,0.0,0.0,1
272,27.201467775999845,7092.123032488,27197870,0,1,none,-0.1082763671875,-0.1107177734375,-0.1094970703125,-0.020263671875,4.64e-07,0.44028867524245685,0.5086669921875,0.2042939453125,0.0,0.5,0.16,0.0434072265625,0.0,0.0,0.0,1
273,27.301472766000188,7092.223032824,27297871,0,1,none,-0.1068115234375,-0.110107421875,-0.10845947265625,-0.019287109375,4.64e-07,0.4379293507543103,0.4996337890625,0.20319921875,0.0,0.5,0.16,0.0438251953125,0.0,0.0,0.0,1
274,27.4014596119996,7092.32303416,27397873,0,1,none,-0.107177734375,-0.109619140625,-0.1083984375,-0.0201416015625,4.64e-07,0.43831660829741376,0.505859375,0.20337890625,0.0,0.5,0.16,0.0437099609375,0.0,0.0,0.0,1
275,27.501475293999647,7092.423033488,27497873,0,1,none,-0.106689453125,-0.1119384765625,-0.10931396484375,-0.0205078125,4.56e-07,0.44366990474232454,0.5018310546875,0.2023134765625,0.0,0.5,0.16,0.0433115234375,0.0,0.0,0.0,1
276,27.601463687999967,7092.523038824,27597879,0,1,none,-0.104736328125,-0.1103515625,-0.1075439453125,-0.01953125,4.56e-07,0.4445565206962719,0.499755859375,0.2027177734375,0.0,0.5,0.16,0.043029296875,0.0,0.0,0.0,1
277,27.701468299000226,7092.62303716,27697878,0,1,none,-0.1046142578125,-0.1109619140625,-0.1077880859375,-0.0198974609375,4.56e-07,0.44351785224780704,0.4942626953125,0.202244140625,0.0,0.5,0.16,0.0428310546875,0.0,0.0,0.0,1
278,27.80145673199968,7092.723037496,27797879,0,1,none,-0.1029052734375,-0.111328125,-0.10711669921875,-0.0185546875,4.56e-07,0.44287109374999994,0.49755859375,0.20194921875,0.0,0.5,0.16,0.041939453125,0.0,0.0,0.0,1
279,27.901468091000424,7092.823038832,27897881,0,1,none,-0.1085205078125,-0.1109619140625,-0.1097412109375,-0.0201416015625,4.64e-07,0.43984880118534475,0.505859375,0.20408984375,0.0,0.5,0.16,0.04418359375,0.0,0.0,0.0,1
280,28.001465256999836,7092.923039168,27997882,0,1,none,-0.1065673828125,-0.1102294921875,-0.1083984375,-0.0194091796875,4.64e-07,0.4394426016971983,0.501220703125,0.20390136718750002,0.0,0.5,0.16,0.0442666015625,0.0,0.0,0.0,1
281,28.1014663320002,7093.023040504,28097884,0,1,none,-0.107421875,-0.11083984375,-0.109130859375,-0.0206298828125,4.64e-07,0.43897747171336204,0.500732421875,0.203685546875,0.0,0.5,0.16,0.043998046875,0.0,0.0,0.0,1
282,28.2014553529998,7093.123040832,28197885,0,1,none,-0.1064453125,-0.1099853515625,-0.10821533203125,-0.0201416015625,4.56e-07,0.44373201069078944,0.50146484375,0.202341796875,0.0,0.5,0.16,0.0434091796875,0.0,0.0,0.0,1
283,28.301504799999748,7093.223042168,28297887,0,1,none,-0.105712890625,-0.1104736328125,-0.10809326171875,-0.02001953125,4.56e-07,0.4432308799342105,0.5008544921875,0.20211328125,0.0,0.5,0.16,0.04271875,0.0,0.0,0.0,1
284,28.401464280000255,7093.323044504,28397890,0,1,none,-0.1092529296875,-0.1116943359375,-0.1104736328125,-0.0198974609375,4.64e-07,0.4403960129310344,0.50537109375,0.20434375,0.0,0.5,0.16,0.0419111328125,0.0,0.0,0.0,1
285,28.501468270999794,7093.42304684,28497893,0,1,none,-0.110107421875,-0.111572265625,-0.11083984375,-0.0216064453125,4.64e-07,0.44083799164870685,0.508056640625,0.204548828125,0.0,0.5,0.16,0.0442900390625,0.0,0.0,0.0,1
286,28.60147848700035,7093.523048176,28597895,0,1,none,-0.1087646484375,-0.111328125,-0.11004638671875,-0.0206298828125,4.64e-07,0.4406717234644396,0.5078125,0.2044716796875,0.0,0.5,0.16,0.044228515625,0.0,0.0,0.0,1
287,28.701478850999592,7093.623048512,28697896,0,1,none,-0.107177734375,-0.110595703125,-0.10888671875,-0.0196533203125,4.64e-07,0.440545443830819,0.502197265625,0.20441308593750002,0.0,0.5,0.16,0.0447978515625,0.0,0.0,0.0,1
288,28.801474177999808,7093.723052848,28797901,0,1,none,-0.10693359375,-0.1103515625,-0.108642578125,-0.02001953125,4.64e-07,0.43809351427801724,0.49951171875,0.203275390625,0.0,0.5,0.16,0.0440888671875,0.0,0.0,0.0,1
289,28.90147084,7093.823051176,28897900,0,1,none,-0.106689453125,-0.1112060546875,-0.10894775390625,-0.0206298828125,4.56e-07,0.4447064316063596,0.50634765625,0.2027861328125,0.0,0.5,0.16,0.0434423828125,0.0,0.0,0.0,1
290,29.001464945999942,7093.923049512,28997899,0,1,none,-0.1046142578125,-0.11083984375,-0.10772705078125,-0.018798828125,4.56e-07,0.44455866228070173,0.5042724609375,0.20271875,0.0,0.5,0.16,0.04419921875,0.0,0.0,0.0,1
291,29.101464323000073,7094.023050848,29097901,0,1,none,-0.1046142578125,-0.1102294921875,-0.107421875,-0.0194091796875,4.56e-07,0.44417103549890347,0.5035400390625,0.2025419921875,0.0,0.5,0.16,0.042888671875,0.0,0.0,0.0,1
292,29.20145703399976,7094.123052184,29197903,0,1,none,-0.109619140625,-0.111572265625,-0.110595703125,-0.0208740234375,4.64e-07,0.4408316776670258,0.5029296875,0.2045458984375,0.0,0.5,0.16,0.042460937500000004,0.0,0.0,0.0,1
293,29.3014719720004,7094.22305352,29297905,0,1,none,-0.1097412109375,-0.1099853515625,-0.10986328125,-0.0216064453125,4.64e-07,0.4386680866109913,0.503662109375,0.2035419921875,0.0,0.5,0.16,0.0439404296875,0.0,0.0,0.0,1
294,29.40145968500019,7094.323052856,29397905,0,1,none,-0.1082763671875,-0.111083984375,-0.10968017578125,-0.02099609375,4.64e-07,0.4405980603448275,0.509521484375,0.2044375,0.0,0.5,0.16,0.0444296875,0.0,0.0,0.0,1
295,29.5014702819999,7094.423058192,29497911,0,1,none,-0.1077880859375,-0.1102294921875,-0.1090087890625,-0.021240234375,4.64e-07,0.4392068797144396,0.4991455078125,0.2037919921875,0.0,0.5,0.16,0.0436474609375,0.0,0.0,0.0,1
296,29.60146131900001,7094.52306052,29597914,0,1,none,-0.106689453125,-0.1121826171875,-0.10943603515625,-0.020751953125,4.56e-07,0.4452139871162281,0.5032958984375,0.20301757812500001,0.0,0.5,0.16,0.0433076171875,0.0,0.0,0.0,1
297,29.701466116999654,7094.623059856,29697914,0,1,none,-0.1044921875,-0.1094970703125,-0.10699462890625,-0.019287109375,4.56e-07,0.44372558593749994,0.4989013671875,0.2023388671875,0.0,0.5,0.16,0.0433955078125,0.0,0.0,0.0,1
298,29.801465104000272,7094.723062192,29797917,0,1,none,-0.1085205078125,-0.110107421875,-0.10931396484375,-0.02001953125,4.64e-07,0.4388112035290948,0.5030517578125,0.2036083984375,0.0,0.5,0.16,0.0429130859375,0.0,0.0,0.0,1
299,29.901468242999726,7094.823062528,29897918,0,1,none,-0.10888671875,-0.111572265625,-0.1102294921875,-0.0208740234375,4.64e-07,0.4400592672413793,0.50390625,0.2041875,0.0,0.5,0.16,0.044021484375,0.0,0.0,0.0,1
300,30.00146136500007,7094.923063864,29997920,0,1,none,-0.108642578125,-0.11083984375,-0.1097412109375,-0.020751953125,4.64e-07,0.44109265557650856,0.50927734375,0.2046669921875,0.0,0.5,0.16,0.043943359375,0.0,0.0,0.0,1
301,30.10147290399982,7095.0230642,30097921,0,1,none,-0.107666015625,-0.10986328125,-0.1087646484375,-0.02099609375,4.64e-07,0.43909322804418094,0.4981689453125,0.2037392578125,0.0,0.5,0.16,0.04487109375,0.0,0.0,0.0,1
302,30.20146055999976,7095.123064536,30197922,0,1,none,-0.106689453125,-0.1097412109375,-0.10821533203125,-0.02099609375,4.64e-07,0.44022764008620685,0.503173828125,0.204265625,0.0,0.5,0.16,0.042998046875,0.0,0.0,0.0,1
303,30.30151237100017,7095.223079864,30297938,0,1,none,-0.1055908203125,-0.112060546875,-0.10882568359375,-0.0205078125,4.56e-07,0.4459549753289474,0.5030517578125,0.20335546875000002,0.0,0.5,0.16,0.0425126953125,0.0,0.0,0.0,1
304,30.401483190999897,7095.3230782,30397937,0,1,none,-0.1036376953125,-0.111328125,-0.10748291015625,-0.0186767578125,4.56e-07,0.44472570586622806,0.5035400390625,0.202794921875,0.0,0.5,0.16,0.0430517578125,0.0,0.0,0.0,1
305,30.50147836799988,7095.423070536,30497930,0,1,none,-0.1083984375,-0.1109619140625,-0.10968017578125,-0.0198974609375,4.64e-07,0.439160577182112,0.507568359375,0.2037705078125,0.0,0.5,0.16,0.0420654296875,0.0,0.0,0.0,1
306,30.601500488000056,7095.523078872,30597939,0,1,none,-0.1077880859375,-0.1103515625,-0.10906982421875,-0.0203857421875,4.64e-07,0.43930579876077586,0.50390625,0.20383789062500002,0.0,0.5,0.16,0.0435576171875,0.0,0.0,0.0,1
307,30.701487729999826,7095.623077208,30697938,0,1,none,-0.106689453125,-0.1116943359375,-0.10919189453125,-0.0191650390625,4.64e-07,0.44059385102370685,0.5032958984375,0.204435546875,0.0,0.5,0.16,0.0447900390625,0.0,0.0,0.0,1
308,30.801482333999957,7095.723073536,30797935,0,1,none,-0.1070556640625,-0.1114501953125,-0.1092529296875,-0.0203857421875,4.56e-07,0.44404039884868424,0.503662109375,0.202482421875,0.0,0.5,0.16,0.0438681640625,0.0,0.0,0.0,1
309,30.901470724999854,7095.823074872,30897937,0,1,none,-0.1065673828125,-0.1112060546875,-0.10888671875,-0.020751953125,4.56e-07,0.443432188870614,0.4991455078125,0.202205078125,0.0,0.5,0.16,0.0428291015625,0.0,0.0,0.0,1
310,31.001476041999922,7095.923071208,30997934,0,1,none,-0.1085205078125,-0.1097412109375,-0.109130859375,-0.02001953125,4.64e-07,0.44048019935344823,0.5054931640625,0.2043828125,0.0,0.5,0.16,0.0419423828125,0.0,0.0,0.0,1
311,31.101469760999862,7096.023073544,31097937,0,1,none,-0.10986328125,-0.1107177734375,-0.11029052734375,-0.021240234375,4.64e-07,0.43992877828663796,0.5062255859375,0.204126953125,0.0,0.5,0.16,0.044322265625,0.0,0.0,0.0,1
312,31.20148360999974,7096.12307888,31197943,0,1,none,-0.1102294921875,-0.1112060546875,-0.1107177734375,-0.022216796875,4.64e-07,0.4414146686422413,0.5074462890625,0.20481640625,0.0,0.5,0.16,0.045005859375,0.0,0.0,0.0,1
313,31.3014659319997,7096.223077216,31297942,0,1,none,-0.1087646484375,-0.1107177734375,-0.1097412109375,-0.0213623046875,4.64e-07,0.43990352235991376,0.506103515625,0.204115234375,0.0,0.5,0.16,0.043501953125,0.0,0.0,0.0,1
314,31.401468750000276,7096.323079544,31397945,0,1,none,-0.105224609375,-0.1112060546875,-0.10821533203125,-0.019287109375,4.56e-07,0.4452054207785087,0.5015869140625,0.203013671875,0.0,0.5,0.16,0.0432392578125,0.0,0.0,0.0,1
315,31.50145774399971,7096.42307688,31497943,0,1,none,-0.1041259765625,-0.1112060546875,-0.107666015625,-0.01904296875,4.56e-07,0.44360779879385964,0.4996337890625,0.20228515625000001,0.0,0.5,0.16,0.042041015625000004,0.0,0.0,0.0,1
316,31.60147198300001,7096.523088216,31597955,0,1,none,-0.10888671875,-0.1112060546875,-0.11004638671875,-0.0203857421875,4.64e-07,0.4391500538793103,0.5032958984375,0.203765625,0.0,0.5,0.16,0.042517578125000004,0.0,0.0,0.0,1
317,31.70147346900012,7096.623083552,31697951,0,1,none,-0.1087646484375,-0.1112060546875,-0.1099853515625,-0.0205078125,4.64e-07,0.43992877828663796,0.5032958984375,0.204126953125,0.0,0.5,0.16,0.043498046875,0.0,0.0,0.0,1
318,31.8014674369997,7096.723082888,31797951,0,1,none,-0.10693359375,-0.11083984375,-0.10888671875,-0.0194091796875,4.64e-07,0.4385039230872845,0.50341796875,0.20346582031250002,0.0,0.5,0.16,0.043494140625000004,0.0,0.0,0.0,1
319,31.901464861000022,7096.823082224,31897951,0,1,none,-0.1064453125,-0.1107177734375,-0.10858154296875,-0.0201416015625,4.64e-07,0.4388069942079741,0.4986572265625,0.2036064453125,0.0,0.5,0.16,0.0440634765625,0.0,0.0,0.0,1
320,32.0014547159999,7096.923082552,31997952,0,1,none,-0.1041259765625,-0.110595703125,-0.10736083984375,-0.018310546875,4.56e-07,0.44438519394188597,0.5006103515625,0.20263964843750001,0.0,0.5,0.16,0.044375,0.0,0.0,0.0,1
321,32.10145406599986,7097.023086888,32097957,0,1,none,-0.104248046875,-0.111083984375,-0.107666015625,-0.0189208984375,4.56e-07,0.44231856496710525,0.498046875,0.201697265625,0.0,0.5,0.16,0.0430537109375,0.0,0.0,0.0,1
322,32.20146408999972,7097.123084224,32197955,0,1,none,-0.1092529296875,-0.1097412109375,-0.1094970703125,-0.0206298828125,4.64e-07,0.4390869140625,0.506591796875,0.203736328125,0.0,0.5,0.16,0.04165625,0.0,0.0,0.0,1
323,32.30145978899964,7097.22308656,32297958,0,1,none,-0.108154296875,-0.11083984375,-0.1094970703125,-0.02001953125,4.64e-07,0.4402002794989224,0.503173828125,0.2042529296875,0.0,0.5,0.16,0.0439736328125,0.0,0.0,0.0,1
324,32.401467298999705,7097.323089896,32397962,0,1,none,-0.1077880859375,-0.112060546875,-0.10992431640625,-0.020751953125,4.64e-07,0.43827451508620685,0.50439453125,0.203359375,0.0,0.5,0.16,0.043747070312500004,0.0,0.0,0.0,1
325,32.50146373299958,7097.423091224,32497964,0,1,none,-0.1070556640625,-0.1116943359375,-0.109375,-0.0206298828125,4.56e-07,0.4459999486019737,0.4993896484375,0.2033759765625,0.0,0.5,0.16,0.0436513671875,0.0,0.0,0.0,1
326,32.601467913000306,7097.52309056,32597964,0,1,none,-0.1048583984375,-0.1109619140625,-0.10791015625,-0.01904296875,4.56e-07,0.4415625856633772,0.497314453125,0.2013525390625,0.0,0.5,0.16,0.0426435546875,0.0,0.0,0.0,1
327,32.701476500000354,7097.623093896,32697968,0,1,none,-0.1092529296875,-0.111328125,-0.11029052734375,-0.0201416015625,4.64e-07,0.43975198679956895,0.5057373046875,0.204044921875,0.0,0.5,0.16,0.04231640625,0.0,0.0,0.0,1
328,32.801476126000125,7097.723097232,32797972,0,1,none,-0.108642578125,-0.1107177734375,-0.10968017578125,-0.0208740234375,4.64e-07,0.4391437398976292,0.5032958984375,0.2037626953125,0.0,0.5,0.16,0.043437500000000004,0.0,0.0,0.0,1
329,32.90146045500023,7097.823093568,32897969,0,1,none,-0.1077880859375,-0.1102294921875,-0.1090087890625,-0.0203857421875,4.64e-07,0.4385565396012931,0.497314453125,0.203490234375,0.0,0.5,0.16,0.043513671875,0.0,0.0,0.0,1
330,33.00146991499969,7097.923097904,32997974,0,1,none,-0.10693359375,-0.1107177734375,-0.10882568359375,-0.019775390625,4.64e-07,0.43747474407327586,0.4984130859375,0.20298828125,0.0,0.5,0.16,0.043091796875,0.0,0.0,0.0,1
331,33.10145984799965,7098.023096232,33097973,0,1,none,-0.104248046875,-0.1116943359375,-0.10797119140625,-0.0185546875,4.56e-07,0.4438969126918859,0.4989013671875,0.2024169921875,0.0,0.5,0.16,0.0427978515625,0.0,0.0,0.0,1
332,33.20146573199963,7098.123097568,33197975,0,1,none,-0.1087646484375,-0.1097412109375,-0.1092529296875,-0.0201416015625,4.64e-07,0.4384302599676723,0.500244140625,0.203431640625,0.0,0.5,0.16,0.0415859375,0.0,0.0,0.0,1
333,33.30146082200008,7098.223097904,33297976,0,1,none,-0.1070556640625,-0.11181640625,-0.10943603515625,-0.0191650390625,4.64e-07,0.43861757475754304,0.504638671875,0.2035185546875,0.0,0.5,0.16,0.04318359375,0.0,0.0,0.0,1
334,33.4014656319996,7098.32310024,33397979,0,1,none,-0.1085205078125,-0.11181640625,-0.11016845703125,-0.0205078125,4.64e-07,0.4391437398976292,0.5062255859375,0.2037626953125,0.0,0.5,0.16,0.043826171875,0.0,0.0,0.0,1
335,33.50144779200036,7098.423099576,33497979,0,1,none,-0.106689453125,-0.1102294921875,-0.10845947265625,-0.01953125,4.64e-07,0.43760312836745685,0.5037841796875,0.2030478515625,0.0,0.5,0.16,0.0427177734375,0.0,0.0,0.0,1
336,33.601481128999694,7098.523112904,33597993,0,1,none,-0.1065673828125,-0.110107421875,-0.10833740234375,-0.0206298828125,4.56e-07,0.4425262986567982,0.501220703125,0.2017919921875,0.0,0.5,0.16,0.0424189453125,0.0,0.0,0.0,1
337,33.701479131999804,7098.62310824,33697989,0,1,none,-0.104736328125,-0.1121826171875,-0.10845947265625,-0.020263671875,4.56e-07,0.44377698396381576,0.5008544921875,0.2023623046875,0.0,0.5,0.16,0.0427529296875,0.0,0.0,0.0,1
338,33.80146595400038,7098.723108576,33797990,0,1,none,-0.1099853515625,-0.1104736328125,-0.1102294921875,-0.02197265625,4.64e-07,0.44060226966594823,0.505859375,0.204439453125,0.0,0.5,0.16,0.0426171875,0.0,0.0,0.0,1
339,33.90147397100009,7098.823103912,33897986,0,1,none,-0.1068115234375,-0.110595703125,-0.10870361328125,-0.01904296875,4.64e-07,0.4395415207435344,0.5009765625,0.203947265625,0.0,0.5,0.16,0.043642578125,0.0,0.0,0.0,1
340,34.001458366000406,7098.923107248,33997990,0,1,none,-0.107177734375,-0.1092529296875,-0.10821533203125,-0.02001953125,4.64e-07,0.43695489291487066,0.5052490234375,0.2027470703125,0.0,0.5,0.16,0.043677734375,0.0,0.0,0.0,1
341,34.10147425499963,7099.023107576,34097991,0,1,none,-0.10693359375,-0.11083984375,-0.10888671875,-0.0213623046875,4.56e-07,0.4447642543859649,0.4991455078125,0.2028125,0.0,0.5,0.16,0.04346875,0.0,0.0,0.0,1
342,34.20146030599972,7099.123106912,34197991,0,1,none,-0.10302734375,-0.10986328125,-0.1064453125,-0.0185546875,4.56e-07,0.44158400150767535,0.4998779296875,0.2013623046875,0.0,0.5,0.16,0.0424921875,0.0,0.0,0.0,1
343,34.30146475299989,7099.223109248,34297994,0,1,none,-0.1092529296875,-0.110595703125,-0.10992431640625,-0.0208740234375,4.64e-07,0.43982354525862066,0.506591796875,0.204078125,0.0,0.5,0.16,0.0419501953125,0.0,0.0,0.0,1
344,34.40146211699994,7099.323109584,34397995,0,1,none,-0.1083984375,-0.111083984375,-0.1097412109375,-0.0206298828125,4.64e-07,0.4386470400053879,0.506591796875,0.2035322265625,0.0,0.5,0.16,0.0436259765625,0.0,0.0,0.0,1
345,34.5014678360003,7099.423113912,34498000,0,1,none,-0.106201171875,-0.1121826171875,-0.10919189453125,-0.019775390625,4.56e-07,0.44319447299890347,0.4952392578125,0.2020966796875,0.0,0.5,0.16,0.04359765625,0.0,0.0,0.0,1
346,34.60145835700041,7099.523113248,34598000,0,1,none,-0.10546875,-0.1104736328125,-0.10797119140625,-0.02001953125,4.56e-07,0.4436977453399123,0.4979248046875,0.20232617187500002,0.0,0.5,0.16,0.0426357421875,0.0,0.0,0.0,1
347,34.70147061900025,7099.623113584,34698001,0,1,none,-0.1043701171875,-0.111572265625,-0.10797119140625,-0.019775390625,4.56e-07,0.44316663240131576,0.499755859375,0.202083984375,0.0,0.5,0.16,0.041962890625,0.0,0.0,0.0,1
348,34.801473796999744,7099.72311792,34798006,0,1,none,-0.1092529296875,-0.1107177734375,-0.1099853515625,-0.0206298828125,4.64e-07,0.4396509630926724,0.50732421875,0.203998046875,0.0,0.5,0.16,0.0416103515625,0.0,0.0,0.0,1
349,34.9014642760003,7099.823115256,34898004,0,1,none,-0.107421875,-0.1097412109375,-0.10858154296875,-0.0198974609375,4.64e-07,0.438855401400862,0.5029296875,0.20362890625,0.0,0.5,0.16,0.0431162109375,0.0,0.0,0.0,1
350,35.001459135000005,7099.923115592,34998005,0,1,none,-0.104736328125,-0.109375,-0.1070556640625,-0.0185546875,4.64e-07,0.43666655441810337,0.4991455078125,0.20261328125,0.0,0.5,0.16,0.0438330078125,0.0,0.0,0.0,1
351,35.10145902499971,7100.02311892,35098009,0,1,none,-0.1048583984375,-0.11181640625,-0.10833740234375,-0.0194091796875,4.56e-07,0.4455395079495614,0.5029296875,0.203166015625,0.0,0.5,0.16,0.04353125,0.0,0.0,0.0,1
352,35.20146982299957,7100.123122256,35198013,0,1,none,-0.1090087890625,-0.1103515625,-0.10968017578125,-0.0201416015625,4.64e-07,0.4399077316810344,0.5096435546875,0.2041171875,0.0,0.5,0.16,0.042883789062500004,0.0,0.0,0.0,1
353,35.30149171700032,7100.223130592,35298022,0,1,none,-0.10888671875,-0.1107177734375,-0.10980224609375,-0.020751953125,4.64e-07,0.43881330818965514,0.4989013671875,0.203609375,0.0,0.5,0.16,0.04406640625,0.0,0.0,0.0,1
354,35.40148574199975,7100.323124928,35398017,0,1,none,-0.1083984375,-0.11083984375,-0.109619140625,-0.0205078125,4.64e-07,0.43929317079741376,0.5035400390625,0.20383203125000002,0.0,0.5,0.16,0.04443359375,0.0,0.0,0.0,1
355,35.50146361200041,7100.423124264,35498017,0,1,none,-0.106201171875,-0.1103515625,-0.1082763671875,-0.0198974609375,4.64e-07,0.4385881095096983,0.5018310546875,0.2035048828125,0.0,0.5,0.16,0.044037109375,0.0,0.0,0.0,1
356,35.60146639699997,7100.523129592,35598023,0,1,none,-0.1046142578125,-0.1099853515625,-0.1072998046875,-0.018798828125,4.56e-07,0.44384765625,0.5020751953125,0.20239453125,0.0,0.5,0.16,0.04286328125,0.0,0.0,0.0,1
357,35.7015017800004,7100.623133928,35698028,0,1,none,-0.1085205078125,-0.1114501953125,-0.1099853515625,-0.02001953125,4.64e-07,0.4412862843480603,0.50537109375,0.2047568359375,0.0,0.5,0.16,0.04327734375,0.0,0.0,0.0,1
358,35.801485203000084,7100.723134264,35798029,0,1,none,-0.1090087890625,-0.1092529296875,-0.109130859375,-0.0208740234375,4.64e-07,0.4388069942079741,0.5096435546875,0.2036064453125,0.0,0.5,0.16,0.04425390625,0.0,0.0,0.0,1
359,35.90148121099992,7100.8231306,35898026,0,1,none,-0.10693359375,-0.109375,-0.108154296875,-0.0201416015625,4.64e-07,0.4380051185344827,0.5037841796875,0.203234375,0.0,0.5,0.16,0.04378125,0.0,0.0,0.0,1
360,36.00146524899992,7100.923127928,35998024,0,1,none,-0.1065673828125,-0.1129150390625,-0.1097412109375,-0.0205078125,4.56e-07,0.4454645524945175,0.4990234375,0.2031318359375,0.0,0.5,0.16,0.043716796875,0.0,0.0,0.0,1
361,36.10147357200003,7101.023131264,36098028,0,1,none,-0.1048583984375,-0.1090087890625,-0.10693359375,-0.0196533203125,4.56e-07,0.4424042283442982,0.4979248046875,0.201736328125,0.0,0.5,0.16,0.04236328125,0.0,0.0,0.0,1
362,36.201469487000395,7101.1231336,36198031,0,1,none,-0.1090087890625,-0.11083984375,-0.10992431640625,-0.0201416015625,4.64e-07,0.44023605872844823,0.5059814453125,0.20426953125,0.0,0.5,0.16,0.0419853515625,0.0,0.0,0.0,1
363,36.30147276699972,7101.223132936,36298031,0,1,none,-0.109375,-0.11083984375,-0.110107421875,-0.02197265625,4.64e-07,0.4379988045528017,0.5047607421875,0.2032314453125,0.0,0.5,0.16,0.043453125,0.0,0.0,0.0,1
364,36.40146040200034,7101.323133272,36398032,0,1,none,-0.10595703125,-0.1107177734375,-0.10833740234375,-0.0194091796875,4.64e-07,0.43747684873383624,0.503173828125,0.20298925781250002,0.0,0.5,0.16,0.0429921875,0.0,0.0,0.0,1
365,36.50146634900011,7101.4231356,36498035,0,1,none,-0.1064453125,-0.110595703125,-0.1085205078125,-0.0201416015625,4.56e-07,0.44444301672149117,0.4989013671875,0.202666015625,0.0,0.5,0.16,0.0427265625,0.0,0.0,0.0,1
366,36.60146363199965,7101.523135936,36598036,0,1,none,-0.105712890625,-0.1103515625,-0.1080322265625,-0.0208740234375,4.56e-07,0.44250916598135964,0.501953125,0.2017841796875,0.0,0.5,0.16,0.042134765625,0.0,0.0,0.0,1
367,36.70147703400016,7101.623139272,36698040,0,1,none,-0.1087646484375,-0.1112060546875,-0.1099853515625,-0.020263671875,4.64e-07,0.4385333883351292,0.4984130859375,0.2034794921875,0.0,0.5,0.16,0.0414365234375,0.0,0.0,0.0,1
368,36.80147296999985,7101.723140608,36798042,0,1,none,-0.1065673828125,-0.1109619140625,-0.1087646484375,-0.0191650390625,4.64e-07,0.43678020608836204,0.501708984375,0.202666015625,0.0,0.5,0.16,0.043310546875,0.0,0.0,0.0,1
369,36.90146775100038,7101.823139944,36898042,0,1,none,-0.10498046875,-0.1099853515625,-0.10748291015625,-0.0189208984375,4.64e-07,0.4366265658674568,0.5042724609375,0.2025947265625,0.0,0.5,0.16,0.042587890625,0.0,0.0,0.0,1
370,37.001466927000365,7101.923138272,36998041,0,1,none,-0.1044921875,-0.1114501953125,-0.10797119140625,-0.0191650390625,4.56e-07,0.44231856496710525,0.495849609375,0.201697265625,0.0,0.5,0.16,0.041555664062500004,0.0,0.0,0.0,1
371,37.101461557999755,7102.023141608,37098045,0,1,none,-0.1080322265625,-0.111328125,-0.10968017578125,-0.019775390625,4.64e-07,0.43836712015086204,0.5018310546875,0.20340234375,0.0,0.5,0.16,0.0416845703125,0.0,0.0,0.0,1
372,37.20145797999976,7102.123140944,37198045,0,1,none,-0.1097412109375,-0.1112060546875,-0.1104736328125,-0.0216064453125,4.64e-07,0.4390637627963362,0.50537109375,0.2037255859375,0.0,0.5,0.16,0.04416796875,0.0,0.0,0.0,1
373,37.3014646620004,7102.22314228,37298047,0,1,none,-0.1070556640625,-0.109619140625,-0.10833740234375,-0.0205078125,4.64e-07,0.4381461307920258,0.501708984375,0.2032998046875,0.0,0.5,0.16,0.04310546875,0.0,0.0,0.0,1
374,37.401453751999725,7102.323141608,37398047,0,1,none,-0.1068115234375,-0.1119384765625,-0.109375,-0.0208740234375,4.56e-07,0.4444237424616228,0.499267578125,0.20265722656250001,0.0,0.5,0.16,0.043111328125,0.0,0.0,0.0,1
375,37.50146503900032,7102.423141944,37498048,0,1,none,-0.104248046875,-0.1116943359375,-0.10797119140625,-0.0194091796875,4.56e-07,0.4444044682017544,0.495849609375,0.2026484375,0.0,0.5,0.16,0.0427744140625,0.0,0.0,0.0,1
376,37.601461119000305,7102.52315128,37598058,0,1,none,-0.10888671875,-0.1112060546875,-0.11004638671875,-0.0203857421875,4.64e-07,0.439648858432112,0.5079345703125,0.2039970703125,0.0,0.5,0.16,0.042330078125000004,0.0,0.0,0.0,1
377,37.70146435100014,7102.623147616,37698055,0,1,none,-0.106689453125,-0.108642578125,-0.107666015625,-0.0189208984375,4.64e-07,0.4380366884428879,0.50634765625,0.2032490234375,0.0,0.5,0.16,0.043860351562500004,0.0,0.0,0.0,1
378,37.80146735499966,7102.723151952,37798060,0,1,none,-0.106201171875,-0.110107421875,-0.108154296875,-0.0201416015625,4.64e-07,0.43874595905172414,0.5054931640625,0.203578125,0.0,0.5,0.16,0.043610351562500003,0.0,0.0,0.0,1
379,37.90146872399964,7102.82315028,37898059,0,1,none,-0.1033935546875,-0.1112060546875,-0.1072998046875,-0.0185546875,4.56e-07,0.4444729989035087,0.5020751953125,0.2026796875,0.0,0.5,0.16,0.043443359375000004,0.0,0.0,0.0,1
380,38.00147227100024,7102.923152616,37998062,0,1,none,-0.10888671875,-0.1099853515625,-0.10943603515625,-0.020263671875,4.64e-07,0.4412989123114224,0.5057373046875,0.2047626953125,0.0,0.5,0.16,0.043419921875,0.0,0.0,0.0,1
381,38.101463545000115,7103.023151952,38098062,0,1,none,-0.1090087890625,-0.1114501953125,-0.1102294921875,-0.021240234375,4.64e-07,0.44052229256465514,0.5062255859375,0.20440234375,0.0,0.5,0.16,0.0442216796875,0.0,0.0,0.0,1
382,38.20146238500001,7103.12315328,38198064,0,1,none,-0.104736328125,-0.1099853515625,-0.10736083984375,-0.018310546875,4.56e-07,0.4446828741776315,0.503173828125,0.202775390625,0.0,0.5,0.16,0.043984375,0.0,0.0,0.0,1
383,38.30146970599981,7103.223153616,38298065,0,1,none,-0.1048583984375,-0.11083984375,-0.10784912109375,-0.0198974609375,4.56e-07,0.444530821683114,0.49658203125,0.2027060546875,0.0,0.5,0.16,0.042732421875,0.0,0.0,0.0,1
384,38.40146415700019,7103.323155952,38398068,0,1,none,-0.1085205078125,-0.11181640625,-0.11016845703125,-0.0205078125,4.64e-07,0.4408821895204741,0.50927734375,0.2045693359375,0.0,0.5,0.16,0.0428017578125,0.0,0.0,0.0,1
385,38.50146974400013,7103.423157288,38498070,0,1,none,-0.1080322265625,-0.1109619140625,-0.1094970703125,-0.0194091796875,4.64e-07,0.43755051185344823,0.504638671875,0.20302343750000001,0.0,0.5,0.16,0.0429130859375,0.0,0.0,0.0,1
386,38.601470264000454,7103.523159624,38598073,0,1,none,-0.1058349609375,-0.11083984375,-0.10833740234375,-0.01904296875,4.64e-07,0.43343169113685337,0.49462890625,0.2011123046875,0.0,0.5,0.16,0.04173046875,0.0,0.0,0.0,1
387,38.70147800799987,7103.623161952,38698076,0,1,none,-0.10498046875,-0.111572265625,-0.1082763671875,-0.01953125,4.56e-07,0.44228644120065785,0.50048828125,0.2016826171875,0.0,0.5,0.16,0.04196875,0.0,0.0,0.0,1
388,38.80147365599987,7103.723164288,38798079,0,1,none,-0.1092529296875,-0.111572265625,-0.11041259765625,-0.02099609375,4.64e-07,0.44077695649245685,0.5078125,0.2045205078125,0.0,0.5,0.16,0.042474609375,0.0,0.0,0.0,1
389,38.9014697270004,7103.823161624,38898077,0,1,none,-0.107177734375,-0.109619140625,-0.1083984375,-0.0191650390625,4.64e-07,0.43759260506465514,0.5086669921875,0.20304296875,0.0,0.5,0.16,0.0437138671875,0.0,0.0,0.0,1
390,39.001458343000195,7103.92316196,38998078,0,1,none,-0.1064453125,-0.10986328125,-0.108154296875,-0.0196533203125,4.64e-07,0.43611934267241376,0.4986572265625,0.202359375,0.0,0.5,0.16,0.0431484375,0.0,0.0,0.0,1
391,39.10147417499957,7104.023162288,39098079,0,1,none,-0.1055908203125,-0.112548828125,-0.10906982421875,-0.0201416015625,4.56e-07,0.44319661458333337,0.4984130859375,0.20209765625,0.0,0.5,0.16,0.0424990234375,0.0,0.0,0.0,1
392,39.20145715400031,7104.123162624,39198080,0,1,none,-0.1099853515625,-0.1107177734375,-0.1103515625,-0.0213623046875,4.64e-07,0.43949521821120685,0.5042724609375,0.20392578125,0.0,0.5,0.16,0.042080078125,0.0,0.0,0.0,1
393,39.301479892000316,7104.22316396,39298082,0,1,none,-0.1082763671875,-0.110595703125,-0.10943603515625,-0.0203857421875,4.64e-07,0.43920477505387934,0.5068359375,0.20379101562500002,0.0,0.5,0.16,0.0441474609375,0.0,0.0,0.0,1
394,39.40146198900038,7104.323164296,39398083,0,1,none,-0.1082763671875,-0.111328125,-0.10980224609375,-0.0208740234375,4.64e-07,0.44033287311422414,0.501953125,0.20431445312500002,0.0,0.5,0.16,0.043544921875,0.0,0.0,0.0,1
395,39.501469928000006,7104.423169624,39498089,0,1,none,-0.105712890625,-0.1109619140625,-0.10833740234375,-0.01953125,4.56e-07,0.44476853755482454,0.501220703125,0.20281445312500002,0.0,0.5,0.16,0.0436396484375,0.0,0.0,0.0,1
396,39.60146117499971,7104.52317196,39598092,0,1,none,-0.1082763671875,-0.109619140625,-0.10894775390625,-0.01953125,4.64e-07,0.43905955347521547,0.5023193359375,0.2037236328125,0.0,0.5,0.16,0.042732421875,0.0,0.0,0.0,1
397,39.70146624300014,7104.623170296,39698091,0,1,none,-0.1083984375,-0.1102294921875,-0.10931396484375,-0.0203857421875,4.64e-07,0.4414883317618534,0.508544921875,0.2048505859375,0.0,0.5,0.16,0.04433203125,0.0,0.0,0.0,1
398,39.80147498899987,7104.723174632,39798096,0,1,none,-0.107421875,-0.109619140625,-0.1085205078125,-0.0201416015625,4.64e-07,0.43935420595366376,0.503662109375,0.20386035156250001,0.0,0.5,0.16,0.0440341796875,0.0,0.0,0.0,1
399,39.90147420999983,7104.82317496,39898097,0,1,none,-0.1077880859375,-0.11083984375,-0.10931396484375,-0.02197265625,4.56e-07,0.4462804961622807,0.5035400390625,0.20350390625,0.0,0.5,0.16,0.0438232421875,0.0,0.0,0.0,1
400,40.00146639899958,7104.923174296,39998097,0,1,none,-0.1044921875,-0.111572265625,-0.1080322265625,-0.02001953125,4.56e-07,0.44376627604166663,0.500244140625,0.202357421875,0.0,0.5,0.16,0.042337890625,0.0,0.0,0.0,1
401,40.101465112999904,7105.023174632,40098098,0,1,none,-0.1090087890625,-0.1109619140625,-0.1099853515625,-0.021240234375,4.64e-07,0.43866387728987066,0.502685546875,0.2035400390625,0.0,0.5,0.16,0.0436962890625,0.0,0.0,0.0,1
402,40.20146233600008,7105.123172968,40198097,0,1,none,-0.1072998046875,-0.1116943359375,-0.1094970703125,-0.0196533203125,4.64e-07,0.4371779869342672,0.50244140625,0.2028505859375,0.0,0.5,0.16,0.0433701171875,0.0,0.0,0.0,1
403,40.30145912700027,7105.223178296,40298103,0,1,none,-0.1060791015625,-0.110595703125,-0.10833740234375,-0.02001953125,4.56e-07,0.44397400973135964,0.5032958984375,0.2024521484375,0.0,0.5,0.16,0.043515625,0.0,0.0,0.0,1
404,40.40147037499992,7105.323185632,40398111,0,1,none,-0.1051025390625,-0.111328125,-0.10821533203125,-0.0205078125,4.56e-07,0.44386693050986836,0.50732421875,0.2024033203125,0.0,0.5,0.16,0.0424501953125,0.0,0.0,0.0,1
405,40.50146496100024,7105.423181968,40498108,0,1,none,-0.10791015625,-0.109375,-0.108642578125,-0.02001953125,4.64e-07,0.43679072939116376,0.502685546875,0.2026708984375,0.0,0.5,0.16,0.042892578125000004,0.0,0.0,0.0,1
406,40.60146512099982,7105.523178304,40598105,0,1,none,-0.1082763671875,-0.110595703125,-0.10943603515625,-0.02099609375,4.64e-07,0.4393331593480603,0.5054931640625,0.2038505859375,0.0,0.5,0.16,0.0445087890625,0.0,0.0,0.0,1
407,40.70146564100014,7105.623183632,40698111,0,1,none,-0.1053466796875,-0.1109619140625,-0.108154296875,-0.01904296875,4.56e-07,0.4436613384046052,0.5057373046875,0.2023095703125,0.0,0.5,0.16,0.04409375,0.0,0.0,0.0,1
408,40.8015132190003,7105.723193968,40798122,0,1,none,-0.1033935546875,-0.111083984375,-0.10723876953125,-0.0189208984375,4.56e-07,0.4429460492050439,0.4981689453125,0.20198339843750002,0.0,0.5,0.16,0.0414501953125,0.0,0.0,0.0,1
409,40.90148309699998,7105.823189304,40898118,0,1,none,-0.108154296875,-0.1123046875,-0.1102294921875,-0.0198974609375,4.64e-07,0.43633401804956895,0.5030517578125,0.202458984375,0.0,0.5,0.16,0.0435458984375,0.0,0.0,0.0,1
410,41.00146900100026,7105.92318464,40998114,0,1,none,-0.108642578125,-0.1097412109375,-0.10919189453125,-0.021484375,4.64e-07,0.436767578125,0.5003662109375,0.20266015625,0.0,0.5,0.16,0.0430078125,0.0,0.0,0.0,1
411,41.10147787299957,7106.023194968,41098125,0,1,none,-0.10595703125,-0.11083984375,-0.1083984375,-0.019775390625,4.56e-07,0.44284111156798245,0.5010986328125,0.201935546875,0.0,0.5,0.16,0.042794921875,0.0,0.0,0.0,1
412,41.201473082999655,7106.123187304,41198118,0,1,none,-0.104736328125,-0.1092529296875,-0.10699462890625,-0.0196533203125,4.56e-07,0.4390397992050438,0.497314453125,0.2002021484375,0.0,0.5,0.16,0.0400244140625,0.0,0.0,0.0,1
413,41.30146206500012,7106.22318764,41298119,0,1,none,-0.107666015625,-0.1082763671875,-0.10797119140625,-0.019287109375,4.64e-07,0.4370222420528017,0.5006103515625,0.2027783203125,0.0,0.5,0.16,0.04140625,0.0,0.0,0.0,1
414,41.40146207500038,7106.323186976,41398119,0,1,none,-0.1083984375,-0.1104736328125,-0.10943603515625,-0.0208740234375,4.64e-07,0.43785147831357757,0.5015869140625,0.20316308593750002,0.0,0.5,0.16,0.042662109375,0.0,0.0,0.0,1
415,41.501457051000216,7106.423190312,41498123,0,1,none,-0.1065673828125,-0.109130859375,-0.10784912109375,-0.0201416015625,4.64e-07,0.4345240099676724,0.5010986328125,0.201619140625,0.0,0.5,0.16,0.042173828125,0.0,0.0,0.0,1
416,41.60147369599963,7106.52319964,41598133,0,1,none,-0.105224609375,-0.111328125,-0.1082763671875,-0.0203857421875,4.56e-07,0.44446229098135964,0.5008544921875,0.20267480468750002,0.0,0.5,0.16,0.042021484375,0.0,0.0,0.0,1
417,41.70147064299999,7106.623194976,41698129,0,1,none,-0.1090087890625,-0.1102294921875,-0.109619140625,-0.0206298828125,4.64e-07,0.4392279263200431,0.50927734375,0.2038017578125,0.0,0.5,0.16,0.0405595703125,0.0,0.0,0.0,1
418,41.801468720999765,7106.723195312,41798130,0,1,none,-0.107177734375,-0.1116943359375,-0.10943603515625,-0.0194091796875,4.64e-07,0.4393015894396552,0.50390625,0.2038359375,0.0,0.5,0.16,0.0430166015625,0.0,0.0,0.0,1
419,41.90146776799975,7106.82319464,41898130,0,1,none,-0.106201171875,-0.1107177734375,-0.10845947265625,-0.0194091796875,4.56e-07,0.44296532346491224,0.4976806640625,0.2019921875,0.0,0.5,0.16,0.042318359375,0.0,0.0,0.0,1
420,42.00145786600024,7106.923194976,41998131,0,1,none,-0.1046142578125,-0.1119384765625,-0.1082763671875,-0.0201416015625,4.56e-07,0.4425498560855263,0.4998779296875,0.20180273437500001,0.0,0.5,0.16,0.04239453125,0.0,0.0,0.0,1
421,42.10146699899997,7107.023196312,42098133,0,1,none,-0.1085205078125,-0.1109619140625,-0.1097412109375,-0.0198974609375,4.64e-07,0.4391163793103448,0.50537109375,0.20375000000000001,0.0,0.5,0.16,0.0441201171875,0.0,0.0,0.0,1
422,42.20146207400012,7107.123200648,42198138,0,1,none,-0.108154296875,-0.112060546875,-0.110107421875,-0.020263671875,4.64e-07,0.43936472925646547,0.505615234375,0.203865234375,0.0,0.5,0.16,0.0433330078125,0.0,0.0,0.0,1
423,42.301475137000125,7107.223199976,42298138,0,1,none,-0.107177734375,-0.11083984375,-0.1090087890625,-0.0208740234375,4.56e-07,0.44233569764254377,0.497314453125,0.201705078125,0.0,0.5,0.16,0.0433251953125,0.0,0.0,0.0,1
424,42.401459282999895,7107.323200312,42398139,0,1,none,-0.1046142578125,-0.111328125,-0.10797119140625,-0.0198974609375,4.56e-07,0.4437705592105263,0.5,0.202359375,0.0,0.5,0.16,0.042658203125,0.0,0.0,0.0,1
425,42.50146282100013,7107.423200648,42498140,0,1,none,-0.108154296875,-0.110595703125,-0.109375,-0.02001953125,4.64e-07,0.44060226966594823,0.5078125,0.204439453125,0.0,0.5,0.16,0.0444033203125,0.0,0.0,0.0,1
426,42.601454487999945,7107.523203984,42598144,0,1,none,-0.1070556640625,-0.1097412109375,-0.1083984375,-0.0194091796875,4.64e-07,0.4390027276400862,0.5089111328125,0.203697265625,0.0,0.5,0.16,0.044580078125,0.0,0.0,0.0,1
427,42.701469902999634,7107.62320632,42698147,0,1,none,-0.107177734375,-0.109619140625,-0.1083984375,-0.0203857421875,4.64e-07,0.43861757475754304,0.5084228515625,0.2035185546875,0.0,0.5,0.16,0.04447265625,0.0,0.0,0.0,1
428,42.801468067000314,7107.723204648,42798146,0,1,none,-0.10498046875,-0.111083984375,-0.1080322265625,-0.0198974609375,4.56e-07,0.4445201137609649,0.5001220703125,0.202701171875,0.0,0.5,0.16,0.0437763671875,0.0,0.0,0.0,1
429,42.901467591000255,7107.823202984,42898145,0,1,none,-0.1090087890625,-0.110107421875,-0.10955810546875,-0.0208740234375,4.64e-07,0.4393794618803879,0.502685546875,0.20387207031250001,0.0,0.5,0.16,0.042234375,0.0,0.0,0.0,1
430,43.00147149799977,7107.92320732,42998150,0,1,none,-0.1072998046875,-0.1090087890625,-0.108154296875,-0.0198974609375,4.64e-07,0.43795250202047414,0.5,0.20320996093750002,0.0,0.5,0.16,0.0442255859375,0.0,0.0,0.0,1
431,43.10146261299997,7108.023208656,43098152,0,1,none,-0.1080322265625,-0.111328125,-0.10968017578125,-0.021240234375,4.64e-07,0.43931632206357757,0.5009765625,0.2038427734375,0.0,0.5,0.16,0.0435068359375,0.0,0.0,0.0,1
432,43.20146865300012,7108.123206984,43198151,0,1,none,-0.1058349609375,-0.1109619140625,-0.1083984375,-0.0203857421875,4.56e-07,0.4414961965460526,0.5048828125,0.201322265625,0.0,0.5,0.16,0.042107421875,0.0,0.0,0.0,1
433,43.301452831999995,7108.22320732,43298152,0,1,none,-0.10986328125,-0.111083984375,-0.1104736328125,-0.0216064453125,4.64e-07,0.43782832704741376,0.5035400390625,0.20315234375,0.0,0.5,0.16,0.041061523437500004,0.0,0.0,0.0,1
434,43.40146671999992,7108.323209656,43398155,0,1,none,-0.1090087890625,-0.1109619140625,-0.1099853515625,-0.0208740234375,4.64e-07,0.4383081896551723,0.503662109375,0.203375,0.0,0.5,0.16,0.043181640625,0.0,0.0,0.0,1
435,43.50145329000043,7108.423211992,43498158,0,1,none,-0.1068115234375,-0.1103515625,-0.10858154296875,-0.0201416015625,4.64e-07,0.43703487001616376,0.501708984375,0.2027841796875,0.0,0.5,0.16,0.043544921875,0.0,0.0,0.0,1
436,43.60147206199963,7108.52322032,43598167,0,1,none,-0.1064453125,-0.1107177734375,-0.10858154296875,-0.020263671875,4.56e-07,0.44284967790570173,0.4976806640625,0.201939453125,0.0,0.5,0.16,0.04135546875,0.0,0.0,0.0,1
437,43.70147894799993,7108.623216656,43698164,0,1,none,-0.10986328125,-0.110107421875,-0.1099853515625,-0.02099609375,4.64e-07,0.4385649582435345,0.5059814453125,0.20349414062500001,0.0,0.5,0.16,0.0410283203125,0.0,0.0,0.0,1
438,43.801468919999934,7108.723217992,43798166,0,1,none,-0.1094970703125,-0.110107421875,-0.10980224609375,-0.02197265625,4.64e-07,0.43745790678879304,0.50390625,0.20298046875,0.0,0.5,0.16,0.042869140625,0.0,0.0,0.0,1
439,43.90146517999983,7108.823216328,43898165,0,1,none,-0.10693359375,-0.109375,-0.108154296875,-0.020263671875,4.64e-07,0.43655921672952586,0.496826171875,0.2025634765625,0.0,0.5,0.16,0.042827148437500004,0.0,0.0,0.0,1
440,44.00146743099958,7108.923220656,43998170,0,1,none,-0.1053466796875,-0.1103515625,-0.10784912109375,-0.019287109375,4.56e-07,0.4430488452576754,0.4991455078125,0.2020302734375,0.0,0.5,0.16,0.0429033203125,0.0,0.0,0.0,1
441,44.10147726299965,7109.023221992,44098172,0,1,none,-0.1024169921875,-0.111083984375,-0.10675048828125,-0.01806640625,4.56e-07,0.4408430132949561,0.49609375,0.20102441406250002,0.0,0.5,0.16,0.0420078125,0.0,0.0,0.0,1
442,44.2014603560001,7109.123221328,44198172,0,1,none,-0.1072998046875,-0.1097412109375,-0.1085205078125,-0.0191650390625,4.64e-07,0.43762207031249994,0.50537109375,0.203056640625,0.0,0.5,0.16,0.043187500000000004,0.0,0.0,0.0,1
443,44.301469957000336,7109.223223664,44298175,0,1,none,-0.107421875,-0.1116943359375,-0.10955810546875,-0.0211181640625,4.64e-07,0.43833975956357757,0.50244140625,0.20338964843750001,0.0,0.5,0.16,0.0434638671875,0.0,0.0,0.0,1
444,44.40145923599994,7109.323222992,44398175,0,1,none,-0.1041259765625,-0.1119384765625,-0.1080322265625,-0.0181884765625,4.56e-07,0.4438904879385965,0.49609375,0.2024140625,0.0,0.5,0.16,0.0428466796875,0.0,0.0,0.0,1
445,44.50147130000005,7109.423224328,44498177,0,1,none,-0.1053466796875,-0.11083984375,-0.10809326171875,-0.0203857421875,4.56e-07,0.4444108929550438,0.4990234375,0.20265136718750001,0.0,0.5,0.16,0.04258984375,0.0,0.0,0.0,1
446,44.60145653200016,7109.523225664,44598179,0,1,none,-0.1085205078125,-0.1102294921875,-0.109375,-0.0198974609375,4.64e-07,0.43936472925646547,0.513916015625,0.203865234375,0.0,0.5,0.16,0.04151171875,0.0,0.0,0.0,1
447,44.70146122500046,7109.623227,44698181,0,1,none,-0.1085205078125,-0.110107421875,-0.10931396484375,-0.0208740234375,4.64e-07,0.4385544349407327,0.50634765625,0.2034892578125,0.0,0.5,0.16,0.043985351562500004,0.0,0.0,0.0,1
448,44.801467342999786,7109.723225328,44798180,0,1,none,-0.106201171875,-0.111572265625,-0.10888671875,-0.0201416015625,4.56e-07,0.4429674650493421,0.497314453125,0.2019931640625,0.0,0.5,0.16,0.042685546875,0.0,0.0,0.0,1
449,44.90145870099968,7109.823227664,44898183,0,1,none,-0.105224609375,-0.111083984375,-0.108154296875,-0.0203857421875,4.56e-07,0.44301029673793857,0.5020751953125,0.20201269531250002,0.0,0.5,0.16,0.042337890625,0.0,0.0,0.0,1
450,45.00146505900011,7109.923226,44998182,0,1,none,-0.108642578125,-0.11083984375,-0.1097412109375,-0.0198974609375,4.64e-07,0.4385923188308189,0.5029296875,0.2035068359375,0.0,0.5,0.16,0.0413974609375,0.0,0.0,0.0,1
451,45.10146758300016,7110.023229336,45098186,0,1,none,-0.1085205078125,-0.1107177734375,-0.109619140625,-0.0205078125,4.64e-07,0.4361214473329741,0.5023193359375,0.2023603515625,0.0,0.5,0.16,0.0427626953125,0.0,0.0,0.0,1
452,45.201463714000056,7110.123230672,45198188,0,1,none,-0.1072998046875,-0.110107421875,-0.10870361328125,-0.020263671875,4.64e-07,0.43651712351831895,0.506591796875,0.2025439453125,0.0,0.5,0.16,0.042452148437500004,0.0,0.0,0.0,1
453,45.30146684099964,7110.223234,45298192,0,1,none,-0.1048583984375,-0.1116943359375,-0.1082763671875,-0.019287109375,4.56e-07,0.4435778166118421,0.498046875,0.202271484375,0.0,0.5,0.16,0.042148437500000004,0.0,0.0,0.0,1
454,45.40146407300017,7110.323234336,45398193,0,1,none,-0.1097412109375,-0.1112060546875,-0.1104736328125,-0.020751953125,4.64e-07,0.4405433391702586,0.5120849609375,0.204412109375,0.0,0.5,0.16,0.0425810546875,0.0,0.0,0.0,1
455,45.50146975900043,7110.423233672,45498193,0,1,none,-0.1070556640625,-0.1099853515625,-0.1085205078125,-0.0189208984375,4.64e-07,0.44030551252693967,0.505126953125,0.2043017578125,0.0,0.5,0.16,0.044705078125,0.0,0.0,0.0,1
456,45.60146592900037,7110.523240008,45598200,0,1,none,-0.10791015625,-0.10986328125,-0.10888671875,-0.0208740234375,4.64e-07,0.4391753098060344,0.508544921875,0.20377734375,0.0,0.5,0.16,0.044728515625,0.0,0.0,0.0,1
457,45.70146297500014,7110.623235336,45698196,0,1,none,-0.10595703125,-0.1124267578125,-0.10919189453125,-0.019287109375,4.56e-07,0.44534890693530704,0.4964599609375,0.2030791015625,0.0,0.5,0.16,0.04353515625,0.0,0.0,0.0,1
458,45.80146785099987,7110.723238672,45798200,0,1,none,-0.105224609375,-0.1107177734375,-0.10797119140625,-0.02001953125,4.56e-07,0.4425434313322368,0.4971923828125,0.2017998046875,0.0,0.5,0.16,0.0420390625,0.0,0.0,0.0,1
459,45.90150311399975,7110.823248008,45898210,0,1,none,-0.109375,-0.11083984375,-0.110107421875,-0.0206298828125,4.64e-07,0.4390953327047413,0.5076904296875,0.203740234375,0.0,0.5,0.16,0.0436181640625,0.0,0.0,0.0,1
460,46.00147644200024,7110.923243344,45998206,0,1,none,-0.107421875,-0.111572265625,-0.1094970703125,-0.0201416015625,4.64e-07,0.44039811759159475,0.511474609375,0.2043447265625,0.0,0.5,0.16,0.044649414062500004,0.0,0.0,0.0,1
461,46.10148658599974,7111.02324268,46098206,0,1,none,-0.10595703125,-0.11083984375,-0.1083984375,-0.0194091796875,4.64e-07,0.43990352235991376,0.505126953125,0.204115234375,0.0,0.5,0.16,0.044595703125000004,0.0,0.0,0.0,1
462,46.2014711009997,7111.123244008,46198208,0,1,none,-0.1051025390625,-0.1112060546875,-0.108154296875,-0.01904296875,4.56e-07,0.44272118283991224,0.4998779296875,0.201880859375,0.0,0.5,0.16,0.0428994140625,0.0,0.0,0.0,1
463,46.30147368800044,7111.223243344,46298208,0,1,none,-0.109130859375,-0.1114501953125,-0.11029052734375,-0.0198974609375,4.64e-07,0.43693384630926724,0.502685546875,0.2027373046875,0.0,0.5,0.16,0.0410234375,0.0,0.0,0.0,1
464,46.40146300299966,7111.32324468,46398210,0,1,none,-0.1070556640625,-0.1099853515625,-0.1085205078125,-0.0194091796875,4.64e-07,0.4369212183459052,0.5050048828125,0.2027314453125,0.0,0.5,0.16,0.042865234375,0.0,0.0,0.0,1
465,46.501466351999625,7111.423247016,46498213,0,1,none,-0.1080322265625,-0.1102294921875,-0.109130859375,-0.020751953125,4.64e-07,0.4367444268588362,0.5091552734375,0.2026494140625,0.0,0.5,0.16,0.0435302734375,0.0,0.0,0.0,1
466,46.60146288800024,7111.523248344,46598215,0,1,none,-0.106689453125,-0.111328125,-0.1090087890625,-0.020263671875,4.56e-07,0.44085157963267546,0.4991455078125,0.2010283203125,0.0,0.5,0.16,0.042697265625,0.0,0.0,0.0,1
467,46.7014708480001,7111.62324968,46698217,0,1,none,-0.1048583984375,-0.1119384765625,-0.1083984375,-0.019287109375,4.56e-07,0.4414555064418859,0.4951171875,0.2013037109375,0.0,0.5,0.16,0.0412158203125,0.0,0.0,0.0,1
468,46.80147587400006,7111.723254016,46798222,0,1,none,-0.109130859375,-0.110107421875,-0.109619140625,-0.020751953125,4.64e-07,0.4377294080010775,0.506103515625,0.2031064453125,0.0,0.5,0.16,0.0418955078125,0.0,0.0,0.0,1
469,46.9014601279996,7111.823249352,46898218,0,1,none,-0.108642578125,-0.1114501953125,-0.11004638671875,-0.0206298828125,4.64e-07,0.4388911806303879,0.5057373046875,0.20364550781250002,0.0,0.5,0.16,0.0441337890625,0.0,0.0,0.0,1
470,47.00146214199958,7111.923250688,46998220,0,1,none,-0.1064453125,-0.1107177734375,-0.10858154296875,-0.019775390625,4.64e-07,0.43749158135775856,0.500244140625,0.20299609375,0.0,0.5,0.16,0.0433427734375,0.0,0.0,0.0,1
471,47.101462994999565,7112.023254016,47098224,0,1,none,-0.1063232421875,-0.1119384765625,-0.109130859375,-0.0205078125,4.56e-07,0.4435242770010964,0.49755859375,0.2022470703125,0.0,0.5,0.16,0.0424931640625,0.0,0.0,0.0,1
472,47.20147009399989,7112.123255352,47198226,0,1,none,-0.104248046875,-0.1114501953125,-0.10784912109375,-0.0198974609375,4.56e-07,0.4418495579769737,0.4967041015625,0.20148339843750002,0.0,0.5,0.16,0.040443359375,0.0,0.0,0.0,1
473,47.30146576900006,7112.223254688,47298226,0,1,none,-0.1083984375,-0.1102294921875,-0.10931396484375,-0.0208740234375,4.64e-07,0.4354900491648706,0.5037841796875,0.2020673828125,0.0,0.5,0.16,0.043205078125000004,0.0,0.0,0.0,1
474,47.40147039600015,7112.323255024,47398227,0,1,none,-0.108154296875,-0.109619140625,-0.10888671875,-0.020751953125,4.64e-07,0.43671075228987066,0.504638671875,0.2026337890625,0.0,0.5,0.16,0.042583007812500004,0.0,0.0,0.0,1
475,47.50145390000034,7112.42325636,47498229,0,1,none,-0.106201171875,-0.1097412109375,-0.10797119140625,-0.0194091796875,4.64e-07,0.4366960196659483,0.505126953125,0.202626953125,0.0,0.5,0.16,0.0427265625,0.0,0.0,0.0,1
476,47.601461203000326,7112.523261688,47598235,0,1,none,-0.106201171875,-0.111083984375,-0.108642578125,-0.0206298828125,4.56e-07,0.44269334224232454,0.5040283203125,0.2018681640625,0.0,0.5,0.16,0.042197265625,0.0,0.0,0.0,1
477,47.7014717789998,7112.623260024,47698234,0,1,none,-0.10986328125,-0.1107177734375,-0.11029052734375,-0.0208740234375,4.64e-07,0.43872491244612066,0.5010986328125,0.203568359375,0.0,0.5,0.16,0.04196484375,0.0,0.0,0.0,1
478,47.80146545600019,7112.72326136,47798236,0,1,none,-0.109130859375,-0.1103515625,-0.1097412109375,-0.021240234375,4.64e-07,0.438360806169181,0.5025634765625,0.2033994140625,0.0,0.5,0.16,0.0433134765625,0.0,0.0,0.0,1
479,47.90146381300019,7112.823261696,47898237,0,1,none,-0.1070556640625,-0.1094970703125,-0.1082763671875,-0.0198974609375,4.64e-07,0.4373084758890086,0.5037841796875,0.2029111328125,0.0,0.5,0.16,0.042845703125,0.0,0.0,0.0,1
480,48.00146172000041,7112.923265024,47998241,0,1,none,-0.1060791015625,-0.1119384765625,-0.1090087890625,-0.0201416015625,4.56e-07,0.44344503837719296,0.50341796875,0.2022109375,0.0,0.5,0.16,0.0434189453125,0.0,0.0,0.0,1
481,48.10146139999961,7113.02326436,48098241,0,1,none,-0.1046142578125,-0.1094970703125,-0.1070556640625,-0.0196533203125,4.56e-07,0.4406888192160088,0.5001220703125,0.20095410156250001,0.0,0.5,0.16,0.0425966796875,0.0,0.0,0.0,1
482,48.20145488799972,7113.123262696,48198240,0,1,none,-0.1087646484375,-0.1114501953125,-0.110107421875,-0.0201416015625,4.64e-07,0.4382513638200431,0.5037841796875,0.2033486328125,0.0,0.5,0.16,0.0413466796875,0.0,0.0,0.0,1
483,48.30146357099966,7113.223266032,48298244,0,1,none,-0.1087646484375,-0.1094970703125,-0.109130859375,-0.021728515625,4.64e-07,0.438299771012931,0.5079345703125,0.20337109375,0.0,0.5,0.16,0.043646484375,0.0,0.0,0.0,1
484,48.40146122900023,7113.323266368,48398245,0,1,none,-0.1068115234375,-0.110595703125,-0.10870361328125,-0.0203857421875,4.64e-07,0.4366770777209051,0.500244140625,0.2026181640625,0.0,0.5,0.16,0.043666015625,0.0,0.0,0.0,1
485,48.501465948999794,7113.423266696,48498246,0,1,none,-0.1055908203125,-0.112060546875,-0.10882568359375,-0.0196533203125,4.56e-07,0.44659745065789475,0.505126953125,0.2036484375,0.0,0.5,0.16,0.0438583984375,0.0,0.0,0.0,1
486,48.601465362000454,7113.523269032,48598249,0,1,none,-0.1043701171875,-0.1107177734375,-0.1075439453125,-0.0198974609375,4.56e-07,0.44526324355811403,0.50244140625,0.2030400390625,0.0,0.5,0.16,0.042515625,0.0,0.0,0.0,1
487,48.70146856999963,7113.623274368,48698255,0,1,none,-0.1077880859375,-0.1112060546875,-0.1094970703125,-0.0196533203125,4.64e-07,0.440008755387931,0.5028076171875,0.2041640625,0.0,0.5,0.16,0.0452783203125,0.0,0.0,0.0,1
488,48.80147097700046,7113.723271704,48798253,0,1,none,-0.1087646484375,-0.11083984375,-0.10980224609375,-0.0213623046875,4.64e-07,0.4413746800915948,0.509765625,0.2047978515625,0.0,0.5,0.16,0.043939453125,0.0,0.0,0.0,1
489,48.90146170200023,7113.82327304,48898255,0,1,none,-0.1055908203125,-0.1104736328125,-0.1080322265625,-0.0194091796875,4.64e-07,0.4374073949353448,0.4957275390625,0.20295703125,0.0,0.5,0.16,0.0437890625,0.0,0.0,0.0,1
490,49.00146912499986,7113.923273368,48998256,0,1,none,-0.1044921875,-0.11083984375,-0.107666015625,-0.0194091796875,4.56e-07,0.44501481976425433,0.5020751953125,0.2029267578125,0.0,0.5,0.16,0.043208984375,0.0,0.0,0.0,1
491,49.101465955000094,7114.023275704,49098259,0,1,none,-0.1080322265625,-0.110595703125,-0.10931396484375,-0.0196533203125,4.64e-07,0.44130522629310337,0.4993896484375,0.204765625,0.0,0.5,0.16,0.04279296875,0.0,0.0,0.0,1
492,49.20146381700033,7114.12328004,49198264,0,1,none,-0.10791015625,-0.110107421875,-0.1090087890625,-0.0205078125,4.64e-07,0.4368980670797414,0.50634765625,0.202720703125,0.0,0.5,0.16,0.0437919921875,0.0,0.0,0.0,1
493,49.301470430000336,7114.223276376,49298261,0,1,none,-0.1075439453125,-0.1090087890625,-0.1082763671875,-0.0205078125,4.64e-07,0.43846814385775856,0.5057373046875,0.20344921875,0.0,0.5,0.16,0.0436044921875,0.0,0.0,0.0,1
494,49.401461632000064,7114.323277704,49398263,0,1,none,-0.1058349609375,-0.1103515625,-0.10809326171875,-0.0201416015625,4.56e-07,0.4440832305372807,0.50341796875,0.202501953125,0.0,0.5,0.16,0.043312500000000004,0.0,0.0,0.0,1
495,49.501461627000026,7114.42327904,49498265,0,1,none,-0.1051025390625,-0.11083984375,-0.10797119140625,-0.020263671875,4.56e-07,0.4443894771107456,0.5074462890625,0.2026416015625,0.0,0.5,0.16,0.042889648437500004,0.0,0.0,0.0,1
496,49.60146695900039,7114.523285376,49598272,0,1,none,-0.1094970703125,-0.1102294921875,-0.10986328125,-0.0211181640625,4.64e-07,0.4398130219558189,0.5059814453125,0.2040732421875,0.0,0.5,0.16,0.041701171875,0.0,0.0,0.0,1
497,49.7014664139997,7114.623281712,49698269,0,1,none,-0.107666015625,-0.1114501953125,-0.10955810546875,-0.0196533203125,4.64e-07,0.4378914668642241,0.501220703125,0.203181640625,0.0,0.5,0.16,0.0455615234375,0.0,0.0,0.0,1
498,49.80145512299987,7114.72328304,49798271,0,1,none,-0.1065673828125,-0.111083984375,-0.10882568359375,-0.0201416015625,4.56e-07,0.44498483758223684,0.505126953125,0.20291308593750002,0.0,0.5,0.16,0.04416015625,0.0,0.0,0.0,1
499,49.90146827599983,7114.823283376,49898272,0,1,none,-0.105224609375,-0.1121826171875,-0.10870361328125,-0.0198974609375,4.56e-07,0.4460898951480263,0.50341796875,0.2034169921875,0.0,0.5,0.16,0.0441572265625,0.0,0.0,0.0,1
500,50.001455751999856,7114.923282712,49998272,0,1,none,-0.109130859375,-0.1119384765625,-0.11053466796875,-0.020263671875,4.64e-07,0.4417998215247844,0.506103515625,0.2049951171875,0.0,0.5,0.16,0.0436650390625,0.0,0.0,0.0,1
501,50.101461678000305,7115.023284048,50098274,0,1,none,-0.1083984375,-0.1103515625,-0.109375,-0.0206298828125,4.64e-07,0.439587823275862,0.5069580078125,0.20396875,0.0,0.5,0.16,0.0445732421875,0.0,0.0,0.0,1
502,50.20146010700046,7115.123287384,50198278,0,1,none,-0.1072998046875,-0.112060546875,-0.10968017578125,-0.0203857421875,4.64e-07,0.4391584725215517,0.502685546875,0.20376953125,0.0,0.5,0.16,0.044548828125,0.0,0.0,0.0,1
503,50.301468360999934,7115.223284712,50298276,0,1,none,-0.104736328125,-0.1126708984375,-0.10870361328125,-0.01953125,4.56e-07,0.44480280290570173,0.502685546875,0.202830078125,0.0,0.5,0.16,0.0441396484375,0.0,0.0,0.0,1
504,50.401462601000276,7115.323295048,50398287,0,1,none,-0.10302734375,-0.111328125,-0.107177734375,-0.0186767578125,4.56e-07,0.44508549205043857,0.498779296875,0.202958984375,0.0,0.5,0.16,0.0436064453125,0.0,0.0,0.0,1
505,50.50146190000032,7115.423291384,50498284,0,1,none,-0.10888671875,-0.10888671875,-0.10888671875,-0.0208740234375,4.64e-07,0.4422565328663793,0.5074462890625,0.20520703125,0.0,0.5,0.16,0.042564453125,0.0,0.0,0.0,1
506,50.60145539400037,7115.52328872,50598282,0,1,none,-0.107666015625,-0.10986328125,-0.1087646484375,-0.0198974609375,4.64e-07,0.439343682650862,0.509765625,0.20385546875,0.0,0.5,0.16,0.044595703125000004,0.0,0.0,0.0,1
507,50.70146502500029,7115.623295048,50698289,0,1,none,-0.1072998046875,-0.111328125,-0.10931396484375,-0.020751953125,4.56e-07,0.4449505722313596,0.5013427734375,0.2028974609375,0.0,0.5,0.16,0.043671875,0.0,0.0,0.0,1
508,50.80146819699985,7115.723293384,50798288,0,1,none,-0.103759765625,-0.1114501953125,-0.10760498046875,-0.018798828125,4.56e-07,0.44567442776864036,0.5067138671875,0.20322753906250002,0.0,0.5,0.16,0.0431103515625,0.0,0.0,0.0,1
509,50.90149626600032,7115.82330472,50898300,0,1,none,-0.1092529296875,-0.112060546875,-0.11065673828125,-0.02099609375,4.64e-07,0.4427153488685344,0.5162353515625,0.205419921875,0.0,0.5,0.16,0.04221484375,0.0,0.0,0.0,1
510,51.00147588799973,7115.923301056,50998297,0,1,none,-0.109130859375,-0.1104736328125,-0.10980224609375,-0.0216064453125,4.64e-07,0.44115369073275856,0.504150390625,0.2046953125,0.0,0.5,0.16,0.04425,0.0,0.0,0.0,1
511,51.10148376399957,7116.023299392,51098296,0,1,none,-0.108154296875,-0.1119384765625,-0.11004638671875,-0.0206298828125,4.64e-07,0.44147359913793094,0.509521484375,0.20484375,0.0,0.5,0.16,0.0448642578125,0.0,0.0,0.0,1
512,51.20146530599959,7116.12330072,51198298,0,1,none,-0.1064453125,-0.111083984375,-0.1087646484375,-0.0203857421875,4.56e-07,0.4455866228070175,0.5025634765625,0.2031875,0.0,0.5,0.16,0.0439990234375,0.0,0.0,0.0,1
513,51.30147268099972,7116.223297056,51298295,0,1,none,-0.104248046875,-0.1097412109375,-0.10699462890625,-0.0194091796875,4.56e-07,0.4439461691337719,0.507080078125,0.202439453125,0.0,0.5,0.16,0.0436025390625,0.0,0.0,0.0,1
514,51.4014618250003,7116.323300392,51398299,0,1,none,-0.1094970703125,-0.111328125,-0.11041259765625,-0.021728515625,4.64e-07,0.4420418574892241,0.5069580078125,0.205107421875,0.0,0.5,0.16,0.0441484375,0.0,0.0,0.0,1
515,51.501468753000154,7116.423297728,51498297,0,1,none,-0.108154296875,-0.109130859375,-0.108642578125,-0.020263671875,4.64e-07,0.4415072737068965,0.5062255859375,0.204859375,0.0,0.5,0.16,0.044931640625,0.0,0.0,0.0,1
516,51.60147268400033,7116.523309064,51598309,0,1,none,-0.10791015625,-0.1094970703125,-0.10870361328125,-0.020751953125,4.64e-07,0.43791672279094823,0.499755859375,0.203193359375,0.0,0.5,0.16,0.044625,0.0,0.0,0.0,1
517,51.70146839799963,7116.623304392,51698305,0,1,none,-0.1051025390625,-0.1109619140625,-0.1080322265625,-0.0194091796875,4.56e-07,0.44465289199561403,0.499267578125,0.20276171875000001,0.0,0.5,0.16,0.0421298828125,0.0,0.0,0.0,1
518,51.801453605999995,7116.723306728,51798308,0,1,none,-0.109619140625,-0.112060546875,-0.11083984375,-0.0205078125,4.64e-07,0.44193241514008613,0.5096435546875,0.205056640625,0.0,0.5,0.16,0.0423876953125,0.0,0.0,0.0,1
519,51.90146033000019,7116.823305064,51898307,0,1,none,-0.1065673828125,-0.11083984375,-0.10870361328125,-0.018798828125,4.64e-07,0.4402613146551724,0.5067138671875,0.20428125,0.0,0.5,0.16,0.0435673828125,0.0,0.0,0.0,1
520,52.001459109999814,7116.9233074,51998310,0,1,none,-0.107177734375,-0.1102294921875,-0.10870361328125,-0.0198974609375,4.64e-07,0.43904482085129304,0.5008544921875,0.203716796875,0.0,0.5,0.16,0.043466796875,0.0,0.0,0.0,1
521,52.10147006399984,7117.023309728,52098313,0,1,none,-0.1070556640625,-0.111083984375,-0.10906982421875,-0.0203857421875,4.56e-07,0.4444001850328947,0.4996337890625,0.202646484375,0.0,0.5,0.16,0.044388671875,0.0,0.0,0.0,1
522,52.20145674499963,7117.123309064,52198313,0,1,none,-0.10302734375,-0.1116943359375,-0.10736083984375,-0.0181884765625,4.56e-07,0.44453938802083337,0.5037841796875,0.20270996093750002,0.0,0.5,0.16,0.0434482421875,0.0,0.0,0.0,1
523,52.301464657,7117.2233094,52298314,0,1,none,-0.10791015625,-0.110595703125,-0.1092529296875,-0.01953125,4.64e-07,0.4403202451508621,0.5052490234375,0.20430859375000002,0.0,0.5,0.16,0.0442841796875,0.0,0.0,0.0,1
524,52.4014640610003,7117.323311736,52398317,0,1,none,-0.1072998046875,-0.1092529296875,-0.1082763671875,-0.019775390625,4.64e-07,0.4411915746228448,0.5032958984375,0.204712890625,0.0,0.5,0.16,0.04412109375,0.0,0.0,0.0,1
525,52.50147148100041,7117.423312072,52498318,0,1,none,-0.1058349609375,-0.110595703125,-0.10821533203125,-0.0191650390625,4.64e-07,0.4388112035290948,0.50390625,0.2036083984375,0.0,0.5,0.16,0.044598632812500004,0.0,0.0,0.0,1
526,52.60145616099999,7117.5233134,52598320,0,1,none,-0.10546875,-0.11083984375,-0.108154296875,-0.02001953125,4.56e-07,0.4444066097861842,0.5020751953125,0.2026494140625,0.0,0.5,0.16,0.0438984375,0.0,0.0,0.0,1
527,52.70146497600035,7117.623314736,52698322,0,1,none,-0.109619140625,-0.1123046875,-0.1109619140625,-0.020751953125,4.64e-07,0.4413830987338362,0.5050048828125,0.2048017578125,0.0,0.5,0.16,0.0437822265625,0.0,0.0,0.0,1
528,52.801460558000144,7117.723315072,52798323,0,1,none,-0.1075439453125,-0.1109619140625,-0.1092529296875,-0.019775390625,4.64e-07,0.44055596713362066,0.510009765625,0.20441796875,0.0,0.5,0.16,0.044251953125,0.0,0.0,0.0,1
529,52.901470464999875,7117.823318408,52898327,0,1,none,-0.10595703125,-0.1112060546875,-0.10858154296875,-0.019287109375,4.64e-07,0.44116000471443967,0.5048828125,0.20469824218750002,0.0,0.5,0.16,0.044072265625,0.0,0.0,0.0,1
530,53.001463761000196,7117.923318736,52998328,0,1,none,-0.104736328125,-0.1090087890625,-0.10687255859375,-0.019287109375,4.56e-07,0.44522469503837714,0.5035400390625,0.2030224609375,0.0,0.5,0.16,0.04465625,0.0,0.0,0.0,1
531,53.101461412999925,7118.023320072,53098330,0,1,none,-0.1051025390625,-0.11279296875,-0.10894775390625,-0.0205078125,4.56e-07,0.4465460526315789,0.5050048828125,0.203625,0.0,0.5,0.16,0.043372070312500004,0.0,0.0,0.0,1
532,53.20145945799959,7118.123322408,53198333,0,1,none,-0.1082763671875,-0.1097412109375,-0.1090087890625,-0.0196533203125,4.64e-07,0.44000454606681033,0.509033203125,0.204162109375,0.0,0.5,0.16,0.0428369140625,0.0,0.0,0.0,1
533,53.30146952399991,7118.223321744,53298333,0,1,none,-0.106201171875,-0.1087646484375,-0.10748291015625,-0.0189208984375,4.64e-07,0.4382408405172414,0.504150390625,0.20334375000000002,0.0,0.5,0.16,0.0440341796875,0.0,0.0,0.0,1
534,53.40145990400015,7118.32332208,53398334,0,1,none,-0.106689453125,-0.1112060546875,-0.10894775390625,-0.020263671875,4.64e-07,0.44005295325969823,0.5023193359375,0.2041845703125,0.0,0.5,0.16,0.0442080078125,0.0,0.0,0.0,1
535,53.50146587800009,7118.423323408,53498336,0,1,none,-0.10498046875,-0.1097412109375,-0.10736083984375,-0.0196533203125,4.56e-07,0.4441603275767544,0.503173828125,0.202537109375,0.0,0.5,0.16,0.043928710937500004,0.0,0.0,0.0,1
536,53.60146947300018,7118.523330744,53598344,0,1,none,-0.103759765625,-0.1109619140625,-0.10736083984375,-0.019287109375,4.56e-07,0.44381767406798245,0.5009765625,0.202380859375,0.0,0.5,0.16,0.0427236328125,0.0,0.0,0.0,1
537,53.70147177800027,7118.62332708,53698341,0,1,none,-0.1068115234375,-0.11181640625,-0.10931396484375,-0.0185546875,4.64e-07,0.44002559267241376,0.5096435546875,0.204171875,0.0,0.5,0.16,0.0447646484375,0.0,0.0,0.0,1
538,53.80170496899973,7118.723348416,53798363,0,1,none,-0.1065673828125,-0.10986328125,-0.10821533203125,-0.0191650390625,4.64e-07,0.4380219558189655,0.5030517578125,0.2032421875,0.0,0.5,0.16,0.043372070312500004,0.0,0.0,0.0,1
539,53.90149248600028,7118.823336744,53898352,0,1,none,-0.1060791015625,-0.1119384765625,-0.1090087890625,-0.0198974609375,4.56e-07,0.44626122190241224,0.5013427734375,0.2034951171875,0.0,0.5,0.16,0.0439638671875,0.0,0.0,0.0,1
540,54.001474609999605,7118.92332908,53998345,0,1,none,-0.10498046875,-0.1116943359375,-0.10833740234375,-0.0196533203125,4.56e-07,0.4454495614035087,0.5,0.203125,0.0,0.5,0.16,0.042927734375,0.0,0.0,0.0,1
541,54.10146271600024,7119.023332416,54098349,0,1,none,-0.1092529296875,-0.112060546875,-0.11065673828125,-0.0208740234375,4.64e-07,0.4402381633890086,0.508056640625,0.2042705078125,0.0,0.5,0.16,0.0429560546875,0.0,0.0,0.0,1
542,54.201468057000056,7119.123332752,54198350,0,1,none,-0.1068115234375,-0.1102294921875,-0.1085205078125,-0.0186767578125,4.64e-07,0.43876279633620685,0.5037841796875,0.2035859375,0.0,0.5,0.16,0.043638671875,0.0,0.0,0.0,1
543,54.301463066,7119.223332088,54298350,0,1,none,-0.1080322265625,-0.111083984375,-0.10955810546875,-0.0211181640625,4.64e-07,0.4385460162984913,0.506591796875,0.2034853515625,0.0,0.5,0.16,0.0436201171875,0.0,0.0,0.0,1
544,54.40147124499981,7119.323334416,54398353,0,1,none,-0.105224609375,-0.1107177734375,-0.10797119140625,-0.01904296875,4.56e-07,0.4440189830043859,0.506103515625,0.20247265625,0.0,0.5,0.16,0.04384375,0.0,0.0,0.0,1
545,54.501459393000005,7119.423333752,54498353,0,1,none,-0.103759765625,-0.1109619140625,-0.10736083984375,-0.01904296875,4.56e-07,0.4447000068530702,0.4989013671875,0.202783203125,0.0,0.5,0.16,0.043072265625,0.0,0.0,0.0,1
546,54.6014608280002,7119.523334088,54598354,0,1,none,-0.1092529296875,-0.111328125,-0.11029052734375,-0.020751953125,4.64e-07,0.44005295325969823,0.5140380859375,0.2041845703125,0.0,0.5,0.16,0.044359375,0.0,0.0,0.0,1
547,54.70146214600027,7119.623339424,54698360,0,1,none,-0.109619140625,-0.1109619140625,-0.11029052734375,-0.0220947265625,4.64e-07,0.4405391298491379,0.5,0.20441015625,0.0,0.5,0.16,0.044046875,0.0,0.0,0.0,1
548,54.80147024100006,7119.723339752,54798361,0,1,none,-0.107421875,-0.1126708984375,-0.11004638671875,-0.020263671875,4.56e-07,0.4457729406524123,0.5068359375,0.2032724609375,0.0,0.5,0.16,0.0439931640625,0.0,0.0,0.0,1
549,54.90146150599958,7119.823338088,54898360,0,1,none,-0.1051025390625,-0.11083984375,-0.10797119140625,-0.0198974609375,4.56e-07,0.44496556332236836,0.5035400390625,0.202904296875,0.0,0.5,0.16,0.0438369140625,0.0,0.0,0.0,1
550,55.00146777699956,7119.923337424,54998360,0,1,none,-0.1092529296875,-0.1114501953125,-0.1103515625,-0.0201416015625,4.64e-07,0.4416756465517241,0.5098876953125,0.2049375,0.0,0.5,0.16,0.04287890625,0.0,0.0,0.0,1
551,55.10146660499959,7120.02334176,55098365,0,1,none,-0.1083984375,-0.109619140625,-0.1090087890625,-0.020263671875,4.64e-07,0.4408948174838362,0.50537109375,0.2045751953125,0.0,0.5,0.16,0.0446142578125,0.0,0.0,0.0,1
552,55.201461575000394,7120.123341096,55198365,0,1,none,-0.1085205078125,-0.1109619140625,-0.1097412109375,-0.02099609375,4.64e-07,0.44024658203124994,0.5025634765625,0.2042744140625,0.0,0.5,0.16,0.0446484375,0.0,0.0,0.0,1
553,55.30146292599966,7120.223344432,55298369,0,1,none,-0.1064453125,-0.109619140625,-0.1080322265625,-0.0196533203125,4.64e-07,0.4390027276400862,0.5029296875,0.203697265625,0.0,0.5,0.16,0.0435908203125,0.0,0.0,0.0,1
554,55.40146582200032,7120.32334476,55398370,0,1,none,-0.105712890625,-0.1119384765625,-0.10882568359375,-0.020751953125,4.56e-07,0.4452932257401315,0.501220703125,0.2030537109375,0.0,0.5,0.16,0.0430927734375,0.0,0.0,0.0,1
555,55.50146861600024,7120.423345096,55498371,0,1,none,-0.1015625,-0.1103515625,-0.10595703125,-0.01708984375,4.56e-07,0.4438005413925439,0.4990234375,0.20237304687500002,0.0,0.5,0.16,0.0428798828125,0.0,0.0,0.0,1
556,55.601460601000326,7120.523351432,55598378,0,1,none,-0.1103515625,-0.1097412109375,-0.11004638671875,-0.02197265625,4.64e-07,0.4400782091864224,0.510986328125,0.2041962890625,0.0,0.5,0.16,0.0443525390625,0.0,0.0,0.0,1
557,55.70146764299989,7120.623345768,55698373,0,1,none,-0.108642578125,-0.1109619140625,-0.10980224609375,-0.020751953125,4.64e-07,0.4398635338092672,0.5040283203125,0.2040966796875,0.0,0.5,0.16,0.0439619140625,0.0,0.0,0.0,1
558,55.80145855400042,7120.723350096,55798378,0,1,none,-0.1065673828125,-0.111572265625,-0.10906982421875,-0.0203857421875,4.56e-07,0.4435863829495613,0.5030517578125,0.202275390625,0.0,0.5,0.16,0.0432626953125,0.0,0.0,0.0,1
559,55.90146708999964,7120.823349432,55898378,0,1,none,-0.10400390625,-0.1114501953125,-0.10772705078125,-0.01904296875,4.56e-07,0.44427168996710525,0.502685546875,0.20258789062500002,0.0,0.5,0.16,0.042849609375,0.0,0.0,0.0,1
560,56.001496595999924,7120.923358768,55998388,0,1,none,-0.108642578125,-0.1114501953125,-0.11004638671875,-0.0203857421875,4.64e-07,0.4402381633890086,0.5059814453125,0.2042705078125,0.0,0.5,0.16,0.042636718750000004,0.0,0.0,0.0,1
561,56.10147747799965,7121.023355104,56098385,0,1,none,-0.10888671875,-0.11083984375,-0.10986328125,-0.020751953125,4.64e-07,0.44023605872844823,0.502685546875,0.20426953125,0.0,0.5,0.16,0.044580078125,0.0,0.0,0.0,1
562,56.20146735100025,7121.12335544,56198386,0,1,none,-0.1072998046875,-0.111083984375,-0.10919189453125,-0.019775390625,4.64e-07,0.4401055697737069,0.5010986328125,0.204208984375,0.0,0.5,0.16,0.0444208984375,0.0,0.0,0.0,1
563,56.30152364100013,7121.223357768,56298389,0,1,none,-0.1065673828125,-0.111083984375,-0.10882568359375,-0.01953125,4.56e-07,0.44507264254385964,0.5028076171875,0.202953125,0.0,0.5,0.16,0.0435830078125,0.0,0.0,0.0,1
564,56.40146849299981,7121.323360104,56398392,0,1,none,-0.1048583984375,-0.110107421875,-0.10748291015625,-0.0201416015625,4.56e-07,0.4439975671600877,0.5047607421875,0.202462890625,0.0,0.5,0.16,0.042857421875,0.0,0.0,0.0,1
565,56.501462842000365,7121.42336544,56498398,0,1,none,-0.1083984375,-0.1112060546875,-0.10980224609375,-0.019775390625,4.64e-07,0.4418292867726293,0.5098876953125,0.2050087890625,0.0,0.5,0.16,0.0428583984375,0.0,0.0,0.0,1
566,56.60147354400033,7121.523364776,56598398,0,1,none,-0.1082763671875,-0.111572265625,-0.10992431640625,-0.0203857421875,4.64e-07,0.4398677431303879,0.507080078125,0.2040986328125,0.0,0.5,0.16,0.0446591796875,0.0,0.0,0.0,1
567,56.701470826999866,7121.623360112,56698394,0,1,none,-0.1085205078125,-0.1107177734375,-0.109619140625,-0.0213623046875,4.64e-07,0.440680142106681,0.5078125,0.2044755859375,0.0,0.5,0.16,0.0440009765625,0.0,0.0,0.0,1
568,56.80146490599964,7121.72336144,56798396,0,1,none,-0.105712890625,-0.1129150390625,-0.10931396484375,-0.01953125,4.56e-07,0.44531035841557015,0.5010986328125,0.2030615234375,0.0,0.5,0.16,0.0432060546875,0.0,0.0,0.0,1
569,56.90146467300019,7121.823362776,56898398,0,1,none,-0.1043701171875,-0.1109619140625,-0.107666015625,-0.0196533203125,4.56e-07,0.4441410533168859,0.498779296875,0.2025283203125,0.0,0.5,0.16,0.0426044921875,0.0,0.0,0.0,1
570,57.00145522999992,7121.923364112,56998400,0,1,none,-0.108642578125,-0.1123046875,-0.1104736328125,-0.020263671875,4.64e-07,0.4407853751346982,0.504150390625,0.2045244140625,0.0,0.5,0.16,0.0416240234375,0.0,0.0,0.0,1
571,57.10146694000014,7122.023364448,57098401,0,1,none,-0.10986328125,-0.1104736328125,-0.11016845703125,-0.0218505859375,4.64e-07,0.4397561961206896,0.5068359375,0.20404687500000002,0.0,0.5,0.16,0.04390234375,0.0,0.0,0.0,1
572,57.20146090199978,7122.123365784,57198403,0,1,none,-0.106689453125,-0.1104736328125,-0.10858154296875,-0.020263671875,4.64e-07,0.43787883890086204,0.508056640625,0.20317578125,0.0,0.5,0.16,0.0443857421875,0.0,0.0,0.0,1
573,57.301478155999575,7122.223362112,57298400,0,1,none,-0.10595703125,-0.112060546875,-0.1090087890625,-0.019775390625,4.56e-07,0.443712736430921,0.4974365234375,0.2023330078125,0.0,0.5,0.16,0.043134765625,0.0,0.0,0.0,1
574,57.401463223000064,7122.323368448,57398407,0,1,none,-0.1055908203125,-0.1124267578125,-0.1090087890625,-0.020263671875,4.56e-07,0.44535747327302627,0.50830078125,0.2030830078125,0.0,0.5,0.16,0.042955078125000004,0.0,0.0,0.0,1
575,57.501520808999885,7122.423370784,57498410,0,1,none,-0.1024169921875,-0.1097412109375,-0.1060791015625,-0.017822265625,4.56e-07,0.4422693085252193,0.50146484375,0.20167480468750001,0.0,0.5,0.16,0.042130859375,0.0,0.0,0.0,1
576,57.60146416400039,7122.52337512,57598415,0,1,none,-0.10791015625,-0.110595703125,-0.1092529296875,-0.0201416015625,4.64e-07,0.4389606344288792,0.5089111328125,0.203677734375,0.0,0.5,0.16,0.0435634765625,0.0,0.0,0.0,1
577,57.701459095000246,7122.623372456,57698413,0,1,none,-0.1060791015625,-0.1107177734375,-0.1083984375,-0.0189208984375,4.64e-07,0.43644346039870685,0.4989013671875,0.202509765625,0.0,0.5,0.16,0.043990234375,0.0,0.0,0.0,1
578,57.80146174800029,7122.723371784,57798413,0,1,none,-0.1064453125,-0.1119384765625,-0.10919189453125,-0.0203857421875,4.56e-07,0.444494414747807,0.5013427734375,0.202689453125,0.0,0.5,0.16,0.043357421875,0.0,0.0,0.0,1
579,57.90145837399996,7122.82337012,57898412,0,1,none,-0.1051025390625,-0.1104736328125,-0.1077880859375,-0.0198974609375,4.56e-07,0.4429310581140351,0.502197265625,0.2019765625,0.0,0.5,0.16,0.043087890625,0.0,0.0,0.0,1
580,58.00145921999956,7122.923375456,57998418,0,1,none,-0.1038818359375,-0.1099853515625,-0.10693359375,-0.01953125,4.56e-07,0.4433657997532895,0.50244140625,0.20217480468750001,0.0,0.5,0.16,0.042501953125,0.0,0.0,0.0,1
581,58.101457945999755,7123.023376792,58098420,0,1,none,-0.1094970703125,-0.1109619140625,-0.1102294921875,-0.0213623046875,4.64e-07,0.4396172885237069,0.50732421875,0.20398242187500001,0.0,0.5,0.16,0.044286132812500004,0.0,0.0,0.0,1
582,58.20145668999976,7123.123379128,58198423,0,1,none,-0.1075439453125,-0.1102294921875,-0.10888671875,-0.0208740234375,4.64e-07,0.43892906452047414,0.505615234375,0.20366308593750002,0.0,0.5,0.16,0.04389453125,0.0,0.0,0.0,1
583,58.30145980799989,7123.223376464,58298421,0,1,none,-0.105224609375,-0.1104736328125,-0.10784912109375,-0.0186767578125,4.64e-07,0.43797565328663796,0.502197265625,0.203220703125,0.0,0.5,0.16,0.0436455078125,0.0,0.0,0.0,1
584,58.40145556399966,7123.323379792,58398425,0,1,none,-0.1051025390625,-0.1116943359375,-0.1083984375,-0.0196533203125,4.56e-07,0.44446443256578944,0.499755859375,0.20267578125,0.0,0.5,0.16,0.043693359375000004,0.0,0.0,0.0,1
585,58.5014528290003,7123.423379128,58498425,0,1,none,-0.1051025390625,-0.1104736328125,-0.1077880859375,-0.02001953125,4.56e-07,0.4435949492872807,0.5009765625,0.20227929687500001,0.0,0.5,0.16,0.043205078125000004,0.0,0.0,0.0,1
586,58.60151315700023,7123.523376464,58598423,0,1,none,-0.109375,-0.1119384765625,-0.11065673828125,-0.0205078125,4.64e-07,0.44029709388469823,0.5078125,0.2042978515625,0.0,0.5,0.16,0.0420654296875,0.0,0.0,0.0,1
587,58.701475501999994,7123.6233848,58698432,0,1,none,-0.108642578125,-0.1102294921875,-0.10943603515625,-0.0213623046875,4.64e-07,0.4400971511314654,0.5010986328125,0.204205078125,0.0,0.5,0.16,0.04412109375,0.0,0.0,0.0,1
588,58.801480230999914,7123.723389136,58798437,0,1,none,-0.1064453125,-0.1102294921875,-0.10833740234375,-0.0191650390625,4.64e-07,0.4385923188308189,0.50439453125,0.2035068359375,0.0,0.5,0.16,0.044238281250000004,0.0,0.0,0.0,1
589,58.90147976699973,7123.823385472,58898434,0,1,none,-0.1070556640625,-0.11083984375,-0.10894775390625,-0.0211181640625,4.64e-07,0.43948890422952586,0.503173828125,0.2039228515625,0.0,0.5,0.16,0.043919921875000004,0.0,0.0,0.0,1
590,59.0014605919996,7123.9233878,58998437,0,1,none,-0.1048583984375,-0.1114501953125,-0.108154296875,-0.01953125,4.56e-07,0.44424599095394735,0.50048828125,0.20257617187500002,0.0,0.5,0.16,0.043232421875,0.0,0.0,0.0,1
591,59.10146319999967,7124.023385136,59098435,0,1,none,-0.1031494140625,-0.1112060546875,-0.107177734375,-0.01806640625,4.56e-07,0.4436656215734649,0.5013427734375,0.2023115234375,0.0,0.5,0.16,0.0428291015625,0.0,0.0,0.0,1
592,59.20146415799991,7124.123386472,59198437,0,1,none,-0.107421875,-0.108642578125,-0.1080322265625,-0.019287109375,4.64e-07,0.43918583310883613,0.5029296875,0.2037822265625,0.0,0.5,0.16,0.0420283203125,0.0,0.0,0.0,1
593,59.30152345700026,7124.223385808,59298437,0,1,none,-0.1077880859375,-0.1112060546875,-0.1094970703125,-0.02001953125,4.64e-07,0.4390132509428879,0.5045166015625,0.2037021484375,0.0,0.5,0.16,0.04414453125,0.0,0.0,0.0,1
594,59.4014595460003,7124.323387144,59398439,0,1,none,-0.1072998046875,-0.1104736328125,-0.10888671875,-0.0203857421875,4.64e-07,0.44066751414331895,0.5059814453125,0.2044697265625,0.0,0.5,0.16,0.0446337890625,0.0,0.0,0.0,1
595,59.501507181000306,7124.423385472,59498438,0,1,none,-0.106201171875,-0.1116943359375,-0.10894775390625,-0.0203857421875,4.56e-07,0.44613701000548245,0.4991455078125,0.2034384765625,0.0,0.5,0.16,0.044197265625,0.0,0.0,0.0,1
596,59.601463123999565,7124.523395808,59598449,0,1,none,-0.1044921875,-0.1102294921875,-0.10736083984375,-0.0194091796875,4.56e-07,0.4455459327028509,0.5009765625,0.20316894531250002,0.0,0.5,0.16,0.0434521484375,0.0,0.0,0.0,1
597,59.70147275199997,7124.623393144,59698447,0,1,none,-0.10986328125,-0.1103515625,-0.110107421875,-0.021728515625,4.64e-07,0.44213235789331895,0.513427734375,0.2051494140625,0.0,0.5,0.16,0.0422265625,0.0,0.0,0.0,1
598,59.80146359700029,7124.72339448,59798449,0,1,none,-0.1090087890625,-0.1109619140625,-0.1099853515625,-0.02099609375,4.64e-07,0.4420187062230603,0.503173828125,0.2050966796875,0.0,0.5,0.16,0.0451123046875,0.0,0.0,0.0,1
599,59.901463537999916,7124.823393816,59898449,0,1,none,-0.1077880859375,-0.1090087890625,-0.1083984375,-0.02001953125,4.64e-07,0.44078958445581895,0.5072021484375,0.2045263671875,0.0,0.5,0.16,0.045427734375,0.0,0.0,0.0,1
600,60.00145964500007,7124.923395152,59998451,0,1,none,-0.1065673828125,-0.11083984375,-0.10870361328125,-0.01953125,4.64e-07,0.44049072265624994,0.5078125,0.2043876953125,0.0,0.5,0.16,0.0445947265625,0.0,0.0,0.0,1
601,60.101461461000326,7125.02339548,60098452,0,1,none,-0.105712890625,-0.112060546875,-0.10888671875,-0.01953125,4.56e-07,0.4453403405975877,0.50048828125,0.2030751953125,0.0,0.5,0.16,0.0439150390625,0.0,0.0,0.0,1
602,60.20145661999959,7125.123396816,60198454,0,1,none,-0.103759765625,-0.1112060546875,-0.10748291015625,-0.0194091796875,4.56e-07,0.4447492632949561,0.4954833984375,0.2028056640625,0.0,0.5,0.16,0.043154296875,0.0,0.0,0.0,1
603,60.30146608300038,7125.223398152,60298456,0,1,none,-0.1082763671875,-0.111328125,-0.10980224609375,-0.01953125,4.64e-07,0.44067382812499994,0.504638671875,0.20447265625,0.0,0.5,0.16,0.042970703125,0.0,0.0,0.0,1
604,60.401510159999816,7125.323398488,60398457,0,1,none,-0.1099853515625,-0.1124267578125,-0.1112060546875,-0.021728515625,4.64e-07,0.44076011920797403,0.5064697265625,0.2045126953125,0.0,0.5,0.16,0.044669921875000004,0.0,0.0,0.0,1
605,60.5015045629998,7125.423415824,60498475,0,1,none,-0.1080322265625,-0.1107177734375,-0.109375,-0.0205078125,4.64e-07,0.439648858432112,0.509521484375,0.2039970703125,0.0,0.5,0.16,0.0443525390625,0.0,0.0,0.0,1
606,60.601489876000414,7125.523409152,60598469,0,1,none,-0.1070556640625,-0.1124267578125,-0.1097412109375,-0.0208740234375,4.56e-07,0.4469186883223684,0.5040283203125,0.203794921875,0.0,0.5,0.16,0.0443076171875,0.0,0.0,0.0,1
607,60.70148090699968,7125.623407488,60698468,0,1,none,-0.1053466796875,-0.1112060546875,-0.1082763671875,-0.020263671875,4.56e-07,0.44638971696820173,0.5072021484375,0.2035537109375,0.0,0.5,0.16,0.0444697265625,0.0,0.0,0.0,1
608,60.80147424799998,7125.723407824,60798469,0,1,none,-0.103759765625,-0.1104736328125,-0.10711669921875,-0.0189208984375,4.56e-07,0.4441431949013158,0.5018310546875,0.20252929687500001,0.0,0.5,0.16,0.043009765625,0.0,0.0,0.0,1
609,60.90146057200036,7125.82340516,60898467,0,1,none,-0.1072998046875,-0.1103515625,-0.10882568359375,-0.0186767578125,4.64e-07,0.44061489762931033,0.5052490234375,0.2044453125,0.0,0.5,0.16,0.04340234375,0.0,0.0,0.0,1
610,61.001458800000364,7125.923407496,60998470,0,1,none,-0.1092529296875,-0.110595703125,-0.10992431640625,-0.02099609375,4.64e-07,0.43984880118534475,0.5032958984375,0.20408984375,0.0,0.5,0.16,0.04434765625,0.0,0.0,0.0,1
611,61.1015019890001,7126.023418832,61098482,0,1,none,-0.1077880859375,-0.110595703125,-0.10919189453125,-0.02099609375,4.64e-07,0.4394636483028017,0.5052490234375,0.2039111328125,0.0,0.5,0.16,0.0448076171875,0.0,0.0,0.0,1
612,61.20147602799989,7126.123415168,61198479,0,1,none,-0.105224609375,-0.1097412109375,-0.10748291015625,-0.0189208984375,4.64e-07,0.4380240604795258,0.50146484375,0.2032431640625,0.0,0.5,0.16,0.0446962890625,0.0,0.0,0.0,1
613,61.301472987000125,7126.223415496,61298480,0,1,none,-0.1058349609375,-0.10888671875,-0.10736083984375,-0.0205078125,4.56e-07,0.4444537246436403,0.5025634765625,0.2026708984375,0.0,0.5,0.16,0.0430888671875,0.0,0.0,0.0,1
614,61.401470224999684,7126.323410832,61398476,0,1,none,-0.104248046875,-0.11083984375,-0.1075439453125,-0.019775390625,4.56e-07,0.4445115474232456,0.5050048828125,0.202697265625,0.0,0.5,0.16,0.043361328125,0.0,0.0,0.0,1
615,61.5014593599999,7126.423416168,61498482,0,1,none,-0.108154296875,-0.11181640625,-0.1099853515625,-0.0203857421875,4.64e-07,0.4408211543642241,0.509765625,0.20454101562500002,0.0,0.5,0.16,0.0423232421875,0.0,0.0,0.0,1
616,61.601455656000326,7126.523416504,61598483,0,1,none,-0.107666015625,-0.111083984375,-0.109375,-0.02001953125,4.64e-07,0.4397414634967672,0.506103515625,0.2040400390625,0.0,0.5,0.16,0.0442958984375,0.0,0.0,0.0,1
617,61.70147138599987,7126.62341484,61698482,0,1,none,-0.10693359375,-0.1094970703125,-0.10821533203125,-0.0201416015625,4.64e-07,0.4386680866109913,0.5072021484375,0.2035419921875,0.0,0.5,0.16,0.0441357421875,0.0,0.0,0.0,1
618,61.80146536000029,7126.723417168,61798485,0,1,none,-0.1065673828125,-0.111328125,-0.10894775390625,-0.0208740234375,4.56e-07,0.4463383189418859,0.502197265625,0.2035302734375,0.0,0.5,0.16,0.0435546875,0.0,0.0,0.0,1
619,61.90146658499998,7126.823417504,61898486,0,1,none,-0.1051025390625,-0.1092529296875,-0.107177734375,-0.0191650390625,4.56e-07,0.444774962308114,0.505859375,0.2028173828125,0.0,0.5,0.16,0.043383789062500004,0.0,0.0,0.0,1
620,62.001455728999645,7126.92341584,61998485,0,1,none,-0.108154296875,-0.1099853515625,-0.10906982421875,-0.0196533203125,4.64e-07,0.44024447737068967,0.5054931640625,0.20427343750000002,0.0,0.5,0.16,0.042619140625,0.0,0.0,0.0,1
621,62.10146124400035,7127.023418176,62098488,0,1,none,-0.107421875,-0.1116943359375,-0.10955810546875,-0.019775390625,4.64e-07,0.4405307112068965,0.504638671875,0.20440625,0.0,0.5,0.16,0.044291992187500004,0.0,0.0,0.0,1
622,62.201460551999844,7127.123417512,62198488,0,1,none,-0.106689453125,-0.1097412109375,-0.10821533203125,-0.018798828125,4.64e-07,0.43897957637392243,0.5001220703125,0.20368652343750002,0.0,0.5,0.16,0.0447373046875,0.0,0.0,0.0,1
623,62.30146344500008,7127.223421848,62298493,0,1,none,-0.1070556640625,-0.1104736328125,-0.1087646484375,-0.0198974609375,4.64e-07,0.4405391298491379,0.5035400390625,0.20441015625,0.0,0.5,0.16,0.044259765625,0.0,0.0,0.0,1
624,62.40146339799958,7127.323426176,62398498,0,1,none,-0.10498046875,-0.1114501953125,-0.10821533203125,-0.0191650390625,4.56e-07,0.4450298108552631,0.502685546875,0.20293359375,0.0,0.5,0.16,0.0442275390625,0.0,0.0,0.0,1
625,62.501466972000344,7127.423423512,62498496,0,1,none,-0.1046142578125,-0.1099853515625,-0.1072998046875,-0.02001953125,4.56e-07,0.4448199355811404,0.508544921875,0.20283789062500002,0.0,0.5,0.16,0.042895507812500004,0.0,0.0,0.0,1
626,62.60145804500007,7127.523423848,62598497,0,1,none,-0.1087646484375,-0.1114501953125,-0.110107421875,-0.0203857421875,4.64e-07,0.44157462284482757,0.509033203125,0.204890625,0.0,0.5,0.16,0.0430693359375,0.0,0.0,0.0,1
627,62.70146600499993,7127.623433184,62698507,0,1,none,-0.1092529296875,-0.1097412109375,-0.1094970703125,-0.02099609375,4.64e-07,0.44163144867995685,0.51123046875,0.2049169921875,0.0,0.5,0.16,0.044294921875000004,0.0,0.0,0.0,1
628,62.801471982000294,7127.72343052,62798505,0,1,none,-0.107666015625,-0.1116943359375,-0.10968017578125,-0.02001953125,4.64e-07,0.4405391298491379,0.50927734375,0.20441015625,0.0,0.5,0.16,0.0443740234375,0.0,0.0,0.0,1
629,62.901477974000045,7127.823427856,62898503,0,1,none,-0.105712890625,-0.108154296875,-0.10693359375,-0.01904296875,4.64e-07,0.4388027848868534,0.503173828125,0.2036044921875,0.0,0.5,0.16,0.04455078125,0.0,0.0,0.0,1
630,63.0014639889996,7127.923429184,62998505,0,1,none,-0.1044921875,-0.1112060546875,-0.10784912109375,-0.0186767578125,4.56e-07,0.4464882298519737,0.5018310546875,0.2035986328125,0.0,0.5,0.16,0.0438837890625,0.0,0.0,0.0,1
631,63.10146447599982,7128.02342952,63098506,0,1,none,-0.1038818359375,-0.11083984375,-0.10736083984375,-0.0196533203125,4.56e-07,0.44640684964364036,0.5006103515625,0.2035615234375,0.0,0.5,0.16,0.043449218750000004,0.0,0.0,0.0,1
632,63.201467302999845,7128.123429856,63198507,0,1,none,-0.10986328125,-0.1102294921875,-0.11004638671875,-0.021728515625,4.64e-07,0.4405896417025862,0.508544921875,0.20443359375,0.0,0.5,0.16,0.0426552734375,0.0,0.0,0.0,1
633,63.30145758399976,7128.223431192,63298509,0,1,none,-0.1075439453125,-0.110595703125,-0.10906982421875,-0.0194091796875,4.64e-07,0.4407622238685344,0.5074462890625,0.204513671875,0.0,0.5,0.16,0.0451015625,0.0,0.0,0.0,1
634,63.401461338000445,7128.323433528,63398512,0,1,none,-0.10791015625,-0.111328125,-0.109619140625,-0.0208740234375,4.64e-07,0.4396762190193965,0.505126953125,0.204009765625,0.0,0.5,0.16,0.0446787109375,0.0,0.0,0.0,1
635,63.50146368199967,7128.423432864,63498512,0,1,none,-0.105712890625,-0.1112060546875,-0.10845947265625,-0.0196533203125,4.64e-07,0.43960676522090514,0.5001220703125,0.2039775390625,0.0,0.5,0.16,0.044164062500000004,0.0,0.0,0.0,1
636,63.60145810300037,7128.523437192,63598517,0,1,none,-0.105224609375,-0.1102294921875,-0.10772705078125,-0.019775390625,4.56e-07,0.44501910293311403,0.501708984375,0.2029287109375,0.0,0.5,0.16,0.0444619140625,0.0,0.0,0.0,1
637,63.70152669300023,7128.623438528,63698519,0,1,none,-0.1055908203125,-0.1104736328125,-0.1080322265625,-0.0206298828125,4.56e-07,0.44484991776315785,0.5035400390625,0.2028515625,0.0,0.5,0.16,0.0429443359375,0.0,0.0,0.0,1
638,63.80147000299985,7128.723443864,63798525,0,1,none,-0.1082763671875,-0.1109619140625,-0.109619140625,-0.0196533203125,4.64e-07,0.44119367928340514,0.516845703125,0.2047138671875,0.0,0.5,0.16,0.0431513671875,0.0,0.0,0.0,1
639,63.9014719959996,7128.8234412,63898523,0,1,none,-0.108154296875,-0.1092529296875,-0.10870361328125,-0.0205078125,4.64e-07,0.4396193931842672,0.508056640625,0.2039833984375,0.0,0.5,0.16,0.04441796875,0.0,0.0,0.0,1
640,64.0014703529996,7128.923439536,63998522,0,1,none,-0.10693359375,-0.1103515625,-0.108642578125,-0.0198974609375,4.64e-07,0.4403854896282327,0.5045166015625,0.2043388671875,0.0,0.5,0.16,0.044723632812500004,0.0,0.0,0.0,1
641,64.10146103900024,7129.023442864,64098526,0,1,none,-0.1060791015625,-0.110595703125,-0.10833740234375,-0.019287109375,4.56e-07,0.4456273129111842,0.504150390625,0.2032060546875,0.0,0.5,0.16,0.044297851562500004,0.0,0.0,0.0,1
642,64.20147158500004,7129.1234422,64198526,0,1,none,-0.105712890625,-0.11083984375,-0.1082763671875,-0.0198974609375,4.56e-07,0.44512832373903505,0.502197265625,0.202978515625,0.0,0.5,0.16,0.04341796875,0.0,0.0,0.0,1
643,64.30146291900019,7129.223442536,64298527,0,1,none,-0.1036376953125,-0.1112060546875,-0.107421875,-0.019287109375,4.56e-07,0.44369132058662275,0.505615234375,0.2023232421875,0.0,0.5,0.16,0.0426533203125,0.0,0.0,0.0,1
644,64.40146860799996,7129.323443872,64398529,0,1,none,-0.1077880859375,-0.1103515625,-0.10906982421875,-0.0194091796875,4.64e-07,0.43896905307112066,0.5108642578125,0.203681640625,0.0,0.5,0.16,0.0421162109375,0.0,0.0,0.0,1
645,64.50145691499984,7129.423446208,64498532,0,1,none,-0.108154296875,-0.1099853515625,-0.10906982421875,-0.020263671875,4.64e-07,0.4395415207435344,0.50390625,0.203947265625,0.0,0.5,0.16,0.044072265625,0.0,0.0,0.0,1
646,64.6014656819998,7129.523445544,64598532,0,1,none,-0.1072998046875,-0.109375,-0.10833740234375,-0.0201416015625,4.64e-07,0.43900062297952586,0.5064697265625,0.2036962890625,0.0,0.5,0.16,0.0444873046875,0.0,0.0,0.0,1
647,64.70146830799968,7129.62344588,64698533,0,1,none,-0.10693359375,-0.1103515625,-0.108642578125,-0.0205078125,4.64e-07,0.43942365975215514,0.503662109375,0.203892578125,0.0,0.5,0.16,0.043677734375,0.0,0.0,0.0,1
648,64.80147376900004,7129.723450208,64798538,0,1,none,-0.1051025390625,-0.1119384765625,-0.1085205078125,-0.019775390625,4.56e-07,0.4443209464089912,0.4989013671875,0.2026103515625,0.0,0.5,0.16,0.0428466796875,0.0,0.0,0.0,1
649,64.90146187200025,7129.823451544,64898540,0,1,none,-0.108642578125,-0.109375,-0.1090087890625,-0.020263671875,4.64e-07,0.4387501683728448,0.5032958984375,0.203580078125,0.0,0.5,0.16,0.041962890625,0.0,0.0,0.0,1
650,65.0014632020002,7129.92344788,64998537,0,1,none,-0.10791015625,-0.110595703125,-0.1092529296875,-0.019775390625,4.64e-07,0.4402381633890086,0.507568359375,0.2042705078125,0.0,0.5,0.16,0.044134765625,0.0,0.0,0.0,1
651,65.10145864900005,7130.023451216,65098541,0,1,none,-0.108154296875,-0.11083984375,-0.1094970703125,-0.0211181640625,4.64e-07,0.43871228448275856,0.5048828125,0.2035625,0.0,0.5,0.16,0.0440771484375,0.0,0.0,0.0,1
652,65.20151634000013,7130.123452552,65198543,0,1,none,-0.1083984375,-0.111328125,-0.10986328125,-0.0213623046875,4.64e-07,0.4394468110183189,0.5040283203125,0.2039033203125,0.0,0.5,0.16,0.0435458984375,0.0,0.0,0.0,1
653,65.30146038800012,7130.22345588,65298547,0,1,none,-0.10595703125,-0.1112060546875,-0.10858154296875,-0.01904296875,4.56e-07,0.4443744860197368,0.505126953125,0.202634765625,0.0,0.5,0.16,0.0436201171875,0.0,0.0,0.0,1
654,65.40147008199983,7130.323457216,65398549,0,1,none,-0.1043701171875,-0.1102294921875,-0.1072998046875,-0.019287109375,4.56e-07,0.44302528782894735,0.50048828125,0.20201953125,0.0,0.5,0.16,0.042990234375,0.0,0.0,0.0,1
655,65.50146510899958,7130.423458552,65498551,0,1,none,-0.1083984375,-0.11083984375,-0.109619140625,-0.019775390625,4.64e-07,0.44045283876616376,0.50830078125,0.2043701171875,0.0,0.5,0.16,0.042716796875000004,0.0,0.0,0.0,1
656,65.60152337799991,7130.523465888,65598559,0,1,none,-0.1090087890625,-0.1103515625,-0.10968017578125,-0.0211181640625,4.64e-07,0.43890801791487066,0.5042724609375,0.2036533203125,0.0,0.5,0.16,0.0442275390625,0.0,0.0,0.0,1
657,65.70147183900008,7130.623462224,65698556,0,1,none,-0.1090087890625,-0.1112060546875,-0.110107421875,-0.0208740234375,4.64e-07,0.439648858432112,0.5035400390625,0.2039970703125,0.0,0.5,0.16,0.04351953125,0.0,0.0,0.0,1
658,65.80146776299989,7130.72346356,65798558,0,1,none,-0.1065673828125,-0.109375,-0.10797119140625,-0.02001953125,4.64e-07,0.43836712015086204,0.4991455078125,0.20340234375,0.0,0.5,0.16,0.0437138671875,0.0,0.0,0.0,1
659,65.9014637979999,7130.823458888,65898554,0,1,none,-0.1055908203125,-0.1102294921875,-0.10791015625,-0.0191650390625,4.56e-07,0.44395901864035087,0.5006103515625,0.2024453125,0.0,0.5,0.16,0.0433408203125,0.0,0.0,0.0,1
660,66.00146479199975,7130.923463224,65998559,0,1,none,-0.1048583984375,-0.111328125,-0.10809326171875,-0.019775390625,4.56e-07,0.44448370682565785,0.499755859375,0.2026845703125,0.0,0.5,0.16,0.0439072265625,0.0,0.0,0.0,1
661,66.10146634699959,7131.02346356,66098560,0,1,none,-0.1082763671875,-0.109619140625,-0.10894775390625,-0.019775390625,4.64e-07,0.4409621666217672,0.5106201171875,0.2046064453125,0.0,0.5,0.16,0.042609375,0.0,0.0,0.0,1
662,66.20150361699962,7131.123472896,66198570,0,1,none,-0.110107421875,-0.1112060546875,-0.11065673828125,-0.022216796875,4.64e-07,0.4407916891163793,0.51123046875,0.20452734375,0.0,0.5,0.16,0.044318359375,0.0,0.0,0.0,1
663,66.30150176400002,7131.223476232,66298574,0,1,none,-0.107421875,-0.1104736328125,-0.10894775390625,-0.0198974609375,4.64e-07,0.43882593615301724,0.505615234375,0.203615234375,0.0,0.5,0.16,0.044098632812500003,0.0,0.0,0.0,1
664,66.40148024300015,7131.323469568,66398568,0,1,none,-0.1072998046875,-0.1102294921875,-0.1087646484375,-0.0206298828125,4.64e-07,0.4383839574353448,0.4990234375,0.20341015625,0.0,0.5,0.16,0.0432431640625,0.0,0.0,0.0,1
665,66.50147378800011,7131.423468896,66498568,0,1,none,-0.106201171875,-0.111083984375,-0.108642578125,-0.020263671875,4.56e-07,0.44499554550438597,0.5020751953125,0.20291796875,0.0,0.5,0.16,0.0443583984375,0.0,0.0,0.0,1
666,66.60147541799961,7131.523469232,66598569,0,1,none,-0.1055908203125,-0.1116943359375,-0.108642578125,-0.020263671875,4.56e-07,0.44431023848684215,0.5020751953125,0.20260546875000002,0.0,0.5,0.16,0.0437236328125,0.0,0.0,0.0,1
667,66.70146792800006,7131.623473568,66698574,0,1,none,-0.1075439453125,-0.1104736328125,-0.1090087890625,-0.019287109375,4.64e-07,0.4392110890355603,0.5103759765625,0.2037939453125,0.0,0.5,0.16,0.0430498046875,0.0,0.0,0.0,1
668,66.80147120499987,7131.723472904,66798574,0,1,none,-0.1082763671875,-0.1109619140625,-0.109619140625,-0.0201416015625,4.64e-07,0.43987195245150856,0.504638671875,0.2041005859375,0.0,0.5,0.16,0.044125,0.0,0.0,0.0,1
669,66.90146019599979,7131.82347224,66898574,0,1,none,-0.1077880859375,-0.1109619140625,-0.109375,-0.0205078125,4.64e-07,0.43984459186422414,0.5018310546875,0.20408789062500002,0.0,0.5,0.16,0.0436083984375,0.0,0.0,0.0,1
670,67.00146705800034,7131.923473576,66998576,0,1,none,-0.10693359375,-0.10888671875,-0.10791015625,-0.0208740234375,4.64e-07,0.44006768588362066,0.50927734375,0.20419140625,0.0,0.5,0.16,0.0439130859375,0.0,0.0,0.0,1
671,67.1014574589999,7132.023473904,67098577,0,1,none,-0.10595703125,-0.111083984375,-0.1085205078125,-0.0201416015625,4.56e-07,0.44571940104166663,0.5076904296875,0.203248046875,0.0,0.5,0.16,0.04275,0.0,0.0,0.0,1
672,67.2014692290004,7132.12347624,67198580,0,1,none,-0.1053466796875,-0.112060546875,-0.10870361328125,-0.0205078125,4.56e-07,0.44533605742872806,0.5054931640625,0.2030732421875,0.0,0.5,0.16,0.0430341796875,0.0,0.0,0.0,1
673,67.30151469500015,7132.223476576,67298581,0,1,none,-0.1080322265625,-0.1107177734375,-0.109375,-0.0198974609375,4.64e-07,0.4393941945043103,0.510009765625,0.20387890625,0.0,0.5,0.16,0.0442998046875,0.0,0.0,0.0,1
674,67.40147028400042,7132.323477912,67398583,0,1,none,-0.1082763671875,-0.1112060546875,-0.1097412109375,-0.020751953125,4.64e-07,0.43919846107219823,0.5059814453125,0.2037880859375,0.0,0.5,0.16,0.0444619140625,0.0,0.0,0.0,1
675,67.50145842599977,7132.423478248,67498584,0,1,none,-0.1070556640625,-0.1109619140625,-0.1090087890625,-0.02001953125,4.64e-07,0.4403202451508621,0.5072021484375,0.20430859375000002,0.0,0.5,0.16,0.0443701171875,0.0,0.0,0.0,1
676,67.60145571199973,7132.523483576,67598590,0,1,none,-0.1063232421875,-0.112060546875,-0.10919189453125,-0.02001953125,4.56e-07,0.44501481976425433,0.5050048828125,0.2029267578125,0.0,0.5,0.16,0.04385546875,0.0,0.0,0.0,1
677,67.70146653400025,7132.623478912,67698586,0,1,none,-0.1058349609375,-0.1103515625,-0.10809326171875,-0.0198974609375,4.56e-07,0.44592070997807015,0.499755859375,0.20333984375,0.0,0.5,0.16,0.042736328125,0.0,0.0,0.0,1
678,67.80146124299972,7132.723483248,67798591,0,1,none,-0.10302734375,-0.1103515625,-0.106689453125,-0.018798828125,4.56e-07,0.44344503837719296,0.4964599609375,0.2022109375,0.0,0.5,0.16,0.041412109375,0.0,0.0,0.0,1
679,67.90147432699996,7132.823482584,67898591,0,1,none,-0.1087646484375,-0.110595703125,-0.10968017578125,-0.020751953125,4.64e-07,0.4402234307650862,0.5101318359375,0.204263671875,0.0,0.5,0.16,0.044162109375,0.0,0.0,0.0,1
680,68.0014707549999,7132.92349092,67998600,0,1,none,-0.1072998046875,-0.1103515625,-0.10882568359375,-0.02001953125,4.64e-07,0.4403960129310344,0.5052490234375,0.20434375,0.0,0.5,0.16,0.0447080078125,0.0,0.0,0.0,1
681,68.10146484899997,7133.023486256,68098596,0,1,none,-0.106689453125,-0.1099853515625,-0.10833740234375,-0.019287109375,4.64e-07,0.43898378569504304,0.5,0.2036884765625,0.0,0.5,0.16,0.044443359375,0.0,0.0,0.0,1
682,68.20146636800018,7133.123486584,68198597,0,1,none,-0.10546875,-0.1124267578125,-0.10894775390625,-0.018798828125,4.56e-07,0.44585432086074556,0.5037841796875,0.2033095703125,0.0,0.5,0.16,0.044357421875000004,0.0,0.0,0.0,1
683,68.30146002699985,7133.22348992,68298601,0,1,none,-0.1043701171875,-0.110595703125,-0.10748291015625,-0.0186767578125,4.56e-07,0.4428196957236842,0.501708984375,0.20192578125,0.0,0.5,0.16,0.0427177734375,0.0,0.0,0.0,1
684,68.40147124800023,7133.323489256,68398601,0,1,none,-0.10888671875,-0.109130859375,-0.1090087890625,-0.0206298828125,4.64e-07,0.4396678003771552,0.510009765625,0.20400585937500001,0.0,0.5,0.16,0.0428427734375,0.0,0.0,0.0,1
685,68.50146511399998,7133.423490592,68498603,0,1,none,-0.109130859375,-0.110595703125,-0.10986328125,-0.0211181640625,4.64e-07,0.44012661637931033,0.502197265625,0.20421875,0.0,0.5,0.16,0.0435419921875,0.0,0.0,0.0,1
686,68.60146084900043,7133.523492928,68598606,0,1,none,-0.1085205078125,-0.110595703125,-0.10955810546875,-0.0206298828125,4.64e-07,0.44028867524245685,0.5103759765625,0.2042939453125,0.0,0.5,0.16,0.044296875,0.0,0.0,0.0,1
687,68.70146237999961,7133.623496264,68698610,0,1,none,-0.1075439453125,-0.108642578125,-0.10809326171875,-0.019775390625,4.64e-07,0.4385860048491379,0.504638671875,0.20350390625,0.0,0.5,0.16,0.0443173828125,0.0,0.0,0.0,1
688,68.80147931299962,7133.723497592,68798612,0,1,none,-0.10595703125,-0.110107421875,-0.1080322265625,-0.02001953125,4.56e-07,0.4438069661458333,0.5032958984375,0.2023759765625,0.0,0.5,0.16,0.04336328125,0.0,0.0,0.0,1
689,68.90148029200009,7133.823495928,68898611,0,1,none,-0.105224609375,-0.112060546875,-0.108642578125,-0.02001953125,4.56e-07,0.44521184553179827,0.5032958984375,0.2030166015625,0.0,0.5,0.16,0.0438408203125,0.0,0.0,0.0,1
690,69.00146473800032,7133.923495264,68998611,0,1,none,-0.1044921875,-0.111572265625,-0.1080322265625,-0.0194091796875,4.56e-07,0.44424384936951755,0.4981689453125,0.2025751953125,0.0,0.5,0.16,0.04378125,0.0,0.0,0.0,1
691,69.10146498799986,7134.0234966,69098613,0,1,none,-0.1094970703125,-0.1094970703125,-0.1094970703125,-0.02099609375,4.64e-07,0.43986142914870685,0.5120849609375,0.204095703125,0.0,0.5,0.16,0.0424306640625,0.0,0.0,0.0,1
692,69.20146063300035,7134.123498936,69198616,0,1,none,-0.108642578125,-0.1116943359375,-0.11016845703125,-0.0205078125,4.64e-07,0.44079589843749994,0.5103759765625,0.20452929687500002,0.0,0.5,0.16,0.04360546875,0.0,0.0,0.0,1
693,69.30147144300008,7134.223498272,69298616,0,1,none,-0.1070556640625,-0.110107421875,-0.10858154296875,-0.01953125,4.64e-07,0.43919425175107757,0.5059814453125,0.2037861328125,0.0,0.5,0.16,0.04402734375,0.0,0.0,0.0,1
694,69.40145865799968,7134.323500608,69398619,0,1,none,-0.1080322265625,-0.1114501953125,-0.1097412109375,-0.021728515625,4.64e-07,0.44028867524245685,0.5048828125,0.2042939453125,0.0,0.5,0.16,0.043184570312500004,0.0,0.0,0.0,1
695,69.50147356599973,7134.423498936,69498618,0,1,none,-0.106689453125,-0.11083984375,-0.1087646484375,-0.0205078125,4.56e-07,0.4447021484375,0.49951171875,0.2027841796875,0.0,0.5,0.16,0.0431953125,0.0,0.0,0.0,1
696,69.6014585490002,7134.523507272,69598627,0,1,none,-0.1038818359375,-0.1102294921875,-0.1070556640625,-0.0189208984375,4.56e-07,0.44424384936951755,0.500732421875,0.2025751953125,0.0,0.5,0.16,0.042154296875000004,0.0,0.0,0.0,1
697,69.70146019099957,7134.623502608,69698623,0,1,none,-0.109130859375,-0.111572265625,-0.1103515625,-0.0203857421875,4.64e-07,0.4393184267241379,0.5035400390625,0.20384375000000002,0.0,0.5,0.16,0.04234375,0.0,0.0,0.0,1
698,69.8014707100001,7134.723506944,69798628,0,1,none,-0.1080322265625,-0.1102294921875,-0.109130859375,-0.0201416015625,4.64e-07,0.43782411772629304,0.5003662109375,0.203150390625,0.0,0.5,0.16,0.0438974609375,0.0,0.0,0.0,1
699,69.90145902600034,7134.82350528,69898627,0,1,none,-0.1080322265625,-0.1119384765625,-0.1099853515625,-0.020751953125,4.64e-07,0.4378262223868534,0.4979248046875,0.20315136718750001,0.0,0.5,0.16,0.0441943359375,0.0,0.0,0.0,1
700,70.00146900799973,7134.923506616,69998629,0,1,none,-0.10693359375,-0.1103515625,-0.108642578125,-0.01953125,4.64e-07,0.43623299434267243,0.4998779296875,0.202412109375,0.0,0.5,0.16,0.0443466796875,0.0,0.0,0.0,1
701,70.10145754299992,7135.023506944,70098630,0,1,none,-0.106689453125,-0.1103515625,-0.1085205078125,-0.0205078125,4.56e-07,0.44483064350328944,0.5015869140625,0.2028427734375,0.0,0.5,0.16,0.0428037109375,0.0,0.0,0.0,1
702,70.20146366100016,7135.12351028,70198634,0,1,none,-0.103515625,-0.1121826171875,-0.10784912109375,-0.01904296875,4.56e-07,0.44418816817434204,0.49755859375,0.2025498046875,0.0,0.5,0.16,0.0425478515625,0.0,0.0,0.0,1
703,70.30146719599998,7135.223509616,70298634,0,1,none,-0.1112060546875,-0.111572265625,-0.11138916015625,-0.0228271484375,4.64e-07,0.440545443830819,0.50341796875,0.20441308593750002,0.0,0.5,0.16,0.042287109375,0.0,0.0,0.0,1
704,70.40145448899966,7135.323510952,70398636,0,1,none,-0.1087646484375,-0.109619140625,-0.10919189453125,-0.0205078125,4.64e-07,0.4400424299568965,0.5087890625,0.2041796875,0.0,0.5,0.16,0.044419921875000004,0.0,0.0,0.0,1
705,70.50146862600013,7135.423510288,70498636,0,1,none,-0.1077880859375,-0.11181640625,-0.10980224609375,-0.0198974609375,4.64e-07,0.4386975518588362,0.505126953125,0.2035556640625,0.0,0.5,0.16,0.043491210937500004,0.0,0.0,0.0,1
706,70.60148062700046,7135.523518624,70598645,0,1,none,-0.1080322265625,-0.110107421875,-0.10906982421875,-0.021484375,4.64e-07,0.44006558122306033,0.502197265625,0.2041904296875,0.0,0.5,0.16,0.04390625,0.0,0.0,0.0,1
707,70.70148386500023,7135.623519952,70698647,0,1,none,-0.104736328125,-0.1099853515625,-0.10736083984375,-0.0189208984375,4.56e-07,0.4426612184758772,0.4989013671875,0.201853515625,0.0,0.5,0.16,0.04337109375,0.0,0.0,0.0,1
708,70.80148211400046,7135.723521288,70798649,0,1,none,-0.1043701171875,-0.1119384765625,-0.108154296875,-0.01953125,4.56e-07,0.44443659196820173,0.4970703125,0.20266308593750001,0.0,0.5,0.16,0.0439775390625,0.0,0.0,0.0,1
709,70.90146533299958,7135.823517624,70898646,0,1,none,-0.1097412109375,-0.1104736328125,-0.110107421875,-0.02099609375,4.64e-07,0.4408358869881465,0.5113525390625,0.2045478515625,0.0,0.5,0.16,0.0424619140625,0.0,0.0,0.0,1
710,71.0014674969998,7135.92351696,70998646,0,1,none,-0.1103515625,-0.1107177734375,-0.11053466796875,-0.0213623046875,4.64e-07,0.4413346915409483,0.5123291015625,0.20477929687500002,0.0,0.5,0.16,0.0444091796875,0.0,0.0,0.0,1
711,71.1014612250001,7136.023517296,71098647,0,1,none,-0.1070556640625,-0.1099853515625,-0.1085205078125,-0.0191650390625,4.64e-07,0.43804089776400856,0.505615234375,0.2032509765625,0.0,0.5,0.16,0.0444580078125,0.0,0.0,0.0,1
712,71.20146884899987,7136.123524632,71198655,0,1,none,-0.1055908203125,-0.1094970703125,-0.1075439453125,-0.018798828125,4.64e-07,0.4384344692887931,0.4991455078125,0.20343359375,0.0,0.5,0.16,0.04289453125,0.0,0.0,0.0,1
713,71.30150557900015,7136.22353296,71298664,0,1,none,-0.106689453125,-0.1123046875,-0.1094970703125,-0.02099609375,4.56e-07,0.4471649705317982,0.5045166015625,0.20390722656250002,0.0,0.5,0.16,0.04395703125,0.0,0.0,0.0,1
714,71.4014864970004,7136.323525296,71398657,0,1,none,-0.1058349609375,-0.1104736328125,-0.108154296875,-0.0205078125,4.56e-07,0.44462076822916663,0.5037841796875,0.2027470703125,0.0,0.5,0.16,0.0431689453125,0.0,0.0,0.0,1
715,71.50146867799958,7136.423525632,71498658,0,1,none,-0.10400390625,-0.1114501953125,-0.10772705078125,-0.0196533203125,4.56e-07,0.4442181503563597,0.501708984375,0.2025634765625,0.0,0.5,0.16,0.0429912109375,0.0,0.0,0.0,1
716,71.60147360199971,7136.523531968,71598665,0,1,none,-0.1082763671875,-0.1099853515625,-0.109130859375,-0.02001953125,4.64e-07,0.4390637627963362,0.50341796875,0.2037255859375,0.0,0.5,0.16,0.044357421875000004,0.0,0.0,0.0,1
717,71.7014723100001,7136.623529304,71698663,0,1,none,-0.1070556640625,-0.1103515625,-0.10870361328125,-0.0196533203125,4.64e-07,0.4378451643318965,0.5064697265625,0.20316015625,0.0,0.5,0.16,0.0439404296875,0.0,0.0,0.0,1
718,71.80146272300044,7136.72352764,71798662,0,1,none,-0.106689453125,-0.110595703125,-0.108642578125,-0.0194091796875,4.64e-07,0.43961307920258613,0.5047607421875,0.20398046875,0.0,0.5,0.16,0.0447978515625,0.0,0.0,0.0,1
719,71.90146552599981,7136.823525968,71898661,0,1,none,-0.1058349609375,-0.1109619140625,-0.1083984375,-0.0194091796875,4.56e-07,0.4462997704221491,0.5010986328125,0.2035126953125,0.0,0.5,0.16,0.0443173828125,0.0,0.0,0.0,1
720,72.00146597099956,7136.923528304,71998664,0,1,none,-0.104736328125,-0.112060546875,-0.1083984375,-0.01904296875,4.56e-07,0.4442053008497807,0.4993896484375,0.2025576171875,0.0,0.5,0.16,0.0436240234375,0.0,0.0,0.0,1
721,72.10146601100041,7137.02352964,72098666,0,1,none,-0.103759765625,-0.1121826171875,-0.10797119140625,-0.01904296875,4.56e-07,0.4442224335252193,0.5029296875,0.2025654296875,0.0,0.5,0.16,0.041794921875,0.0,0.0,0.0,1
722,72.20146015000046,7137.123531976,72198669,0,1,none,-0.1087646484375,-0.111328125,-0.11004638671875,-0.0206298828125,4.64e-07,0.4411789466594827,0.508544921875,0.20470703125,0.0,0.5,0.16,0.0446884765625,0.0,0.0,0.0,1
723,72.30146439300006,7137.223530312,72298668,0,1,none,-0.1090087890625,-0.11181640625,-0.11041259765625,-0.0211181640625,4.64e-07,0.4417408910290948,0.508544921875,0.2049677734375,0.0,0.5,0.16,0.0441083984375,0.0,0.0,0.0,1
724,72.40146654199998,7137.323534648,72398673,0,1,none,-0.10791015625,-0.10986328125,-0.10888671875,-0.020751953125,4.64e-07,0.4410358297413792,0.5047607421875,0.204640625,0.0,0.5,0.16,0.0457294921875,0.0,0.0,0.0,1
725,72.50145821499973,7137.423534984,72498674,0,1,none,-0.108154296875,-0.1097412109375,-0.10894775390625,-0.0216064453125,4.64e-07,0.43942365975215514,0.5078125,0.203892578125,0.0,0.5,0.16,0.0435693359375,0.0,0.0,0.0,1
726,72.60146685000018,7137.523532312,72598672,0,1,none,-0.10498046875,-0.1119384765625,-0.10845947265625,-0.0189208984375,4.56e-07,0.44672808730811403,0.50244140625,0.2037080078125,0.0,0.5,0.16,0.044267578125,0.0,0.0,0.0,1
727,72.70146944899989,7137.623538648,72698679,0,1,none,-0.102783203125,-0.1104736328125,-0.10662841796875,-0.0185546875,4.56e-07,0.4442631236293859,0.5003662109375,0.202583984375,0.0,0.5,0.16,0.0431689453125,0.0,0.0,0.0,1
728,72.80153106699981,7137.723539984,72798681,0,1,none,-0.1085205078125,-0.109130859375,-0.10882568359375,-0.0203857421875,4.64e-07,0.43983827788254304,0.5101318359375,0.2040849609375,0.0,0.5,0.16,0.04437109375,0.0,0.0,0.0,1
729,72.90145900799962,7137.82353832,72898680,0,1,none,-0.1082763671875,-0.111572265625,-0.10992431640625,-0.0201416015625,4.64e-07,0.4421218345905172,0.5072021484375,0.20514453125,0.0,0.5,0.16,0.0456689453125,0.0,0.0,0.0,1
730,73.00146329000017,7137.923537656,72998680,0,1,none,-0.1070556640625,-0.11181640625,-0.10943603515625,-0.02001953125,4.64e-07,0.4427574420797414,0.507080078125,0.205439453125,0.0,0.5,0.16,0.046107421875,0.0,0.0,0.0,1
731,73.1014575700001,7138.023538992,73098682,0,1,none,-0.1070556640625,-0.110107421875,-0.10858154296875,-0.020263671875,4.64e-07,0.4396593817349137,0.504150390625,0.204001953125,0.0,0.5,0.16,0.045458984375000004,0.0,0.0,0.0,1
732,73.20147368000016,7138.12354532,73198689,0,1,none,-0.1051025390625,-0.1114501953125,-0.1082763671875,-0.01953125,4.56e-07,0.44674093681469296,0.5047607421875,0.2037138671875,0.0,0.5,0.16,0.0444560546875,0.0,0.0,0.0,1
733,73.30146358300044,7138.223543656,73298688,0,1,none,-0.1036376953125,-0.1121826171875,-0.10791015625,-0.01904296875,4.56e-07,0.44412392064144735,0.494873046875,0.2025205078125,0.0,0.5,0.16,0.0436806640625,0.0,0.0,0.0,1
734,73.40145742799996,7138.323546992,73398692,0,1,none,-0.108642578125,-0.110595703125,-0.109619140625,-0.020263671875,4.64e-07,0.4426143251616379,0.5076904296875,0.205373046875,0.0,0.5,0.16,0.043988281250000004,0.0,0.0,0.0,1
735,73.50146723299986,7138.423543328,73498689,0,1,none,-0.1077880859375,-0.1107177734375,-0.1092529296875,-0.01953125,4.64e-07,0.4427006162446121,0.5126953125,0.20541308593750002,0.0,0.5,0.16,0.045388671875,0.0,0.0,0.0,1
736,73.60146109000016,7138.523549664,73598696,0,1,none,-0.1082763671875,-0.11083984375,-0.10955810546875,-0.020751953125,4.64e-07,0.4401771282327586,0.50537109375,0.2042421875,0.0,0.5,0.16,0.0449921875,0.0,0.0,0.0,1
737,73.70147142299993,7138.623549,73698696,0,1,none,-0.1064453125,-0.1109619140625,-0.10870361328125,-0.02001953125,4.64e-07,0.44061700228987066,0.501708984375,0.2044462890625,0.0,0.5,0.16,0.0449287109375,0.0,0.0,0.0,1
738,73.80147047300034,7138.723555328,73798703,0,1,none,-0.1044921875,-0.110107421875,-0.1072998046875,-0.018798828125,4.56e-07,0.44700006853070173,0.5047607421875,0.20383203125000002,0.0,0.5,0.16,0.0449755859375,0.0,0.0,0.0,1
739,73.90146588399966,7138.823550664,73898699,0,1,none,-0.104248046875,-0.1097412109375,-0.10699462890625,-0.0194091796875,4.56e-07,0.4443980434484649,0.4993896484375,0.20264550781250001,0.0,0.5,0.16,0.044226562500000004,0.0,0.0,0.0,1
740,74.00146402199971,7138.923551,73998700,0,1,none,-0.1033935546875,-0.11181640625,-0.10760498046875,-0.0191650390625,4.56e-07,0.4453638980263158,0.5028076171875,0.2030859375,0.0,0.5,0.16,0.0440263671875,0.0,0.0,0.0,1
741,74.10146799500035,7139.023551336,74098701,0,1,none,-0.1097412109375,-0.1107177734375,-0.1102294921875,-0.0218505859375,4.64e-07,0.4423596612338362,0.5084228515625,0.2052548828125,0.0,0.5,0.16,0.0433046875,0.0,0.0,0.0,1
742,74.20146621399999,7139.123552672,74198703,0,1,none,-0.108154296875,-0.109619140625,-0.10888671875,-0.0203857421875,4.64e-07,0.4406380488954741,0.5130615234375,0.2044560546875,0.0,0.5,0.16,0.0452041015625,0.0,0.0,0.0,1
743,74.30150744100047,7139.223554008,74298705,0,1,none,-0.107421875,-0.111083984375,-0.1092529296875,-0.02099609375,4.64e-07,0.44191978717672414,0.505126953125,0.20505078125,0.0,0.5,0.16,0.0447763671875,0.0,0.0,0.0,1
744,74.4014605100001,7139.323554336,74398706,0,1,none,-0.1044921875,-0.111328125,-0.10791015625,-0.01904296875,4.56e-07,0.44549881784539475,0.506103515625,0.2031474609375,0.0,0.5,0.16,0.044955078125,0.0,0.0,0.0,1
745,74.50147200399988,7139.423558672,74498711,0,1,none,-0.10546875,-0.111572265625,-0.1085205078125,-0.0201416015625,4.56e-07,0.4471842447916667,0.5037841796875,0.203916015625,0.0,0.5,0.16,0.0436484375,0.0,0.0,0.0,1
746,74.60146112999973,7139.523558008,74598711,0,1,none,-0.1097412109375,-0.1116943359375,-0.1107177734375,-0.021240234375,4.64e-07,0.44150306438577586,0.5035400390625,0.204857421875,0.0,0.5,0.16,0.04447265625,0.0,0.0,0.0,1
747,74.70147674599957,7139.623562344,74698716,0,1,none,-0.1097412109375,-0.11083984375,-0.11029052734375,-0.0216064453125,4.64e-07,0.4417808795797413,0.5069580078125,0.204986328125,0.0,0.5,0.16,0.0455439453125,0.0,0.0,0.0,1
748,74.80147337499966,7139.72356368,74798718,0,1,none,-0.1072998046875,-0.1109619140625,-0.109130859375,-0.02001953125,4.64e-07,0.4428900356950431,0.5074462890625,0.2055009765625,0.0,0.5,0.16,0.0443935546875,0.0,0.0,0.0,1
749,74.90145536399996,7139.823563016,74898718,0,1,none,-0.1070556640625,-0.110107421875,-0.10858154296875,-0.02001953125,4.64e-07,0.4401687095905172,0.50634765625,0.20423828125000001,0.0,0.5,0.16,0.04467578125,0.0,0.0,0.0,1
750,75.00146507600039,7139.923562344,74998718,0,1,none,-0.1080322265625,-0.1124267578125,-0.1102294921875,-0.02099609375,4.56e-07,0.44669596354166663,0.5028076171875,0.203693359375,0.0,0.5,0.16,0.04471875,0.0,0.0,0.0,1
751,75.10151619099997,7140.02356168,75098718,0,1,none,-0.1053466796875,-0.109375,-0.10736083984375,-0.019287109375,4.56e-07,0.4451840049342105,0.5023193359375,0.20300390625,0.0,0.5,0.16,0.04343359375,0.0,0.0,0.0,1
752,75.20147064899993,7140.123563016,75198720,0,1,none,-0.109375,-0.110595703125,-0.1099853515625,-0.02099609375,4.64e-07,0.4422881027747844,0.509765625,0.2052216796875,0.0,0.5,0.16,0.0439541015625,0.0,0.0,0.0,1
753,75.30146426900046,7140.223566352,75298724,0,1,none,-0.1090087890625,-0.1104736328125,-0.1097412109375,-0.021240234375,4.64e-07,0.4407622238685344,0.5057373046875,0.204513671875,0.0,0.5,0.16,0.045845703125,0.0,0.0,0.0,1
754,75.40146718899996,7140.323565688,75398724,0,1,none,-0.108154296875,-0.111083984375,-0.109619140625,-0.020263671875,4.64e-07,0.4408148403825431,0.5078125,0.2045380859375,0.0,0.5,0.16,0.0456298828125,0.0,0.0,0.0,1
755,75.50146239300011,7140.423566024,75498725,0,1,none,-0.1087646484375,-0.1107177734375,-0.1097412109375,-0.0213623046875,4.64e-07,0.4425301387392241,0.51416015625,0.205333984375,0.0,0.5,0.16,0.045041015625,0.0,0.0,0.0,1
756,75.60146678300043,7140.523573352,75598733,0,1,none,-0.1068115234375,-0.1119384765625,-0.109375,-0.0203857421875,4.56e-07,0.4464047080592105,0.508544921875,0.203560546875,0.0,0.5,0.16,0.0440458984375,0.0,0.0,0.0,1
757,75.70152145300017,7140.623570688,75698731,0,1,none,-0.1053466796875,-0.1116943359375,-0.1085205078125,-0.0203857421875,4.56e-07,0.4477260656524123,0.507568359375,0.20416308593750002,0.0,0.5,0.16,0.043630859375000004,0.0,0.0,0.0,1
758,75.80146444799993,7140.723572024,75798733,0,1,none,-0.1104736328125,-0.111572265625,-0.11102294921875,-0.021484375,4.64e-07,0.44336989830280166,0.511474609375,0.2057236328125,0.0,0.5,0.16,0.0441689453125,0.0,0.0,0.0,1
759,75.90147666499979,7140.82357136,75898733,0,1,none,-0.109375,-0.1116943359375,-0.11053466796875,-0.021484375,4.64e-07,0.4438139816810345,0.512939453125,0.2059296875,0.0,0.5,0.16,0.0436376953125,0.0,0.0,0.0,1
760,76.00146747100007,7140.923574696,75998737,0,1,none,-0.1094970703125,-0.1103515625,-0.10992431640625,-0.021728515625,4.64e-07,0.4412315631734914,0.5107421875,0.2047314453125,0.0,0.5,0.16,0.04585546875,0.0,0.0,0.0,1
761,76.10147079600029,7141.023574032,76098737,0,1,none,-0.109130859375,-0.1102294921875,-0.10968017578125,-0.021484375,4.64e-07,0.4408758755387931,0.5159912109375,0.20456640625,0.0,0.5,0.16,0.0453544921875,0.0,0.0,0.0,1
762,76.2014559019999,7141.12357236,76198736,0,1,none,-0.1063232421875,-0.110107421875,-0.10821533203125,-0.0201416015625,4.56e-07,0.447704649808114,0.505615234375,0.2041533203125,0.0,0.5,0.16,0.045083984375000004,0.0,0.0,0.0,1
763,76.30147654899974,7141.223577696,76298742,0,1,none,-0.1036376953125,-0.109375,-0.10650634765625,-0.0184326171875,4.56e-07,0.44638543379934215,0.503662109375,0.2035517578125,0.0,0.5,0.16,0.044098632812500003,0.0,0.0,0.0,1
764,76.4014972949999,7141.323588032,76398753,0,1,none,-0.109130859375,-0.111083984375,-0.110107421875,-0.0206298828125,4.64e-07,0.4438455515894396,0.508056640625,0.2059443359375,0.0,0.5,0.16,0.044580078125,0.0,0.0,0.0,1
765,76.50149162900016,7141.423582368,76498748,0,1,none,-0.1092529296875,-0.111328125,-0.11029052734375,-0.021728515625,4.64e-07,0.443548794450431,0.5142822265625,0.205806640625,0.0,0.5,0.16,0.0461552734375,0.0,0.0,0.0,1
766,76.60147188999963,7141.523578704,76598745,0,1,none,-0.107421875,-0.109619140625,-0.1085205078125,-0.0198974609375,4.64e-07,0.44079379377693967,0.5123291015625,0.2045283203125,0.0,0.5,0.16,0.0457734375,0.0,0.0,0.0,1
767,76.70147252100014,7141.62358504,76698752,0,1,none,-0.1065673828125,-0.1094970703125,-0.1080322265625,-0.020263671875,4.64e-07,0.4425932785560345,0.510498046875,0.20536328125,0.0,0.5,0.16,0.0449150390625,0.0,0.0,0.0,1
768,76.80147101300008,7141.723583376,76798751,0,1,none,-0.1053466796875,-0.110107421875,-0.10772705078125,-0.0196533203125,4.64e-07,0.4418250774515085,0.51171875,0.2050068359375,0.0,0.5,0.16,0.044390625,0.0,0.0,0.0,1
769,76.90146181,7141.823582704,76898751,0,1,none,-0.10546875,-0.112060546875,-0.1087646484375,-0.019775390625,4.56e-07,0.4456594366776316,0.50244140625,0.203220703125,0.0,0.5,0.16,0.0442880859375,0.0,0.0,0.0,1
770,77.00145663900003,7141.92358504,76998754,0,1,none,-0.1046142578125,-0.11181640625,-0.10821533203125,-0.0198974609375,4.56e-07,0.4475011992872807,0.5018310546875,0.204060546875,0.0,0.5,0.16,0.04415234375,0.0,0.0,0.0,1
771,77.10145956500037,7142.023581376,77098751,0,1,none,-0.109375,-0.10986328125,-0.109619140625,-0.02099609375,4.64e-07,0.44083799164870685,0.5118408203125,0.204548828125,0.0,0.5,0.16,0.0456533203125,0.0,0.0,0.0,1
772,77.20146422800008,7142.123590712,77198761,0,1,none,-0.107666015625,-0.1124267578125,-0.11004638671875,-0.0203857421875,4.64e-07,0.4427427094558189,0.5086669921875,0.2054326171875,0.0,0.5,0.16,0.0446875,0.0,0.0,0.0,1
773,77.30147108399979,7142.223588048,77298759,0,1,none,-0.1077880859375,-0.1114501953125,-0.109619140625,-0.0206298828125,4.64e-07,0.44207553205818956,0.5081787109375,0.205123046875,0.0,0.5,0.16,0.044029296875,0.0,0.0,0.0,1
774,77.40146227100013,7142.323590376,77398762,0,1,none,-0.104736328125,-0.1114501953125,-0.10809326171875,-0.0185546875,4.56e-07,0.44516473067434204,0.50341796875,0.2029951171875,0.0,0.5,0.16,0.0438056640625,0.0,0.0,0.0,1
775,77.5014665079998,7142.423587712,77498760,0,1,none,-0.1044921875,-0.110107421875,-0.1072998046875,-0.0189208984375,4.56e-07,0.4446271929824562,0.5006103515625,0.20275,0.0,0.5,0.16,0.043261718750000004,0.0,0.0,0.0,1
776,77.60146354500012,7142.523597048,77598770,0,1,none,-0.10986328125,-0.1104736328125,-0.11016845703125,-0.0213623046875,4.64e-07,0.44106529498922414,0.5093994140625,0.204654296875,0.0,0.5,0.16,0.0432373046875,0.0,0.0,0.0,1
777,77.70146154200029,7142.623592384,77698766,0,1,none,-0.1097412109375,-0.110595703125,-0.11016845703125,-0.0213623046875,4.64e-07,0.4400718952047413,0.51025390625,0.204193359375,0.0,0.5,0.16,0.0434228515625,0.0,0.0,0.0,1
778,77.80145946100038,7142.72359372,77798768,0,1,none,-0.1090087890625,-0.1094970703125,-0.1092529296875,-0.021728515625,4.64e-07,0.44202291554418105,0.5103759765625,0.20509863281250001,0.0,0.5,0.16,0.0453681640625,0.0,0.0,0.0,1
779,77.90146834500047,7142.823594056,77898769,0,1,none,-0.1063232421875,-0.110107421875,-0.10821533203125,-0.0194091796875,4.64e-07,0.4397688240840517,0.510009765625,0.20405273437500002,0.0,0.5,0.16,0.0440283203125,0.0,0.0,0.0,1
780,78.00146479700015,7142.923591384,77998767,0,1,none,-0.10693359375,-0.11083984375,-0.10888671875,-0.0211181640625,4.56e-07,0.44562517132675433,0.5030517578125,0.203205078125,0.0,0.5,0.16,0.044484375,0.0,0.0,0.0,1
781,78.1014680799999,7143.02359572,78098772,0,1,none,-0.1041259765625,-0.112548828125,-0.10833740234375,-0.01953125,4.56e-07,0.44620982387609653,0.49951171875,0.20347167968750002,0.0,0.5,0.16,0.043291015625,0.0,0.0,0.0,1
782,78.20151895500021,7143.123598056,78198775,0,1,none,-0.1094970703125,-0.11083984375,-0.11016845703125,-0.02099609375,4.64e-07,0.44304367591594823,0.5126953125,0.205572265625,0.0,0.5,0.16,0.0456240234375,0.0,0.0,0.0,1
783,78.30146399899968,7143.223599392,78298777,0,1,none,-0.1083984375,-0.109375,-0.10888671875,-0.0208740234375,4.64e-07,0.44219970703125,0.5147705078125,0.20518066406250002,0.0,0.5,0.16,0.0460263671875,0.0,0.0,0.0,1
784,78.40145586699964,7143.323599728,78398778,0,1,none,-0.1075439453125,-0.1103515625,-0.10894775390625,-0.0206298828125,4.64e-07,0.4417514143318965,0.5079345703125,0.20497265625,0.0,0.5,0.16,0.0446630859375,0.0,0.0,0.0,1
785,78.50146525800028,7143.423600064,78498779,0,1,none,-0.1070556640625,-0.110107421875,-0.10858154296875,-0.0206298828125,4.64e-07,0.44087166621767243,0.5067138671875,0.20456445312500002,0.0,0.5,0.16,0.045214843750000004,0.0,0.0,0.0,1
786,78.6014686010003,7143.523603392,78598783,0,1,none,-0.1060791015625,-0.1092529296875,-0.107666015625,-0.020751953125,4.56e-07,0.44501481976425433,0.5013427734375,0.2029267578125,0.0,0.5,0.16,0.0444951171875,0.0,0.0,0.0,1
787,78.70147557099972,7143.623604728,78698785,0,1,none,-0.1099853515625,-0.1116943359375,-0.11083984375,-0.0216064453125,4.64e-07,0.44266904633620685,0.512451171875,0.2053984375,0.0,0.5,0.16,0.043875000000000004,0.0,0.0,0.0,1
788,78.80147684700023,7143.723608064,78798789,0,1,none,-0.1094970703125,-0.1126708984375,-0.111083984375,-0.0216064453125,4.64e-07,0.44481369544719823,0.513916015625,0.2063935546875,0.0,0.5,0.16,0.0457841796875,0.0,0.0,0.0,1
789,78.90147364400036,7143.8236094,78898791,0,1,none,-0.1072998046875,-0.109619140625,-0.10845947265625,-0.019775390625,4.64e-07,0.4402129074622845,0.5113525390625,0.2042587890625,0.0,0.5,0.16,0.0447158203125,0.0,0.0,0.0,1
790,79.00147126600041,7143.923608736,78998791,0,1,none,-0.1072998046875,-0.1099853515625,-0.108642578125,-0.020751953125,4.64e-07,0.4410673996497844,0.5101318359375,0.2046552734375,0.0,0.5,0.16,0.043849609375,0.0,0.0,0.0,1
791,79.10146524599986,7144.023609064,79098792,0,1,none,-0.1060791015625,-0.1126708984375,-0.109375,-0.0201416015625,4.56e-07,0.4462804961622807,0.5018310546875,0.20350390625,0.0,0.5,0.16,0.0453837890625,0.0,0.0,0.0,1
792,79.20146863399987,7144.1236084,79198792,0,1,none,-0.1048583984375,-0.1126708984375,-0.1087646484375,-0.0206298828125,4.56e-07,0.4473662794682018,0.50927734375,0.2039990234375,0.0,0.5,0.16,0.044087890625,0.0,0.0,0.0,1
793,79.3014584980001,7144.223607736,79298792,0,1,none,-0.109619140625,-0.1102294921875,-0.10992431640625,-0.0211181640625,4.64e-07,0.4427448141163793,0.5133056640625,0.20543359375,0.0,0.5,0.16,0.042986328125,0.0,0.0,0.0,1
794,79.40146640700004,7144.323610072,79398795,0,1,none,-0.1083984375,-0.11181640625,-0.110107421875,-0.0208740234375,4.64e-07,0.4418608566810344,0.50927734375,0.20502343750000002,0.0,0.5,0.16,0.04603515625,0.0,0.0,0.0,1
795,79.50145907000024,7144.423613408,79498799,0,1,none,-0.1080322265625,-0.1103515625,-0.10919189453125,-0.0205078125,4.64e-07,0.44240596376616376,0.5074462890625,0.2052763671875,0.0,0.5,0.16,0.045402343750000004,0.0,0.0,0.0,1
796,79.60146271299982,7144.523618736,79598805,0,1,none,-0.106201171875,-0.110595703125,-0.1083984375,-0.0201416015625,4.56e-07,0.4485120271381579,0.50634765625,0.204521484375,0.0,0.5,0.16,0.045517578125,0.0,0.0,0.0,1
797,79.70146760399984,7144.623616072,79698803,0,1,none,-0.1053466796875,-0.1129150390625,-0.109130859375,-0.019775390625,4.56e-07,0.44862767269736836,0.505126953125,0.20457421875,0.0,0.5,0.16,0.0451923828125,0.0,0.0,0.0,1
798,79.80146163799964,7144.723615408,79798803,0,1,none,-0.10888671875,-0.1112060546875,-0.11004638671875,-0.020263671875,4.64e-07,0.44212393925107757,0.513671875,0.20514550781250002,0.0,0.5,0.16,0.04433984375,0.0,0.0,0.0,1
799,79.90146841600017,7144.823617744,79898806,0,1,none,-0.1075439453125,-0.111328125,-0.10943603515625,-0.0194091796875,4.64e-07,0.44293844288793105,0.51123046875,0.20552343750000002,0.0,0.5,0.16,0.0457275390625,0.0,0.0,0.0,1
800,80.0014587630003,7144.92361808,79998807,0,1,none,-0.1090087890625,-0.110107421875,-0.10955810546875,-0.02099609375,4.64e-07,0.4408064217403017,0.5084228515625,0.2045341796875,0.0,0.5,0.16,0.0459775390625,0.0,0.0,0.0,1
801,80.10146884700043,7145.023619416,80098809,0,1,none,-0.1068115234375,-0.1104736328125,-0.108642578125,-0.0194091796875,4.64e-07,0.4384365739493534,0.505126953125,0.2034345703125,0.0,0.5,0.16,0.044658203125000004,0.0,0.0,0.0,1
802,80.20146506800029,7145.123619744,80198810,0,1,none,-0.105224609375,-0.1119384765625,-0.10858154296875,-0.0194091796875,4.56e-07,0.4483299924616228,0.509033203125,0.2044384765625,0.0,0.5,0.16,0.044650390625,0.0,0.0,0.0,1
803,80.30145220200029,7145.22361708,80298808,0,1,none,-0.1046142578125,-0.111572265625,-0.10809326171875,-0.0201416015625,4.56e-07,0.44615628426535087,0.505126953125,0.203447265625,0.0,0.5,0.16,0.043658203125,0.0,0.0,0.0,1
804,80.40145841899994,7145.323621416,80398813,0,1,none,-0.109375,-0.11181640625,-0.110595703125,-0.0211181640625,4.64e-07,0.4436603414601293,0.5086669921875,0.2058583984375,0.0,0.5,0.16,0.04323828125,0.0,0.0,0.0,1
805,80.50146246399981,7145.423623752,80498816,0,1,none,-0.1087646484375,-0.110107421875,-0.10943603515625,-0.0205078125,4.64e-07,0.4424754175646552,0.5076904296875,0.20530859375000002,0.0,0.5,0.16,0.0452578125,0.0,0.0,0.0,1
806,80.60146157700001,7145.523624088,80598817,0,1,none,-0.108154296875,-0.1099853515625,-0.10906982421875,-0.02099609375,4.64e-07,0.44119788860452575,0.51123046875,0.2047158203125,0.0,0.5,0.16,0.0449462890625,0.0,0.0,0.0,1
807,80.70146975599982,7145.623627424,80698821,0,1,none,-0.1068115234375,-0.1112060546875,-0.1090087890625,-0.020263671875,4.64e-07,0.4409432246767241,0.5032958984375,0.20459765625,0.0,0.5,0.16,0.044263671875,0.0,0.0,0.0,1
808,80.80147340399981,7145.723628752,80798823,0,1,none,-0.104736328125,-0.1103515625,-0.1075439453125,-0.01953125,4.56e-07,0.44767895079495607,0.50244140625,0.2041416015625,0.0,0.5,0.16,0.0450146484375,0.0,0.0,0.0,1
809,80.9014619059999,7145.823625088,80898820,0,1,none,-0.1102294921875,-0.111083984375,-0.11065673828125,-0.021484375,4.64e-07,0.444159146012931,0.51318359375,0.20608984375,0.0,0.5,0.16,0.04525390625,0.0,0.0,0.0,1
810,81.00146644899996,7145.923629424,80998825,0,1,none,-0.1082763671875,-0.1109619140625,-0.109619140625,-0.0201416015625,4.64e-07,0.4445106243265086,0.5169677734375,0.2062529296875,0.0,0.5,0.16,0.0450419921875,0.0,0.0,0.0,1
811,81.10146304800037,7146.02362876,81098825,0,1,none,-0.1097412109375,-0.1112060546875,-0.1104736328125,-0.02197265625,4.64e-07,0.4449820682920258,0.514892578125,0.2064716796875,0.0,0.5,0.16,0.0452451171875,0.0,0.0,0.0,1
812,81.20146485199984,7146.123630096,81198827,0,1,none,-0.1087646484375,-0.109375,-0.10906982421875,-0.0220947265625,4.64e-07,0.44170511179956895,0.5074462890625,0.204951171875,0.0,0.5,0.16,0.0453701171875,0.0,0.0,0.0,1
813,81.30148067200025,7146.223636424,81298834,0,1,none,-0.1063232421875,-0.111083984375,-0.10870361328125,-0.020263671875,4.56e-07,0.44891678659539475,0.506103515625,0.2047060546875,0.0,0.5,0.16,0.0456455078125,0.0,0.0,0.0,1
814,81.4014730709996,7146.32363576,81398834,0,1,none,-0.105224609375,-0.11083984375,-0.1080322265625,-0.0201416015625,4.56e-07,0.44846277069627194,0.5089111328125,0.2044990234375,0.0,0.5,0.16,0.0445087890625,0.0,0.0,0.0,1
815,81.5015085949999,7146.423643096,81498842,0,1,none,-0.1090087890625,-0.110595703125,-0.10980224609375,-0.0203857421875,4.64e-07,0.4443569841056034,0.511474609375,0.206181640625,0.0,0.5,0.16,0.0437373046875,0.0,0.0,0.0,1
816,81.60148607500014,7146.523644432,81598844,0,1,none,-0.1072998046875,-0.11181640625,-0.10955810546875,-0.01953125,4.64e-07,0.44262695312499994,0.512451171875,0.20537890625,0.0,0.5,0.16,0.0460498046875,0.0,0.0,0.0,1
817,81.70147105199976,7146.623636768,81698837,0,1,none,-0.1080322265625,-0.1109619140625,-0.1094970703125,-0.02099609375,4.64e-07,0.443548794450431,0.5091552734375,0.205806640625,0.0,0.5,0.16,0.045841796875,0.0,0.0,0.0,1
818,81.80146589000015,7146.723640104,81798841,0,1,none,-0.1080322265625,-0.1107177734375,-0.109375,-0.0220947265625,4.64e-07,0.4437361092403017,0.505615234375,0.2058935546875,0.0,0.5,0.16,0.046119140625,0.0,0.0,0.0,1
819,81.90146673399977,7146.823637432,81898839,0,1,none,-0.105712890625,-0.1129150390625,-0.10931396484375,-0.0198974609375,4.56e-07,0.44967704906798245,0.5078125,0.20505273437500002,0.0,0.5,0.16,0.0454287109375,0.0,0.0,0.0,1
820,82.00145856000017,7146.923637768,81998840,0,1,none,-0.10595703125,-0.10986328125,-0.10791015625,-0.0211181640625,4.56e-07,0.44867050438596484,0.5103759765625,0.20459375,0.0,0.5,0.16,0.0451162109375,0.0,0.0,0.0,1
821,82.10146615699978,7147.023642104,82098845,0,1,none,-0.108154296875,-0.1104736328125,-0.10931396484375,-0.0198974609375,4.64e-07,0.44337410762392243,0.5107421875,0.2057255859375,0.0,0.5,0.16,0.04426171875,0.0,0.0,0.0,1
822,82.20146031700006,7147.12364044,82198844,0,1,none,-0.1080322265625,-0.1116943359375,-0.10986328125,-0.0203857421875,4.64e-07,0.4424270103717672,0.51123046875,0.2052861328125,0.0,0.5,0.16,0.0457607421875,0.0,0.0,0.0,1
823,82.30146720300036,7147.223639776,82298844,0,1,none,-0.1075439453125,-0.1099853515625,-0.1087646484375,-0.0206298828125,4.64e-07,0.4415683088631465,0.5108642578125,0.2048876953125,0.0,0.5,0.16,0.045138671875,0.0,0.0,0.0,1
824,82.40146305800045,7147.323645112,82398850,0,1,none,-0.1063232421875,-0.111572265625,-0.10894775390625,-0.0198974609375,4.64e-07,0.44244595231681033,0.5068359375,0.205294921875,0.0,0.5,0.16,0.046248046875000004,0.0,0.0,0.0,1
825,82.50146003200007,7147.42364544,82498851,0,1,none,-0.10498046875,-0.110107421875,-0.1075439453125,-0.01953125,4.56e-07,0.4469807942708333,0.508056640625,0.2038232421875,0.0,0.5,0.16,0.043491210937500004,0.0,0.0,0.0,1
826,82.60147329600022,7147.523648776,82598855,0,1,none,-0.109130859375,-0.111328125,-0.1102294921875,-0.0203857421875,4.64e-07,0.4439907731681035,0.508056640625,0.20601171875000002,0.0,0.5,0.16,0.043546875,0.0,0.0,0.0,1
827,82.70147963900035,7147.623651112,82698858,0,1,none,-0.108154296875,-0.1099853515625,-0.10906982421875,-0.020263671875,4.64e-07,0.44259538321659475,0.5091552734375,0.2053642578125,0.0,0.5,0.16,0.045966796875,0.0,0.0,0.0,1
828,82.80147315999966,7147.723650448,82798858,0,1,none,-0.1070556640625,-0.109619140625,-0.10833740234375,-0.019775390625,4.64e-07,0.4409705852640086,0.5146484375,0.20461035156250001,0.0,0.5,0.16,0.044899414062500004,0.0,0.0,0.0,1
829,82.90146073199958,7147.823648784,82898857,0,1,none,-0.1077880859375,-0.1102294921875,-0.1090087890625,-0.02099609375,4.64e-07,0.44209447400323276,0.5098876953125,0.2051318359375,0.0,0.5,0.16,0.0456650390625,0.0,0.0,0.0,1
830,83.00146743200003,7147.923650112,82998859,0,1,none,-0.1058349609375,-0.1104736328125,-0.108154296875,-0.02001953125,4.56e-07,0.4467987595942982,0.5032958984375,0.203740234375,0.0,0.5,0.16,0.0456552734375,0.0,0.0,0.0,1
831,83.1014512089996,7148.023650448,83098860,0,1,none,-0.1051025390625,-0.1099853515625,-0.1075439453125,-0.019287109375,4.56e-07,0.4468458744517544,0.5079345703125,0.20376171875000001,0.0,0.5,0.16,0.0448349609375,0.0,0.0,0.0,1
832,83.20145010299984,7148.123652784,83198863,0,1,none,-0.1080322265625,-0.1109619140625,-0.1094970703125,-0.0194091796875,4.64e-07,0.44065488617995685,0.512939453125,0.2044638671875,0.0,0.5,0.16,0.043565429687500004,0.0,0.0,0.0,1
833,83.30147519300044,7148.22365412,83298865,0,1,none,-0.108154296875,-0.1112060546875,-0.10968017578125,-0.0201416015625,4.64e-07,0.44114737675107757,0.5052490234375,0.20469238281250002,0.0,0.5,0.16,0.0455732421875,0.0,0.0,0.0,1
834,83.40145347700036,7148.323653456,83398865,0,1,none,-0.1065673828125,-0.111328125,-0.10894775390625,-0.0194091796875,4.64e-07,0.4410232017780172,0.504638671875,0.204634765625,0.0,0.5,0.16,0.045212890625,0.0,0.0,0.0,1
835,83.50147386000026,7148.423655792,83498868,0,1,none,-0.1065673828125,-0.1114501953125,-0.1090087890625,-0.02001953125,4.64e-07,0.4407559098868534,0.5009765625,0.2045107421875,0.0,0.5,0.16,0.0456708984375,0.0,0.0,0.0,1
836,83.60146977499971,7148.52366512,83598878,0,1,none,-0.105224609375,-0.1116943359375,-0.10845947265625,-0.0194091796875,4.56e-07,0.4478310032894737,0.505126953125,0.2042109375,0.0,0.5,0.16,0.0443310546875,0.0,0.0,0.0,1
837,83.70146810500046,7148.623658456,83698872,0,1,none,-0.103759765625,-0.1097412109375,-0.10675048828125,-0.0191650390625,4.56e-07,0.44411535430372806,0.5054931640625,0.2025166015625,0.0,0.5,0.16,0.04387890625,0.0,0.0,0.0,1
838,83.8014725969997,7148.723665792,83798880,0,1,none,-0.10888671875,-0.11083984375,-0.10986328125,-0.0205078125,4.64e-07,0.44183560075431033,0.508056640625,0.20501171875000002,0.0,0.5,0.16,0.0447275390625,0.0,0.0,0.0,1
839,83.9014758379999,7148.823662128,83898877,0,1,none,-0.1075439453125,-0.109619140625,-0.10858154296875,-0.019775390625,4.64e-07,0.4404991412984913,0.504638671875,0.2043916015625,0.0,0.5,0.16,0.045206054687500004,0.0,0.0,0.0,1
840,84.00211385500006,7148.923857456,83999073,0,1,none,-0.1065673828125,-0.11181640625,-0.10919189453125,-0.020263671875,4.56e-07,0.4487583093475877,0.5076904296875,0.20463378906250002,0.0,0.5,0.16,0.0427216796875,0.0,0.0,0.0,1
841,84.10152934800044,7149.023683792,84098900,0,1,none,-0.1064453125,-0.1107177734375,-0.10858154296875,-0.0206298828125,4.56e-07,0.44691226356907887,0.5047607421875,0.2037919921875,0.0,0.5,0.16,0.0439619140625,0.0,0.0,0.0,1
842,84.20149642100023,7149.123672128,84198889,0,1,none,-0.1064453125,-0.1124267578125,-0.10943603515625,-0.021484375,4.56e-07,0.4472056606359649,0.5018310546875,0.20392578125,0.0,0.5,0.16,0.045030273437500004,0.0,0.0,0.0,1
843,84.30147390999991,7149.223668464,84298886,0,1,none,-0.108642578125,-0.1123046875,-0.1104736328125,-0.0205078125,4.64e-07,0.4417556236530172,0.509765625,0.204974609375,0.0,0.5,0.16,0.0441201171875,0.0,0.0,0.0,1
844,84.40147742099998,7149.3236688,84398887,0,1,none,-0.1087646484375,-0.1099853515625,-0.109375,-0.021240234375,4.64e-07,0.4417219490840517,0.5064697265625,0.20495898437500001,0.0,0.5,0.16,0.0455888671875,0.0,0.0,0.0,1
845,84.5014741189998,7149.423672136,84498891,0,1,none,-0.107666015625,-0.1112060546875,-0.10943603515625,-0.02001953125,4.64e-07,0.44050124595905166,0.5045166015625,0.204392578125,0.0,0.5,0.16,0.044845703125000004,0.0,0.0,0.0,1
846,84.60146717499993,7149.523672464,84598892,0,1,none,-0.10595703125,-0.110595703125,-0.1082763671875,-0.02001953125,4.56e-07,0.4485334429824561,0.5001220703125,0.20453125,0.0,0.5,0.16,0.0439814453125,0.0,0.0,0.0,1
847,84.7014677850002,7149.6236718,84698892,0,1,none,-0.1044921875,-0.1116943359375,-0.10809326171875,-0.019287109375,4.56e-07,0.44659745065789475,0.50732421875,0.2036484375,0.0,0.5,0.16,0.044208984375,0.0,0.0,0.0,1
848,84.80146487900038,7149.723675136,84798896,0,1,none,-0.1090087890625,-0.11083984375,-0.10992431640625,-0.020263671875,4.64e-07,0.4430710365032327,0.5150146484375,0.2055849609375,0.0,0.5,0.16,0.044115234375,0.0,0.0,0.0,1
849,84.90146830899994,7149.823672472,84898894,0,1,none,-0.1080322265625,-0.1103515625,-0.10919189453125,-0.0203857421875,4.64e-07,0.4421470905172413,0.5078125,0.20515625,0.0,0.5,0.16,0.0457724609375,0.0,0.0,0.0,1
850,85.00146602400036,7149.923674808,84998897,0,1,none,-0.107177734375,-0.1102294921875,-0.10870361328125,-0.0203857421875,4.64e-07,0.44174720501077586,0.4990234375,0.20497070312500001,0.0,0.5,0.16,0.0454599609375,0.0,0.0,0.0,1
851,85.10147501600022,7150.023676136,85098899,0,1,none,-0.1072998046875,-0.1126708984375,-0.1099853515625,-0.021484375,4.56e-07,0.4477217824835526,0.501708984375,0.2041611328125,0.0,0.5,0.16,0.043939453125,0.0,0.0,0.0,1
852,85.20145747300012,7150.123675472,85198899,0,1,none,-0.1041259765625,-0.1114501953125,-0.1077880859375,-0.01953125,4.56e-07,0.44650536252741224,0.5069580078125,0.2036064453125,0.0,0.5,0.16,0.044072265625,0.0,0.0,0.0,1
853,85.30146192000029,7150.223675808,85298900,0,1,none,-0.109130859375,-0.10986328125,-0.1094970703125,-0.020263671875,4.64e-07,0.44169669315732757,0.5054931640625,0.204947265625,0.0,0.5,0.16,0.0440791015625,0.0,0.0,0.0,1
854,85.4014588760001,7150.323676144,85398901,0,1,none,-0.1075439453125,-0.10986328125,-0.10870361328125,-0.0201416015625,4.64e-07,0.44115158607219823,0.5089111328125,0.2046943359375,0.0,0.5,0.16,0.0442490234375,0.0,0.0,0.0,1
855,85.50145790500028,7150.42367748,85498903,0,1,none,-0.107177734375,-0.10986328125,-0.1085205078125,-0.0208740234375,4.64e-07,0.44135994746767243,0.503662109375,0.20479101562500002,0.0,0.5,0.16,0.045294921875,0.0,0.0,0.0,1
856,85.60145987400028,7150.523684808,85598911,0,1,none,-0.1036376953125,-0.110595703125,-0.10711669921875,-0.0181884765625,4.56e-07,0.4466359991776315,0.50244140625,0.203666015625,0.0,0.5,0.16,0.0441953125,0.0,0.0,0.0,1
857,85.70147864000046,7150.623686144,85698913,0,1,none,-0.1048583984375,-0.1104736328125,-0.107666015625,-0.0201416015625,4.56e-07,0.4457408168859649,0.510498046875,0.2032578125,0.0,0.5,0.16,0.0448828125,0.0,0.0,0.0,1
858,85.80147717700038,7150.72368448,85798912,0,1,none,-0.1083984375,-0.1124267578125,-0.11041259765625,-0.02001953125,4.64e-07,0.4455713732489223,0.5142822265625,0.2067451171875,0.0,0.5,0.16,0.04609375,0.0,0.0,0.0,1
859,85.90146261900009,7150.823683816,85898912,0,1,none,-0.1080322265625,-0.110595703125,-0.10931396484375,-0.0203857421875,4.64e-07,0.44118526064116376,0.505859375,0.2047099609375,0.0,0.5,0.16,0.04605078125,0.0,0.0,0.0,1
860,86.00147273000039,7150.923684152,85998913,0,1,none,-0.107421875,-0.112060546875,-0.1097412109375,-0.021240234375,4.64e-07,0.4419387291217672,0.5052490234375,0.2050595703125,0.0,0.5,0.16,0.045756835937500004,0.0,0.0,0.0,1
861,86.10146453200014,7151.02368648,86098916,0,1,none,-0.1046142578125,-0.110107421875,-0.10736083984375,-0.019287109375,4.56e-07,0.4471542626096491,0.5023193359375,0.20390234375,0.0,0.5,0.16,0.0446904296875,0.0,0.0,0.0,1
862,86.20146587700037,7151.123686816,86198917,0,1,none,-0.10888671875,-0.109619140625,-0.1092529296875,-0.0205078125,4.64e-07,0.44249856883081895,0.51220703125,0.2053193359375,0.0,0.5,0.16,0.0450791015625,0.0,0.0,0.0,1
863,86.3014605469998,7151.223686152,86298917,0,1,none,-0.107666015625,-0.110595703125,-0.109130859375,-0.0196533203125,4.64e-07,0.4433467470366379,0.5172119140625,0.205712890625,0.0,0.5,0.16,0.0461787109375,0.0,0.0,0.0,1
864,86.40145793800002,7151.323688488,86398920,0,1,none,-0.1058349609375,-0.1097412109375,-0.1077880859375,-0.018798828125,4.64e-07,0.44369822535021547,0.5072021484375,0.2058759765625,0.0,0.5,0.16,0.0456572265625,0.0,0.0,0.0,1
865,86.50146578400017,7151.423689816,86498922,0,1,none,-0.1065673828125,-0.111083984375,-0.10882568359375,-0.0201416015625,4.56e-07,0.4490324321546052,0.5084228515625,0.2047587890625,0.0,0.5,0.16,0.0444970703125,0.0,0.0,0.0,1
866,86.60150786899976,7151.523698152,86598931,0,1,none,-0.1046142578125,-0.11083984375,-0.10772705078125,-0.019775390625,4.56e-07,0.44767680921052627,0.5067138671875,0.204140625,0.0,0.5,0.16,0.04459375,0.0,0.0,0.0,1
867,86.70148635999976,7151.623699488,86698933,0,1,none,-0.10888671875,-0.11083984375,-0.10986328125,-0.0206298828125,4.64e-07,0.4441928205818965,0.51220703125,0.20610546875,0.0,0.5,0.16,0.04569921875,0.0,0.0,0.0,1
868,86.80147735199989,7151.723695824,86798930,0,1,none,-0.1068115234375,-0.11083984375,-0.10882568359375,-0.0189208984375,4.64e-07,0.4431026064116379,0.5076904296875,0.205599609375,0.0,0.5,0.16,0.0454033203125,0.0,0.0,0.0,1
869,86.90146427299987,7151.82369416,86898929,0,1,none,-0.1065673828125,-0.110107421875,-0.10833740234375,-0.02001953125,4.64e-07,0.44190715921336204,0.5072021484375,0.205044921875,0.0,0.5,0.16,0.0453291015625,0.0,0.0,0.0,1
870,87.00147055300022,7151.923695488,86998931,0,1,none,-0.105712890625,-0.1107177734375,-0.10821533203125,-0.020263671875,4.56e-07,0.4461091694078947,0.50244140625,0.20342578125,0.0,0.5,0.16,0.045591796875,0.0,0.0,0.0,1
871,87.10145730600016,7152.023694824,87098931,0,1,none,-0.103271484375,-0.111083984375,-0.107177734375,-0.0185546875,4.56e-07,0.44520113760964913,0.506103515625,0.20301171875000001,0.0,0.5,0.16,0.0428583984375,0.0,0.0,0.0,1
872,87.20145800000046,7152.12369616,87198933,0,1,none,-0.1080322265625,-0.1109619140625,-0.1094970703125,-0.019775390625,4.64e-07,0.4418840079471983,0.508544921875,0.2050341796875,0.0,0.5,0.16,0.0452490234375,0.0,0.0,0.0,1
873,87.30146823399991,7152.223698496,87298936,0,1,none,-0.108154296875,-0.1107177734375,-0.10943603515625,-0.02099609375,4.64e-07,0.4416167160560344,0.5106201171875,0.20491015625,0.0,0.5,0.16,0.044791992187500004,0.0,0.0,0.0,1
874,87.40146029100015,7152.323700832,87398939,0,1,none,-0.106689453125,-0.1109619140625,-0.10882568359375,-0.0198974609375,4.64e-07,0.4426227438038793,0.5042724609375,0.205376953125,0.0,0.5,0.16,0.044681640625,0.0,0.0,0.0,1
875,87.50146519699956,7152.42370116,87498940,0,1,none,-0.1051025390625,-0.111083984375,-0.10809326171875,-0.0203857421875,4.56e-07,0.4440296909265351,0.501953125,0.20247753906250002,0.0,0.5,0.16,0.0441591796875,0.0,0.0,0.0,1
876,87.60145940199982,7152.523705496,87598945,0,1,none,-0.109375,-0.1103515625,-0.10986328125,-0.02099609375,4.64e-07,0.4421828697467672,0.5096435546875,0.2051728515625,0.0,0.5,0.16,0.043583984375,0.0,0.0,0.0,1
877,87.70147237200035,7152.623705832,87698946,0,1,none,-0.1068115234375,-0.1102294921875,-0.1085205078125,-0.019287109375,4.64e-07,0.4404823040140086,0.5059814453125,0.20438378906250002,0.0,0.5,0.16,0.0456298828125,0.0,0.0,0.0,1
878,87.80147027899966,7152.72370916,87798950,0,1,none,-0.106201171875,-0.110595703125,-0.1083984375,-0.0194091796875,4.56e-07,0.44478995339912275,0.502685546875,0.20282421875,0.0,0.5,0.16,0.04381640625,0.0,0.0,0.0,1
879,87.90146411800015,7152.823705496,87898947,0,1,none,-0.1038818359375,-0.109619140625,-0.10675048828125,-0.0189208984375,4.56e-07,0.44623980605811403,0.496826171875,0.2034853515625,0.0,0.5,0.16,0.043572265625,0.0,0.0,0.0,1
880,88.00146770399988,7152.923706832,87998949,0,1,none,-0.109130859375,-0.111083984375,-0.110107421875,-0.020263671875,4.64e-07,0.44441380994073276,0.510986328125,0.2062080078125,0.0,0.5,0.16,0.04350390625,0.0,0.0,0.0,1
881,88.10146617200007,7153.023705168,88098948,0,1,none,-0.1085205078125,-0.1107177734375,-0.109619140625,-0.021240234375,4.64e-07,0.4421912883890086,0.5076904296875,0.2051767578125,0.0,0.5,0.16,0.0449951171875,0.0,0.0,0.0,1
882,88.20147151600031,7153.123709504,88198953,0,1,none,-0.107421875,-0.1107177734375,-0.10906982421875,-0.020751953125,4.64e-07,0.4429679081357758,0.5106201171875,0.205537109375,0.0,0.5,0.16,0.044630859375,0.0,0.0,0.0,1
883,88.3014681779996,7153.223708832,88298953,0,1,none,-0.106689453125,-0.11181640625,-0.1092529296875,-0.021240234375,4.56e-07,0.44806443599232454,0.5067138671875,0.2043173828125,0.0,0.5,0.16,0.0435302734375,0.0,0.0,0.0,1
884,88.40146341699983,7153.323712168,88398957,0,1,none,-0.1072998046875,-0.111328125,-0.10931396484375,-0.019287109375,4.64e-07,0.4413746800915948,0.501220703125,0.2047978515625,0.0,0.5,0.16,0.043625000000000004,0.0,0.0,0.0,1
885,88.50147127200034,7153.423712504,88498958,0,1,none,-0.1083984375,-0.11083984375,-0.109619140625,-0.020751953125,4.64e-07,0.44370664399245685,0.5081787109375,0.2058798828125,0.0,0.5,0.16,0.04621484375,0.0,0.0,0.0,1
886,88.6014557540002,7153.52371484,88598961,0,1,none,-0.1070556640625,-0.1104736328125,-0.1087646484375,-0.0203857421875,4.64e-07,0.4449294517780172,0.50537109375,0.20644726562500001,0.0,0.5,0.16,0.0468740234375,0.0,0.0,0.0,1
887,88.70147059900046,7153.623715168,88698962,0,1,none,-0.1048583984375,-0.111083984375,-0.10797119140625,-0.0191650390625,4.56e-07,0.4496470668859649,0.5057373046875,0.2050390625,0.0,0.5,0.16,0.044775390625,0.0,0.0,0.0,1
888,88.80146227200021,7153.723719504,88798967,0,1,none,-0.1102294921875,-0.1123046875,-0.11126708984375,-0.02197265625,4.64e-07,0.4461459455818966,0.5159912109375,0.20701171875000002,0.0,0.5,0.16,0.044201171875,0.0,0.0,0.0,1
889,88.90146735500002,7153.82371684,88898965,0,1,none,-0.1107177734375,-0.1102294921875,-0.1104736328125,-0.02294921875,4.64e-07,0.44518832502693967,0.51513671875,0.2065673828125,0.0,0.5,0.16,0.0452919921875,0.0,0.0,0.0,1
890,89.00146107700039,7153.923717176,88998966,0,1,none,-0.1065673828125,-0.111328125,-0.10894775390625,-0.0191650390625,4.64e-07,0.4437950397359913,0.5107421875,0.2059208984375,0.0,0.5,0.16,0.045464843750000004,0.0,0.0,0.0,1
891,89.10147486599999,7154.023719504,89098969,0,1,none,-0.1048583984375,-0.111083984375,-0.10797119140625,-0.018798828125,4.56e-07,0.44865337171052627,0.505126953125,0.2045859375,0.0,0.5,0.16,0.0454541015625,0.0,0.0,0.0,1
892,89.20146612499957,7154.12371984,89198970,0,1,none,-0.104736328125,-0.11181640625,-0.1082763671875,-0.0201416015625,4.56e-07,0.4488097073739035,0.5064697265625,0.20465722656250002,0.0,0.5,0.16,0.0452216796875,0.0,0.0,0.0,1
893,89.30146395999964,7154.223719176,89298970,0,1,none,-0.10791015625,-0.1116943359375,-0.10980224609375,-0.019287109375,4.64e-07,0.4445569268588362,0.5126953125,0.2062744140625,0.0,0.5,0.16,0.046193359375,0.0,0.0,0.0,1
894,89.4014592149997,7154.323721512,89398973,0,1,none,-0.1072998046875,-0.1121826171875,-0.1097412109375,-0.02001953125,4.64e-07,0.44317416487068967,0.5047607421875,0.2056328125,0.0,0.5,0.16,0.04569921875,0.0,0.0,0.0,1
895,89.5014547970004,7154.42372084,89498973,0,1,none,-0.1058349609375,-0.11279296875,-0.10931396484375,-0.0196533203125,4.56e-07,0.4488803796600877,0.5030517578125,0.204689453125,0.0,0.5,0.16,0.0456357421875,0.0,0.0,0.0,1
896,89.60146717600037,7154.523733176,89598986,0,1,none,-0.10400390625,-0.1121826171875,-0.10809326171875,-0.019287109375,4.56e-07,0.4462783545778508,0.5006103515625,0.2035029296875,0.0,0.5,0.16,0.04416796875,0.0,0.0,0.0,1
897,89.70150481499968,7154.623722512,89698976,0,1,none,-0.1082763671875,-0.1104736328125,-0.109375,-0.0198974609375,4.64e-07,0.4437129579741379,0.5089111328125,0.2058828125,0.0,0.5,0.16,0.0464111328125,0.0,0.0,0.0,1
898,89.80146416299976,7154.723727848,89798982,0,1,none,-0.109375,-0.1123046875,-0.11083984375,-0.02197265625,4.64e-07,0.4439402613146552,0.5125732421875,0.20598828125000002,0.0,0.5,0.16,0.045890625000000004,0.0,0.0,0.0,1
899,89.90147683899977,7154.823728176,89898983,0,1,none,-0.106201171875,-0.1121826171875,-0.10919189453125,-0.02001953125,4.56e-07,0.4489703262061403,0.504638671875,0.20473046875,0.0,0.5,0.16,0.045279296875,0.0,0.0,0.0,1
900,90.0014737319998,7154.923733512,89998989,0,1,none,-0.1051025390625,-0.1107177734375,-0.10791015625,-0.0201416015625,4.56e-07,0.447021484375,0.508056640625,0.203841796875,0.0,0.5,0.16,0.044646484375,0.0,0.0,0.0,1
901,90.10147679300007,7155.023729848,90098986,0,1,none,-0.1099853515625,-0.1124267578125,-0.1112060546875,-0.0218505859375,4.64e-07,0.44429384428879304,0.5086669921875,0.20615234375,0.0,0.5,0.16,0.046125976562500004,0.0,0.0,0.0,1
902,90.20146325499991,7155.123729184,90198986,0,1,none,-0.1077880859375,-0.1116943359375,-0.1097412109375,-0.0206298828125,4.64e-07,0.44512939453124994,0.5020751953125,0.2065400390625,0.0,0.5,0.16,0.046316406250000004,0.0,0.0,0.0,1
903,90.30146433899972,7155.223731512,90298989,0,1,none,-0.1048583984375,-0.11083984375,-0.10784912109375,-0.0186767578125,4.56e-07,0.447948790433114,0.5074462890625,0.2042646484375,0.0,0.5,0.16,0.0458837890625,0.0,0.0,0.0,1
904,90.40145933900021,7155.323730848,90398989,0,1,none,-0.1068115234375,-0.111328125,-0.10906982421875,-0.0213623046875,4.56e-07,0.4487647341008772,0.5096435546875,0.20463671875,0.0,0.5,0.16,0.0455654296875,0.0,0.0,0.0,1
905,90.50146779100032,7155.423733184,90498992,0,1,none,-0.108642578125,-0.112060546875,-0.1103515625,-0.0201416015625,4.64e-07,0.44314049030172403,0.513427734375,0.2056171875,0.0,0.5,0.16,0.0453203125,0.0,0.0,0.0,1
906,90.6014597430003,7155.52373452,90598994,0,1,none,-0.1082763671875,-0.1094970703125,-0.10888671875,-0.0198974609375,4.64e-07,0.4432562466325431,0.5079345703125,0.2056708984375,0.0,0.5,0.16,0.0457255859375,0.0,0.0,0.0,1
907,90.70153700599985,7155.623771856,90699032,0,1,none,-0.1068115234375,-0.11181640625,-0.10931396484375,-0.0206298828125,4.64e-07,0.44374873720366376,0.5069580078125,0.2058994140625,0.0,0.5,0.16,0.0458525390625,0.0,0.0,0.0,1
908,90.8014849629999,7155.723745184,90799006,0,1,none,-0.1051025390625,-0.1114501953125,-0.1082763671875,-0.01953125,4.56e-07,0.4504929927357456,0.50537109375,0.20542480468750002,0.0,0.5,0.16,0.046296875,0.0,0.0,0.0,1
909,90.90147320699998,7155.82374052,90899002,0,1,none,-0.1102294921875,-0.1107177734375,-0.1104736328125,-0.021484375,4.64e-07,0.44542404700969823,0.5107421875,0.2066767578125,0.0,0.5,0.16,0.0447158203125,0.0,0.0,0.0,1
910,91.00146703999962,7155.923740856,90999003,0,1,none,-0.1082763671875,-0.1114501953125,-0.10986328125,-0.020263671875,4.64e-07,0.44336147966056033,0.5101318359375,0.2057197265625,0.0,0.5,0.16,0.0461875,0.0,0.0,0.0,1
911,91.10147561800022,7156.023742192,91099005,0,1,none,-0.1080322265625,-0.110107421875,-0.10906982421875,-0.0216064453125,4.64e-07,0.4422544282058189,0.5067138671875,0.2052060546875,0.0,0.5,0.16,0.04615625,0.0,0.0,0.0,1
912,91.20145958400008,7156.12374552,91199009,0,1,none,-0.1060791015625,-0.1119384765625,-0.1090087890625,-0.020263671875,4.56e-07,0.4501289233826754,0.504638671875,0.2052587890625,0.0,0.5,0.16,0.0455673828125,0.0,0.0,0.0,1
913,91.30146443899957,7156.223741856,91299006,0,1,none,-0.111083984375,-0.113037109375,-0.112060546875,-0.022216796875,4.64e-07,0.44509992928340514,0.506103515625,0.2065263671875,0.0,0.5,0.16,0.04522265625,0.0,0.0,0.0,1
914,91.40146413100047,7156.323743192,91399008,0,1,none,-0.1094970703125,-0.1109619140625,-0.1102294921875,-0.0208740234375,4.64e-07,0.4425638133081896,0.5067138671875,0.205349609375,0.0,0.5,0.16,0.0466181640625,0.0,0.0,0.0,1
915,91.50146976300039,7156.423744528,91499010,0,1,none,-0.1087646484375,-0.1102294921875,-0.1094970703125,-0.020751953125,4.64e-07,0.44342461947737066,0.5118408203125,0.2057490234375,0.0,0.5,0.16,0.045876953125,0.0,0.0,0.0,1
916,91.60147537099965,7156.523754856,91599021,0,1,none,-0.1064453125,-0.1112060546875,-0.10882568359375,-0.0203857421875,4.56e-07,0.44955497875548245,0.50927734375,0.2049970703125,0.0,0.5,0.16,0.0459287109375,0.0,0.0,0.0,1
917,91.70150037700023,7156.623756192,91699023,0,1,none,-0.10498046875,-0.1112060546875,-0.10809326171875,-0.020263671875,4.56e-07,0.4478973924067982,0.50634765625,0.2042412109375,0.0,0.5,0.16,0.0444892578125,0.0,0.0,0.0,1
918,91.80148534799991,7156.723753528,91799021,0,1,none,-0.109619140625,-0.110595703125,-0.110107421875,-0.021484375,4.64e-07,0.44632273706896547,0.5177001953125,0.20709375,0.0,0.5,0.16,0.0464541015625,0.0,0.0,0.0,1
919,91.90147968800011,7156.823753864,91899022,0,1,none,-0.1090087890625,-0.109619140625,-0.10931396484375,-0.0211181640625,4.64e-07,0.44325835129310337,0.51220703125,0.205671875,0.0,0.5,0.16,0.045654296875,0.0,0.0,0.0,1
920,92.00146510899958,7156.9237512,91999020,0,1,none,-0.10693359375,-0.1104736328125,-0.10870361328125,-0.020751953125,4.64e-07,0.44260801117995685,0.5106201171875,0.2053701171875,0.0,0.5,0.16,0.045927734375,0.0,0.0,0.0,1
921,92.10146438399988,7157.023752528,92099022,0,1,none,-0.10546875,-0.112548828125,-0.1090087890625,-0.0201416015625,4.56e-07,0.4479744894462719,0.5037841796875,0.2042763671875,0.0,0.5,0.16,0.045423828125,0.0,0.0,0.0,1
922,92.20146609800031,7157.123753864,92199024,0,1,none,-0.1092529296875,-0.1107177734375,-0.1099853515625,-0.020751953125,4.64e-07,0.44279532596982757,0.507080078125,0.20545703125,0.0,0.5,0.16,0.0437294921875,0.0,0.0,0.0,1
923,92.30146590999993,7157.2237542,92299025,0,1,none,-0.1082763671875,-0.1104736328125,-0.109375,-0.0198974609375,4.64e-07,0.44436961206896547,0.51220703125,0.2061875,0.0,0.5,0.16,0.046287109375,0.0,0.0,0.0,1
924,92.40146183999968,7157.323754536,92399026,0,1,none,-0.1080322265625,-0.110595703125,-0.10931396484375,-0.0208740234375,4.64e-07,0.44202291554418105,0.5091552734375,0.20509863281250001,0.0,0.5,0.16,0.046091796875,0.0,0.0,0.0,1
925,92.50146144199971,7157.423756864,92499029,0,1,none,-0.1060791015625,-0.1114501953125,-0.1087646484375,-0.0201416015625,4.56e-07,0.4479102419133772,0.5001220703125,0.2042470703125,0.0,0.5,0.16,0.0458212890625,0.0,0.0,0.0,1
926,92.60147606200007,7157.5237602,92599033,0,1,none,-0.105712890625,-0.1123046875,-0.1090087890625,-0.020263671875,4.56e-07,0.44884183114035087,0.506591796875,0.204671875,0.0,0.5,0.16,0.044652343750000004,0.0,0.0,0.0,1
927,92.70146503500018,7157.623761536,92699035,0,1,none,-0.109130859375,-0.11181640625,-0.1104736328125,-0.0206298828125,4.64e-07,0.4440034011314655,0.5123291015625,0.20601757812500002,0.0,0.5,0.16,0.0443115234375,0.0,0.0,0.0,1
928,92.80147043899979,7157.723762872,92799037,0,1,none,-0.107666015625,-0.1104736328125,-0.10906982421875,-0.0205078125,4.64e-07,0.44272376751077586,0.5052490234375,0.205423828125,0.0,0.5,0.16,0.044953125000000003,0.0,0.0,0.0,1
929,92.90146066600028,7157.823762208,92899037,0,1,none,-0.106201171875,-0.111083984375,-0.108642578125,-0.0201416015625,4.64e-07,0.44351932920258613,0.506103515625,0.20579296875,0.0,0.5,0.16,0.0451865234375,0.0,0.0,0.0,1
930,93.00145896899994,7157.923762536,92999038,0,1,none,-0.104248046875,-0.1123046875,-0.1082763671875,-0.01953125,4.56e-07,0.4483471251370614,0.5067138671875,0.2044462890625,0.0,0.5,0.16,0.045277343750000004,0.0,0.0,0.0,1
931,93.1014642680002,7158.023762872,93099039,0,1,none,-0.1083984375,-0.1114501953125,-0.10992431640625,-0.0196533203125,4.64e-07,0.44364981815732757,0.5050048828125,0.205853515625,0.0,0.5,0.16,0.044498046875,0.0,0.0,0.0,1
932,93.20145661900006,7158.123761208,93199038,0,1,none,-0.1075439453125,-0.11181640625,-0.10968017578125,-0.0194091796875,4.64e-07,0.44435487944504304,0.5115966796875,0.2061806640625,0.0,0.5,0.16,0.0460732421875,0.0,0.0,0.0,1
933,93.30146806199991,7158.223763544,93299041,0,1,none,-0.1070556640625,-0.1109619140625,-0.1090087890625,-0.019775390625,4.64e-07,0.4432162580818965,0.507568359375,0.20565234375,0.0,0.5,0.16,0.0443017578125,0.0,0.0,0.0,1
934,93.40146192799966,7158.323764872,93399043,0,1,none,-0.1046142578125,-0.11181640625,-0.10821533203125,-0.01953125,4.56e-07,0.44815866570723684,0.50732421875,0.20436035156250001,0.0,0.5,0.16,0.0453134765625,0.0,0.0,0.0,1
935,93.50147275000018,7158.423766208,93499045,0,1,none,-0.1102294921875,-0.1119384765625,-0.111083984375,-0.021728515625,4.64e-07,0.445996514682112,0.513671875,0.2069423828125,0.0,0.5,0.16,0.0439189453125,0.0,0.0,0.0,1
936,93.60146421300033,7158.523772544,93599052,0,1,none,-0.109619140625,-0.1109619140625,-0.11029052734375,-0.021484375,4.64e-07,0.44451272898706895,0.5150146484375,0.20625390625,0.0,0.5,0.16,0.046623046875000004,0.0,0.0,0.0,1
937,93.70147618099963,7158.62377188,93699052,0,1,none,-0.1083984375,-0.1103515625,-0.109375,-0.0208740234375,4.64e-07,0.4430078966864224,0.5107421875,0.2055556640625,0.0,0.5,0.16,0.044896484375000004,0.0,0.0,0.0,1
938,93.8014612930001,7158.723771208,93799052,0,1,none,-0.1068115234375,-0.1123046875,-0.10955810546875,-0.0203857421875,4.56e-07,0.4502981085526315,0.5087890625,0.2053359375,0.0,0.5,0.16,0.0447080078125,0.0,0.0,0.0,1
939,93.90146497499973,7158.823774544,93899056,0,1,none,-0.1038818359375,-0.111328125,-0.10760498046875,-0.01953125,4.56e-07,0.446154142680921,0.494384765625,0.2034462890625,0.0,0.5,0.16,0.044376953125,0.0,0.0,0.0,1
940,94.00147414999992,7158.92377588,93999058,0,1,none,-0.1087646484375,-0.1109619140625,-0.10986328125,-0.0206298828125,4.64e-07,0.4431110250538793,0.5101318359375,0.205603515625,0.0,0.5,0.16,0.046333984375,0.0,0.0,0.0,1
941,94.10146224999971,7159.023776216,94099059,0,1,none,-0.10791015625,-0.110595703125,-0.1092529296875,-0.0201416015625,4.64e-07,0.4445779734644396,0.514892578125,0.2062841796875,0.0,0.5,0.16,0.0469619140625,0.0,0.0,0.0,1
942,94.20146914500037,7159.123777552,94199061,0,1,none,-0.107177734375,-0.110595703125,-0.10888671875,-0.0203857421875,4.64e-07,0.44294265220905166,0.5096435546875,0.205525390625,0.0,0.5,0.16,0.045666015625,0.0,0.0,0.0,1
943,94.30146313400019,7159.22377688,94299061,0,1,none,-0.1051025390625,-0.111572265625,-0.10833740234375,-0.019775390625,4.56e-07,0.451159025493421,0.511474609375,0.205728515625,0.0,0.5,0.16,0.0456513671875,0.0,0.0,0.0,1
944,94.40147195499958,7159.323776216,94399061,0,1,none,-0.109130859375,-0.110107421875,-0.109619140625,-0.0206298828125,4.64e-07,0.44532302330280166,0.5146484375,0.2066298828125,0.0,0.5,0.16,0.045056640625,0.0,0.0,0.0,1
945,94.50145454700032,7159.423778552,94499064,0,1,none,-0.106689453125,-0.1099853515625,-0.10833740234375,-0.0185546875,4.64e-07,0.4436287715517241,0.508544921875,0.20584375,0.0,0.5,0.16,0.046378906250000004,0.0,0.0,0.0,1
946,94.60147267100001,7159.523781888,94599068,0,1,none,-0.1064453125,-0.1107177734375,-0.10858154296875,-0.019775390625,4.64e-07,0.44489577720905166,0.5120849609375,0.206431640625,0.0,0.5,0.16,0.046845703125,0.0,0.0,0.0,1
947,94.70147472099961,7159.623785216,94699072,0,1,none,-0.107177734375,-0.1126708984375,-0.10992431640625,-0.0208740234375,4.56e-07,0.45119329084429827,0.506103515625,0.20574414062500002,0.0,0.5,0.16,0.04601953125,0.0,0.0,0.0,1
948,94.80146441099987,7159.723786552,94799074,0,1,none,-0.1038818359375,-0.1107177734375,-0.1072998046875,-0.018798828125,4.56e-07,0.4494436163651316,0.5072021484375,0.2049462890625,0.0,0.5,0.16,0.044914062500000004,0.0,0.0,0.0,1
949,94.90147445000002,7159.823782888,94899071,0,1,none,-0.1082763671875,-0.1112060546875,-0.1097412109375,-0.0201416015625,4.64e-07,0.445074673356681,0.514404296875,0.2065146484375,0.0,0.5,0.16,0.0437119140625,0.0,0.0,0.0,1
950,95.00145816999975,7159.923784224,94999073,0,1,none,-0.1090087890625,-0.1114501953125,-0.1102294921875,-0.021484375,4.64e-07,0.4450915106411638,0.5118408203125,0.2065224609375,0.0,0.5,0.16,0.046001953125,0.0,0.0,0.0,1
951,95.10146473799978,7160.02378356,95099073,0,1,none,-0.10791015625,-0.109375,-0.108642578125,-0.022216796875,4.64e-07,0.4419366244612069,0.505859375,0.20505859375000002,0.0,0.5,0.16,0.046182617187500004,0.0,0.0,0.0,1
952,95.2014577609998,7160.123786888,95199077,0,1,none,-0.1055908203125,-0.112548828125,-0.10906982421875,-0.0205078125,4.56e-07,0.4511054858826754,0.5072021484375,0.2057041015625,0.0,0.5,0.16,0.0463330078125,0.0,0.0,0.0,1
953,95.30146482700002,7160.223785224,95299076,0,1,none,-0.109619140625,-0.1121826171875,-0.11090087890625,-0.0211181640625,4.64e-07,0.4452704067887931,0.512451171875,0.20660546875,0.0,0.5,0.16,0.044984375,0.0,0.0,0.0,1
954,95.40145781400042,7160.32378856,95399080,0,1,none,-0.1082763671875,-0.1094970703125,-0.10888671875,-0.0201416015625,4.64e-07,0.4441065294989224,0.5098876953125,0.2060654296875,0.0,0.5,0.16,0.04598828125,0.0,0.0,0.0,1
955,95.50146502400003,7160.423791896,95499084,0,1,none,-0.1070556640625,-0.1112060546875,-0.109130859375,-0.0196533203125,4.64e-07,0.44379924905711204,0.5096435546875,0.2059228515625,0.0,0.5,0.16,0.0458330078125,0.0,0.0,0.0,1
956,95.60145538899997,7160.523795232,95599088,0,1,none,-0.107177734375,-0.1103515625,-0.1087646484375,-0.020751953125,4.64e-07,0.4429721174568965,0.505615234375,0.2055390625,0.0,0.5,0.16,0.0464248046875,0.0,0.0,0.0,1
957,95.70147571800044,7160.62379556,95699089,0,1,none,-0.10400390625,-0.1107177734375,-0.10736083984375,-0.0184326171875,4.56e-07,0.44913951137609653,0.5093994140625,0.2048076171875,0.0,0.5,0.16,0.0458779296875,0.0,0.0,0.0,1
958,95.80146811099985,7160.723795896,95799090,0,1,none,-0.1102294921875,-0.111328125,-0.11077880859375,-0.0213623046875,4.64e-07,0.4445884967672413,0.507080078125,0.2062890625,0.0,0.5,0.16,0.043474609375,0.0,0.0,0.0,1
959,95.9014680399996,7160.823794232,95899089,0,1,none,-0.107177734375,-0.1085205078125,-0.10784912109375,-0.0191650390625,4.64e-07,0.4445464035560345,0.51025390625,0.20626953125,0.0,0.5,0.16,0.0463896484375,0.0,0.0,0.0,1
960,96.00145563800015,7160.923795568,95999091,0,1,none,-0.10791015625,-0.1097412109375,-0.10882568359375,-0.0206298828125,4.64e-07,0.4451020339439655,0.5137939453125,0.20652734375,0.0,0.5,0.16,0.046614257812500004,0.0,0.0,0.0,1
961,96.10146060100033,7161.023796896,96099093,0,1,none,-0.1064453125,-0.110595703125,-0.1085205078125,-0.0198974609375,4.56e-07,0.4498119688870614,0.5072021484375,0.2051142578125,0.0,0.5,0.16,0.0468125,0.0,0.0,0.0,1
962,96.20146038599978,7161.123796232,96199093,0,1,none,-0.1046142578125,-0.111083984375,-0.10784912109375,-0.019287109375,4.56e-07,0.4496149431195175,0.5052490234375,0.2050244140625,0.0,0.5,0.16,0.0451591796875,0.0,0.0,0.0,1
963,96.30146415499985,7161.223794568,96299092,0,1,none,-0.1087646484375,-0.1104736328125,-0.109619140625,-0.0196533203125,4.64e-07,0.44418650660021547,0.5096435546875,0.2061025390625,0.0,0.5,0.16,0.0452890625,0.0,0.0,0.0,1
964,96.401460649,7161.323799904,96399098,0,1,none,-0.1072998046875,-0.11083984375,-0.10906982421875,-0.01953125,4.64e-07,0.4441907159213362,0.506591796875,0.20610449218750002,0.0,0.5,0.16,0.0461669921875,0.0,0.0,0.0,1
965,96.50145719099964,7161.42380124,96499100,0,1,none,-0.1065673828125,-0.10986328125,-0.10821533203125,-0.0196533203125,4.64e-07,0.4432057347790948,0.510986328125,0.2056474609375,0.0,0.5,0.16,0.046376953125,0.0,0.0,0.0,1
966,96.60147996199976,7161.523804568,96599104,0,1,none,-0.1065673828125,-0.110595703125,-0.10858154296875,-0.0206298828125,4.56e-07,0.45138817502741224,0.5130615234375,0.2058330078125,0.0,0.5,0.16,0.045533203125,0.0,0.0,0.0,1
967,96.70147162600006,7161.623802904,96699103,0,1,none,-0.1070556640625,-0.1107177734375,-0.10888671875,-0.0213623046875,4.56e-07,0.44909882127192985,0.511474609375,0.2047890625,0.0,0.5,0.16,0.0446142578125,0.0,0.0,0.0,1
968,96.80150680499992,7161.72381524,96799116,0,1,none,-0.109130859375,-0.111083984375,-0.110107421875,-0.020751953125,4.64e-07,0.4454640355603448,0.5096435546875,0.2066953125,0.0,0.5,0.16,0.0450341796875,0.0,0.0,0.0,1
969,96.901478795,7161.823808576,96899110,0,1,none,-0.108642578125,-0.1121826171875,-0.11041259765625,-0.0205078125,4.64e-07,0.4450157428609914,0.5089111328125,0.2064873046875,0.0,0.5,0.16,0.0466591796875,0.0,0.0,0.0,1
970,97.00147165300041,7161.923807912,96999110,0,1,none,-0.1075439453125,-0.1116943359375,-0.109619140625,-0.0203857421875,4.64e-07,0.44356563173491376,0.50634765625,0.205814453125,0.0,0.5,0.16,0.04665234375,0.0,0.0,0.0,1
971,97.10146727699976,7162.02380824,97099111,0,1,none,-0.105712890625,-0.1112060546875,-0.10845947265625,-0.0196533203125,4.56e-07,0.4493215460526316,0.5054931640625,0.204890625,0.0,0.5,0.16,0.045142578125,0.0,0.0,0.0,1
972,97.20146995699997,7162.123807576,97199111,0,1,none,-0.1053466796875,-0.11181640625,-0.10858154296875,-0.0201416015625,4.56e-07,0.44905170641447373,0.5081787109375,0.20476757812500002,0.0,0.5,0.16,0.0456494140625,0.0,0.0,0.0,1
973,97.30145808399993,7162.223808912,97299113,0,1,none,-0.1102294921875,-0.1114501953125,-0.11083984375,-0.0211181640625,4.64e-07,0.4437361092403017,0.5074462890625,0.2058935546875,0.0,0.5,0.16,0.0446083984375,0.0,0.0,0.0,1
974,97.40146116899996,7162.323812248,97399117,0,1,none,-0.1083984375,-0.1114501953125,-0.10992431640625,-0.0203857421875,4.64e-07,0.4425448713631465,0.504638671875,0.2053408203125,0.0,0.5,0.16,0.045944335937500004,0.0,0.0,0.0,1
975,97.50146777900045,7162.423812584,97499118,0,1,none,-0.106689453125,-0.1097412109375,-0.10821533203125,-0.01953125,4.64e-07,0.44079589843749994,0.5057373046875,0.20452929687500002,0.0,0.5,0.16,0.046432617187500004,0.0,0.0,0.0,1
976,97.60146528699988,7162.523818912,97599125,0,1,none,-0.107177734375,-0.1124267578125,-0.10980224609375,-0.0208740234375,4.56e-07,0.4475997121710526,0.5079345703125,0.20410546875,0.0,0.5,0.16,0.044119140625000004,0.0,0.0,0.0,1
977,97.70147072100008,7162.623815248,97699122,0,1,none,-0.103515625,-0.111328125,-0.107421875,-0.0191650390625,4.56e-07,0.44708573190789475,0.502685546875,0.20387109375,0.0,0.5,0.16,0.044205078125,0.0,0.0,0.0,1
978,97.80146308999974,7162.723815584,97799123,0,1,none,-0.109130859375,-0.1104736328125,-0.10980224609375,-0.020751953125,4.64e-07,0.44449168238146547,0.509765625,0.20624414062500002,0.0,0.5,0.16,0.0441533203125,0.0,0.0,0.0,1
979,97.90147418499964,7162.82381692,97899125,0,1,none,-0.107177734375,-0.111572265625,-0.109375,-0.018798828125,4.64e-07,0.440924282731681,0.5052490234375,0.2045888671875,0.0,0.5,0.16,0.045512695312500004,0.0,0.0,0.0,1
980,98.00145930599956,7162.923818256,97999127,0,1,none,-0.10791015625,-0.1090087890625,-0.10845947265625,-0.020751953125,4.64e-07,0.4407453865840517,0.512451171875,0.20450585937500002,0.0,0.5,0.16,0.044455078125,0.0,0.0,0.0,1
981,98.10146466199967,7163.023819584,98099129,0,1,none,-0.10791015625,-0.1124267578125,-0.11016845703125,-0.0216064453125,4.56e-07,0.4495035807291667,0.507080078125,0.2049736328125,0.0,0.5,0.16,0.045373046875,0.0,0.0,0.0,1
982,98.2014651010004,7163.12381992,98199130,0,1,none,-0.105224609375,-0.1103515625,-0.1077880859375,-0.0205078125,4.56e-07,0.4469336794133772,0.5008544921875,0.2038017578125,0.0,0.5,0.16,0.043421875,0.0,0.0,0.0,1
983,98.3014630710004,7163.223820256,98299131,0,1,none,-0.108154296875,-0.10986328125,-0.1090087890625,-0.0198974609375,4.64e-07,0.4423196726831896,0.506591796875,0.205236328125,0.0,0.5,0.16,0.0444208984375,0.0,0.0,0.0,1
984,98.40146409200042,7163.323820592,98399132,0,1,none,-0.1103515625,-0.111083984375,-0.1107177734375,-0.0224609375,4.64e-07,0.4440475990032327,0.5074462890625,0.2060380859375,0.0,0.5,0.16,0.045546875,0.0,0.0,0.0,1
985,98.50146791499992,7163.423822928,98499135,0,1,none,-0.1085205078125,-0.110595703125,-0.10955810546875,-0.021240234375,4.64e-07,0.44494628906249994,0.5096435546875,0.206455078125,0.0,0.5,0.16,0.0466064453125,0.0,0.0,0.0,1
986,98.60146433099999,7163.523825256,98599138,0,1,none,-0.1064453125,-0.111572265625,-0.1090087890625,-0.02001953125,4.56e-07,0.450353789747807,0.5098876953125,0.205361328125,0.0,0.5,0.16,0.0461357421875,0.0,0.0,0.0,1
987,98.70146149399989,7163.623825592,98699139,0,1,none,-0.106201171875,-0.111572265625,-0.10888671875,-0.020751953125,4.56e-07,0.44978626987390347,0.5050048828125,0.2051025390625,0.0,0.5,0.16,0.0443955078125,0.0,0.0,0.0,1
988,98.8014776050004,7163.723829928,98799144,0,1,none,-0.1099853515625,-0.1109619140625,-0.1104736328125,-0.0211181640625,4.64e-07,0.4453482792295258,0.5203857421875,0.2066416015625,0.0,0.5,0.16,0.0441767578125,0.0,0.0,0.0,1
989,98.90146187699975,7163.823828264,98899143,0,1,none,-0.1070556640625,-0.1102294921875,-0.108642578125,-0.01904296875,4.64e-07,0.44409179687499994,0.5152587890625,0.20605859375,0.0,0.5,0.16,0.046540039062500003,0.0,0.0,0.0,1
990,99.00147042499975,7163.9238306,98999146,0,1,none,-0.1075439453125,-0.112060546875,-0.10980224609375,-0.0205078125,4.64e-07,0.4453482792295258,0.50927734375,0.2066416015625,0.0,0.5,0.16,0.046470703125,0.0,0.0,0.0,1
991,99.10146076300043,7164.023831928,99099148,0,1,none,-0.10498046875,-0.111328125,-0.108154296875,-0.018798828125,4.56e-07,0.4499254728618421,0.5074462890625,0.205166015625,0.0,0.5,0.16,0.0454990234375,0.0,0.0,0.0,1
992,99.20147640300002,7164.123834264,99199151,0,1,none,-0.1063232421875,-0.1114501953125,-0.10888671875,-0.0211181640625,4.56e-07,0.4469722279331141,0.5067138671875,0.2038193359375,0.0,0.5,0.16,0.04549609375,0.0,0.0,0.0,1
993,99.30146472500019,7164.2238346,99299152,0,1,none,-0.1085205078125,-0.10888671875,-0.10870361328125,-0.019775390625,4.64e-07,0.44445379849137934,0.517333984375,0.20622656250000002,0.0,0.5,0.16,0.044360351562500004,0.0,0.0,0.0,1
994,99.40147924299981,7164.323832936,99399151,0,1,none,-0.1082763671875,-0.1082763671875,-0.1082763671875,-0.0203857421875,4.64e-07,0.4441928205818965,0.5108642578125,0.20610546875,0.0,0.5,0.16,0.045813476562500004,0.0,0.0,0.0,1
995,99.5014619880003,7164.423835272,99499154,0,1,none,-0.107421875,-0.1119384765625,-0.10968017578125,-0.0203857421875,4.64e-07,0.4416104020743535,0.503173828125,0.20490722656250002,0.0,0.5,0.16,0.0455419921875,0.0,0.0,0.0,1
996,99.60146105900003,7164.5238406,99599160,0,1,none,-0.106689453125,-0.1104736328125,-0.10858154296875,-0.020263671875,4.56e-07,0.4479530736019737,0.504638671875,0.2042666015625,0.0,0.5,0.16,0.0449921875,0.0,0.0,0.0,1
997,99.70147075000023,7164.623837936,99699158,0,1,none,-0.1031494140625,-0.110107421875,-0.10662841796875,-0.0184326171875,4.56e-07,0.44523111979166663,0.501708984375,0.203025390625,0.0,0.5,0.16,0.044414062500000004,0.0,0.0,0.0,1
998,99.8014616520004,7164.723839272,99799160,0,1,none,-0.1077880859375,-0.1103515625,-0.10906982421875,-0.0198974609375,4.64e-07,0.4428984543372845,0.51318359375,0.2055048828125,0.0,0.5,0.16,0.04309375,0.0,0.0,0.0,1
999,99.90146448799987,7164.823837608,99899159,0,1,none,-0.106201171875,-0.1116943359375,-0.10894775390625,-0.0184326171875,4.64e-07,0.4446684738685344,0.5123291015625,0.206326171875,0.0,0.5,0.16,0.046181640625,0.0,0.0,0.0,1
